claim_id,line_no,line_control_number,patient_control_number,pat_id,cpt_code,cpt_type,revenue_code,modifier1,modifier2,modifier3,modifier4,original_procedure_code,unit_count,charge_amount,paid_amount,date_start,date_end,payment_date,production_date,icd_10,icd_10_codes,group_codes_csv,carc_codes_csv,carc_code1,carc_code2,rarc_csv,rarc_code1,rarc_code2,sarts1,sarts2,rarts1,rarts2,payer_name,payer_type,claim_status_text,claim_charge_amount,claim_payment_amount,payment_percentage,service_provider_identifier,patient_age_years,patient_age_months
1,1,1,13455,10368,99213,sick_visit,HC,25,,,,,0,150,33.25,03-07-2025,03-07-2025,19-08-2025,11-08-2025,"{""icd_10"": {""1"": ""R05.1"", ""2"": ""J30.9""}, ""procedures"": {""1"": ""1"", ""2"": ""2""}, ""actual_procedures"": {""1"": ""R05.1"", ""2"": ""J30.9""}}",1: R05.1 | 2: J30.9,"CO,PR","45,3",45,3,,,,45,3,,,UMR STATE OF NEVADA PEBP,private,PRIMARY,229.38,48.47,0.21,1073015541,5,71
1,2,2,13455,10368,94010,respiratory,HC,59,,,,,0,64.38,15.22,03-07-2025,03-07-2025,19-08-2025,11-08-2025,"{""icd_10"": {""1"": ""R05.1"", ""2"": ""J30.9""}, ""procedures"": {""1"": ""1"", ""2"": ""2""}, ""actual_procedures"": {""1"": ""R05.1"", ""2"": ""J30.9""}}",1: R05.1 | 2: J30.9,"CO,PR","45,2",45,2,,,,45,2,,,UMR STATE OF NEVADA PEBP,private,PRIMARY,229.38,48.47,0.21,1073015541,5,71
1,3,3,13455,10368,94760,respiratory,HC,59,,,,,0,15,0,03-07-2025,03-07-2025,19-08-2025,11-08-2025,"{""icd_10"": {""1"": ""R05.1"", ""2"": ""J30.9""}, ""procedures"": {""1"": ""1"", ""2"": ""2""}, ""actual_procedures"": {""1"": ""R05.1"", ""2"": ""J30.9""}}",1: R05.1 | 2: J30.9,PI,B10,B10,,,,,B10,,,,UMR STATE OF NEVADA PEBP,private,PRIMARY,229.38,48.47,0.21,1073015541,5,71
2,1,1,36127,51233,99214,sick_visit,HC,,,,,,0,215,0,14-07-2025,14-07-2025,21-08-2025,13-08-2025,"{""icd_10"": {""1"": ""M25.521"", ""2"": ""Z02.5""}, ""procedures"": {""1"": ""1"", ""2"": ""2""}, ""actual_procedures"": {""1"": ""M25.521"", ""2"": ""Z02.5""}, ""icd_10_procedures_mismatch"": false}",1: M25.521 | 2: Z02.5,PR,96,96,,N130,N130,,96,,N130,,UMR,private,PRIMARY,215,0,0,1861707069,12,155
3,1,1,36081,51187,99213,sick_visit,HC,25,,,,,0,150,1.93,21-07-2025,21-07-2025,21-08-2025,15-08-2025,"{""icd_10"": {""1"": ""Z00.129"", ""2"": ""Z23"", ""3"": ""B37.83""}, ""procedures"": {""1"": ""3""}, ""actual_procedures"": {""1"": ""B37.83""}}",1: B37.83,"CO,PR","45,3",45,3,,,,45,3,,,UNITEDHEALTHCARE,private,PRIMARY,455,147.72,0.32,1073015541,0,1
3,2,2,36081,51187,99391,well_visit,HC,25,,,,,0,200,99.05,21-07-2025,21-07-2025,21-08-2025,15-08-2025,"{""icd_10"": {""1"": ""Z00.129"", ""2"": ""Z23"", ""3"": ""B37.83""}, ""procedures"": {""1"": ""1""}, ""actual_procedures"": {""1"": ""Z00.129""}}",1: Z00.129,CO,45,45,,,,,45,,,,UNITEDHEALTHCARE,private,PRIMARY,455,147.72,0.32,1073015541,0,1
3,3,3,36081,51187,90744,vaccine,HC,,,,,,0,80,32.3,21-07-2025,21-07-2025,21-08-2025,15-08-2025,"{""icd_10"": {""1"": ""Z00.129"", ""2"": ""Z23"", ""3"": ""B37.83""}, ""procedures"": {""1"": ""2""}, ""actual_procedures"": {""1"": ""Z23""}}",1: Z23,CO,45,45,,,,,45,,,,UNITEDHEALTHCARE,private,PRIMARY,455,147.72,0.32,1073015541,0,1
3,4,4,36081,51187,90460,vaccine_administration,HC,,,,,,0,25,14.44,21-07-2025,21-07-2025,21-08-2025,15-08-2025,"{""icd_10"": {""1"": ""Z00.129"", ""2"": ""Z23"", ""3"": ""B37.83""}, ""procedures"": {""1"": ""2""}, ""actual_procedures"": {""1"": ""Z23""}}",1: Z23,CO,45,45,,,,,45,,,,UNITEDHEALTHCARE,private,PRIMARY,455,147.72,0.32,1073015541,0,1
4,1,2,36108,51214,99392,well_visit,HC,25,,,,,0,220,105.35,21-07-2025,21-07-2025,21-08-2025,15-08-2025,"{""icd_10"": {""1"": ""Z00.129"", ""2"": ""Z23""}, ""procedures"": {""1"": ""1""}, ""actual_procedures"": {""1"": ""Z00.129""}}",1: Z00.129,CO,45,45,,,,,45,,,,UNITEDHEALTHCARE,private,PRIMARY,775,482.56,0.62,1073015541,3,41
4,2,6,36108,51214,90460,vaccine_administration,HC,,,,,,0,75,43.32,21-07-2025,21-07-2025,21-08-2025,15-08-2025,"{""icd_10"": {""1"": ""Z00.129"", ""2"": ""Z23""}, ""procedures"": {""1"": ""2""}, ""actual_procedures"": {""1"": ""Z23""}}",1: Z23,CO,45,45,,,,,45,,,,UNITEDHEALTHCARE,private,PRIMARY,775,482.56,0.62,1073015541,3,41
4,3,7,36108,51214,90671,vaccine,HC,,,,,,0,300,259,21-07-2025,21-07-2025,21-08-2025,15-08-2025,"{""icd_10"": {""1"": ""Z00.129"", ""2"": ""Z23""}, ""procedures"": {""1"": ""2""}, ""actual_procedures"": {""1"": ""Z23""}}",1: Z23,CO,45,45,,,,,45,,,,UNITEDHEALTHCARE,private,PRIMARY,775,482.56,0.62,1073015541,3,41
4,4,8,36108,51214,90648,vaccine,HC,,,,,,0,80,15.02,21-07-2025,21-07-2025,21-08-2025,15-08-2025,"{""icd_10"": {""1"": ""Z00.129"", ""2"": ""Z23""}, ""procedures"": {""1"": ""2""}, ""actual_procedures"": {""1"": ""Z23""}}",1: Z23,CO,45,45,,,,,45,,,,UNITEDHEALTHCARE,private,PRIMARY,775,482.56,0.62,1073015541,3,41
4,5,9,36108,51214,90700,vaccine,HC,,,,,,0,50,33.89,21-07-2025,21-07-2025,21-08-2025,15-08-2025,"{""icd_10"": {""1"": ""Z00.129"", ""2"": ""Z23""}, ""procedures"": {""1"": ""2""}, ""actual_procedures"": {""1"": ""Z23""}}",1: Z23,CO,45,45,,,,,45,,,,UNITEDHEALTHCARE,private,PRIMARY,775,482.56,0.62,1073015541,3,41
4,6,10,36108,51214,90461,vaccine,HC,,,,,,0,50,25.98,21-07-2025,21-07-2025,21-08-2025,15-08-2025,"{""icd_10"": {""1"": ""Z00.129"", ""2"": ""Z23""}, ""procedures"": {""1"": ""2""}, ""actual_procedures"": {""1"": ""Z23""}}",1: Z23,CO,45,45,,,,,45,,,,UNITEDHEALTHCARE,private,PRIMARY,775,482.56,0.62,1073015541,3,41
5,1,1,13455,10368,99393,well_visit,HC,,,,,,0,230,70,25-07-2025,25-07-2025,26-08-2025,18-08-2025,"{""icd_10"": {""1"": ""Z00.129"", ""2"": ""Z71.3"", ""3"": ""Z71.82"", ""4"": ""Z68.52""}, ""procedures"": {""1"": ""1"", ""2"": ""2"", ""3"": ""3"", ""4"": ""4""}, ""actual_procedures"": {""1"": ""Z00.129"", ""2"": ""Z71.3"", ""3"": ""Z71.82"", ""4"": ""Z68.52""}}","1: Z00.129 | 2: Z71.3
3: Z71.82 | 4: Z68.52",CO,45,45,,,,,45,,,,UMR STATE OF NEVADA PEBP,private,PRIMARY,230,70,0.3,1861707069,6,72
6,1,2,1024,14066,99393,well_visit,HC,,,,,,0,230,70,24-07-2025,24-07-2025,26-08-2025,18-08-2025,"{""icd_10"": {""1"": ""Z00.129"", ""2"": ""Z71.3"", ""3"": ""Z71.82"", ""4"": ""Z68.54""}, ""procedures"": {""1"": ""1"", ""2"": ""2"", ""3"": ""3"", ""4"": ""4""}, ""actual_procedures"": {""1"": ""Z00.129"", ""2"": ""Z71.3"", ""3"": ""Z71.82"", ""4"": ""Z68.54""}}","1: Z00.129 | 2: Z71.3
3: Z71.82 | 4: Z68.54",CO,45,45,,,,,45,,,,UMR STATE OF NEVADA PEBP,private,PRIMARY,230,70,0.3,1861707069,7,92
7,1,1,18101,16916,99213,sick_visit,HC,,,,,,0,150,0,13-08-2025,13-08-2025,26-08-2025,21-08-2025,,,PR,50,50,,N661,N661,,50,,N661,,AETNA,private,PRIMARY,150,0,0,1598407686,12,151
8,1,2,15178,16624,99394,well_visit,HC,,,,,,1,260,76.25,17-07-2025,17-07-2025,26-08-2025,21-08-2025,"{""icd_10"": {""1"": ""Z00.129"", ""2"": ""Z71.3"", ""3"": ""Z71.82"", ""4"": ""L60.3""}, ""procedures"": {""1"": ""1"", ""2"": ""2"", ""3"": ""3"", ""4"": ""4""}, ""actual_procedures"": {""1"": ""Z00.129"", ""2"": ""Z71.3"", ""3"": ""Z71.82"", ""4"": ""L60.3""}}","1: Z00.129 | 2: Z71.3
3: Z71.82 | 4: L60.3",CO,45,45,,,,,45,,,,AETNA,private,PRIMARY,260,76.25,0.29,1598407686,13,159
9,1,1,3032025523,17148,99392,well_visit,HC,25,,,,,0,220,0,24-07-2025,24-07-2025,16-08-2025,16-08-2025,,,"CO,PR","45,1",45,1,M16,M16,,45,1,M16,,CIGNA HEALTH AND LIFE INSURANCE COMPANY,private,PRIMARY,1053.04,0,0,1861707069,1,21
9,2,2,3032025523,17148,99212,,HC,25,,,,,0,95,0,24-07-2025,24-07-2025,16-08-2025,16-08-2025,,,"CO,PR","45,1",45,1,M16,M16,,45,1,M16,,CIGNA HEALTH AND LIFE INSURANCE COMPANY,private,PRIMARY,1053.04,0,0,1861707069,1,21
9,3,3,3032025523,17148,96110,procedure,HC,59,,,,,0,14.8,0,24-07-2025,24-07-2025,16-08-2025,16-08-2025,,,"CO,PR","45,1",45,1,M16,M16,,45,1,M16,,CIGNA HEALTH AND LIFE INSURANCE COMPANY,private,PRIMARY,1053.04,0,0,1861707069,1,21
9,4,4,3032025523,17148,90460,vaccine_administration,HC,,,,,,0,100,0,24-07-2025,24-07-2025,16-08-2025,16-08-2025,,,"CO,PR","45,1",45,1,M16,M16,,45,1,M16,,CIGNA HEALTH AND LIFE INSURANCE COMPANY,private,PRIMARY,1053.04,0,0,1861707069,1,21
9,5,5,3032025523,17148,99188,procedure,HC,,,,,,0,40,0,24-07-2025,24-07-2025,16-08-2025,16-08-2025,,,"CO,PR","45,1",45,1,M16,M16,,45,1,M16,,CIGNA HEALTH AND LIFE INSURANCE COMPANY,private,PRIMARY,1053.04,0,0,1861707069,1,21
9,6,6,3032025523,17148,85018,poc,HC,QW,,,,,0,3.24,0,24-07-2025,24-07-2025,16-08-2025,16-08-2025,,,PR,1,1,,,,,1,,,,CIGNA HEALTH AND LIFE INSURANCE COMPANY,private,PRIMARY,1053.04,0,0,1861707069,1,21
9,7,7,3032025523,17148,90633,vaccine,HC,,,,,,0,100,0,24-07-2025,24-07-2025,16-08-2025,16-08-2025,,,"CO,PR","45,1",45,1,M16,M16,,45,1,M16,,CIGNA HEALTH AND LIFE INSURANCE COMPANY,private,PRIMARY,1053.04,0,0,1861707069,1,21
9,8,8,3032025523,17148,90700,vaccine,HC,,,,,,0,50,0,24-07-2025,24-07-2025,16-08-2025,16-08-2025,,,"CO,PR","45,1",45,1,M16,M16,,45,1,M16,,CIGNA HEALTH AND LIFE INSURANCE COMPANY,private,PRIMARY,1053.04,0,0,1861707069,1,21
9,9,9,3032025523,17148,90648,vaccine,HC,,,,,,0,80,0,24-07-2025,24-07-2025,16-08-2025,16-08-2025,,,"CO,PR","45,1",45,1,M16,M16,,45,1,M16,,CIGNA HEALTH AND LIFE INSURANCE COMPANY,private,PRIMARY,1053.04,0,0,1861707069,1,21
9,10,10,3032025523,17148,90671,vaccine,HC,,,,,,0,300,0,24-07-2025,24-07-2025,16-08-2025,16-08-2025,,,"CO,PR","45,1",45,1,M16,M16,,45,1,M16,,CIGNA HEALTH AND LIFE INSURANCE COMPANY,private,PRIMARY,1053.04,0,0,1861707069,1,21
9,11,11,3032025523,17148,90461,vaccine,HC,,,,,,0,50,0,24-07-2025,24-07-2025,16-08-2025,16-08-2025,,,"CO,PR","45,1",45,1,M16,M16,,45,1,M16,,CIGNA HEALTH AND LIFE INSURANCE COMPANY,private,PRIMARY,1053.04,0,0,1861707069,1,21
10,1,1,12391,9425,99213,sick_visit,HC,,,,,,1,150,33.44,17-07-2025,17-07-2025,22-08-2025,20-08-2025,,,"CO,PR","45,3",45,3,,,,45,3,,,CIGNA HEALTH AND LIFE INSURANCE COMPANY,private,PRIMARY,150,33.44,0.22,1861707069,9,111
11,1,1,205778,17163,99213,sick_visit,HC,,,,,,1,150,40.18,24-07-2025,24-07-2025,26-08-2025,26-08-2025,"{""icd_10"": {""1"": ""F90.9""}, ""procedures"": {""1"": ""1""}, ""actual_procedures"": {""1"": ""F90.9""}}",1: F90.9,"CO,PR","45,3",45,3,,,,45,3,,,AMBETTER,private,PRIMARY,150,40.18,0.27,1861707069,7,86
12,1,3,35707,50813,99213,sick_visit,HC,25,,,,,0,150,0,08-07-2025,08-07-2025,21-08-2025,19-08-2025,"{""icd_10"": {""1"": ""Z00.129"", ""2"": ""Z71.3"", ""3"": ""L98.9"", ""4"": ""Z68.52"", ""5"": ""Z29.3""}, ""procedures"": {""1"": ""3""}, ""actual_procedures"": {""1"": ""L98.9""}}",1: L98.9,"CO,CO","197,45",197,45,,,,197,45,,,"HEALTH PLAN OF NEVADA, INC",mco_medicaid,PRIMARY,410,98,0.24,1861707069,2,34
12,2,2,35707,50813,99188,procedure,HC,,,,,,1,40,28,08-07-2025,08-07-2025,21-08-2025,19-08-2025,"{""icd_10"": {""1"": ""Z00.129"", ""2"": ""Z71.3"", ""3"": ""L98.9"", ""4"": ""Z68.52"", ""5"": ""Z29.3""}, ""procedures"": {""1"": ""5""}, ""actual_procedures"": {""1"": ""Z29.3""}}",1: Z29.3,CO,45,45,,,,,45,,,,"HEALTH PLAN OF NEVADA, INC",mco_medicaid,PRIMARY,410,98,0.24,1861707069,2,34
12,3,3,35707,50813,99392,well_visit,HC,25,,,,,1,220,70,08-07-2025,08-07-2025,21-08-2025,19-08-2025,"{""icd_10"": {""1"": ""Z00.129"", ""2"": ""Z71.3"", ""3"": ""L98.9"", ""4"": ""Z68.52"", ""5"": ""Z29.3""}, ""procedures"": {""1"": ""1"", ""2"": ""2"", ""3"": ""4""}, ""actual_procedures"": {""1"": ""Z00.129"", ""2"": ""Z71.3"", ""3"": ""Z68.52""}}","1: Z00.129 | 2: Z71.3
3: Z68.52",CO,45,45,,,,,45,,,,"HEALTH PLAN OF NEVADA, INC",mco_medicaid,PRIMARY,410,98,0.24,1861707069,2,34
13,1,1,125066,46,99393,well_visit,HC,EP,25,,,,1,230,109.25,08-07-2025,08-07-2025,21-08-2025,19-08-2025,"{""icd_10"": {""1"": ""Z00.129"", ""2"": ""Z71.3"", ""3"": ""Z71.82"", ""4"": ""L81.9"", ""5"": ""Z68.52""}, ""procedures"": {""1"": ""1"", ""2"": ""2"", ""3"": ""3"", ""4"": ""5""}, ""actual_procedures"": {""1"": ""Z00.129"", ""2"": ""Z71.3"", ""3"": ""Z71.82"", ""4"": ""Z68.52""}}","1: Z00.129 | 2: Z71.3
3: Z71.82 | 4: Z68.52",CO,45,45,,,,,45,,,,"HEALTH PLAN OF NEVADA, INC",mco_medicaid,PRIMARY,380,184.41,0.49,1861707069,9,108
13,2,5,125066,46,99213,sick_visit,HC,25,,,,,1,150,75.16,08-07-2025,08-07-2025,21-08-2025,19-08-2025,"{""icd_10"": {""1"": ""Z00.129"", ""2"": ""Z71.3"", ""3"": ""Z71.82"", ""4"": ""L81.9"", ""5"": ""Z68.52""}, ""procedures"": {""1"": ""4""}, ""actual_procedures"": {""1"": ""L81.9""}}",1: L81.9,CO,45,45,,,,,45,,,,"HEALTH PLAN OF NEVADA, INC",mco_medicaid,PRIMARY,380,184.41,0.49,1861707069,9,108
14,1,4,33502,48608,90715,vaccine,HC,,,,,,0,0,0,08-07-2025,08-07-2025,21-08-2025,19-08-2025,"{""icd_10"": {""1"": ""Z00.129"", ""2"": ""Z71.3"", ""3"": ""Z71.82"", ""4"": ""Z23"", ""5"": ""Z68.52"", ""6"": ""Z29.3""}, ""procedures"": {""1"": ""4""}, ""actual_procedures"": {""1"": ""Z23""}}",1: Z23,,,,,,,,,,,,"HEALTH PLAN OF NEVADA, INC",mco_medicaid,PRIMARY,420,226.84,0.54,1861707069,11,135
14,2,7,33502,48608,99393,well_visit,HC,EP,25,,,,1,230,109.25,08-07-2025,08-07-2025,21-08-2025,19-08-2025,"{""icd_10"": {""1"": ""Z00.129"", ""2"": ""Z71.3"", ""3"": ""Z71.82"", ""4"": ""Z23"", ""5"": ""Z68.52"", ""6"": ""Z29.3""}, ""procedures"": {""1"": ""1"", ""2"": ""2"", ""3"": ""3"", ""4"": ""5""}, ""actual_procedures"": {""1"": ""Z00.129"", ""2"": ""Z71.3"", ""3"": ""Z71.82"", ""4"": ""Z68.52""}}","1: Z00.129 | 2: Z71.3
3: Z71.82 | 4: Z68.52",CO,45,45,,,,,45,,,,"HEALTH PLAN OF NEVADA, INC",mco_medicaid,PRIMARY,420,226.84,0.54,1861707069,11,135
14,3,8,33502,48608,90619,vaccine,HC,,,,,,0,0,0,08-07-2025,08-07-2025,21-08-2025,19-08-2025,"{""icd_10"": {""1"": ""Z00.129"", ""2"": ""Z71.3"", ""3"": ""Z71.82"", ""4"": ""Z23"", ""5"": ""Z68.52"", ""6"": ""Z29.3""}, ""procedures"": {""1"": ""4""}, ""actual_procedures"": {""1"": ""Z23""}}",1: Z23,,,,,,,,,,,,"HEALTH PLAN OF NEVADA, INC",mco_medicaid,PRIMARY,420,226.84,0.54,1861707069,11,135
14,4,9,33502,48608,99188,procedure,HC,,,,,,1,40,12.92,08-07-2025,08-07-2025,21-08-2025,19-08-2025,"{""icd_10"": {""1"": ""Z00.129"", ""2"": ""Z71.3"", ""3"": ""Z71.82"", ""4"": ""Z23"", ""5"": ""Z68.52"", ""6"": ""Z29.3""}, ""procedures"": {""1"": ""6""}, ""actual_procedures"": {""1"": ""Z29.3""}}",1: Z29.3,CO,45,45,,,,,45,,,,"HEALTH PLAN OF NEVADA, INC",mco_medicaid,PRIMARY,420,226.84,0.54,1861707069,11,135
14,5,10,33502,48608,90651,vaccine,HC,,,,,,0,0,0,08-07-2025,08-07-2025,21-08-2025,19-08-2025,"{""icd_10"": {""1"": ""Z00.129"", ""2"": ""Z71.3"", ""3"": ""Z71.82"", ""4"": ""Z23"", ""5"": ""Z68.52"", ""6"": ""Z29.3""}, ""procedures"": {""1"": ""4""}, ""actual_procedures"": {""1"": ""Z23""}}",1: Z23,,,,,,,,,,,,"HEALTH PLAN OF NEVADA, INC",mco_medicaid,PRIMARY,420,226.84,0.54,1861707069,11,135
14,6,11,33502,48608,90460,vaccine_administration,HC,,,,,,3,75,69.99,08-07-2025,08-07-2025,21-08-2025,19-08-2025,"{""icd_10"": {""1"": ""Z00.129"", ""2"": ""Z71.3"", ""3"": ""Z71.82"", ""4"": ""Z23"", ""5"": ""Z68.52"", ""6"": ""Z29.3""}, ""procedures"": {""1"": ""4""}, ""actual_procedures"": {""1"": ""Z23""}}",1: Z23,CO,45,45,,,,,45,,,,"HEALTH PLAN OF NEVADA, INC",mco_medicaid,PRIMARY,420,226.84,0.54,1861707069,11,135
14,7,12,33502,48608,90472,vaccine_administration,HC,,,,,,3,75,34.68,08-07-2025,08-07-2025,21-08-2025,19-08-2025,"{""icd_10"": {""1"": ""Z00.129"", ""2"": ""Z71.3"", ""3"": ""Z71.82"", ""4"": ""Z23"", ""5"": ""Z68.52"", ""6"": ""Z29.3""}, ""procedures"": {""1"": ""4""}, ""actual_procedures"": {""1"": ""Z23""}}",1: Z23,CO,45,45,,,,,45,,,,"HEALTH PLAN OF NEVADA, INC",mco_medicaid,PRIMARY,420,226.84,0.54,1861707069,11,135
15,1,2,12905,5657,99213,sick_visit,HC,,,,,,1,150,75.16,01-07-2025,01-07-2025,21-08-2025,19-08-2025,"{""icd_10"": {""1"": ""Z63.5"", ""2"": ""F98.9""}, ""procedures"": {""1"": ""1"", ""2"": ""2""}, ""actual_procedures"": {""1"": ""Z63.5"", ""2"": ""F98.9""}}",1: Z63.5 | 2: F98.9,CO,45,45,,,,,45,,,,"HEALTH PLAN OF NEVADA, INC",mco_medicaid,PRIMARY,150,75.16,0.5,1861707069,10,129
16,1,5,1154123,16260,99395,well_visit,HC,EP,25,,,,0,275,0,07-08-2025,07-08-2025,21-08-2025,19-08-2025,"{""icd_10"": {""1"": ""Z00.00"", ""2"": ""Z30.02"", ""3"": ""M79.661"", ""4"": ""Z13.31""}, ""procedures"": {""1"": ""1""}, ""actual_procedures"": {""1"": ""Z00.00""}}",1: Z00.00,PR,27,27,,,,,27,,,,"HEALTH PLAN OF NEVADA, INC",mco_medicaid,PRIMARY,520.16,0,0,1861707069,18,218
16,2,15,1154123,16260,99401,Counseling - Preventive Counseling,HC,FP,,,,,0,70.16,0,07-08-2025,07-08-2025,21-08-2025,19-08-2025,"{""icd_10"": {""1"": ""Z00.00"", ""2"": ""Z30.02"", ""3"": ""M79.661"", ""4"": ""Z13.31""}, ""procedures"": {""1"": ""2""}, ""actual_procedures"": {""1"": ""Z30.02""}}",1: Z30.02,PR,27,27,,,,,27,,,,"HEALTH PLAN OF NEVADA, INC",mco_medicaid,PRIMARY,520.16,0,0,1861707069,18,218
16,3,16,1154123,16260,96127,procedure,HC,,,,,,0,25,0,07-08-2025,07-08-2025,21-08-2025,19-08-2025,"{""icd_10"": {""1"": ""Z00.00"", ""2"": ""Z30.02"", ""3"": ""M79.661"", ""4"": ""Z13.31""}, ""procedures"": {""1"": ""4""}, ""actual_procedures"": {""1"": ""Z13.31""}}",1: Z13.31,PR,27,27,,,,,27,,,,"HEALTH PLAN OF NEVADA, INC",mco_medicaid,PRIMARY,520.16,0,0,1861707069,18,218
16,4,17,1154123,16260,99213,sick_visit,HC,25,,,,,0,150,0,07-08-2025,07-08-2025,21-08-2025,19-08-2025,"{""icd_10"": {""1"": ""Z00.00"", ""2"": ""Z30.02"", ""3"": ""M79.661"", ""4"": ""Z13.31""}, ""procedures"": {""1"": ""3""}, ""actual_procedures"": {""1"": ""M79.661""}}",1: M79.661,PR,27,27,,,,,27,,,,"HEALTH PLAN OF NEVADA, INC",mco_medicaid,PRIMARY,520.16,0,0,1861707069,18,218
17,1,1,1133,16239,90460,vaccine_administration,HC,,,,,,3,75,63,19-05-2025,19-05-2025,25-08-2025,21-08-2025,"{""icd_10"": {""1"": ""Z00.129"", ""2"": ""Z71.3"", ""3"": ""F84.0"", ""4"": ""F80.89"", ""5"": ""R63.30"", ""6"": ""Z23"", ""7"": ""Z01.818"", ""8"": ""Z68.52"", ""9"": ""Z71.82""}, ""procedures"": {""1"": ""6""}, ""actual_procedures"": {""1"": ""Z23""}}",1: Z23,CO,45,45,,,,,45,,,,"HEALTH PLAN OF NEVADA, INC",mco_medicaid,PRIMARY,595,291.71,0.49,1861707069,4,50
17,2,2,1133,16239,90696,vaccine,HC,,,,,,0,0,0,19-05-2025,19-05-2025,25-08-2025,21-08-2025,"{""icd_10"": {""1"": ""Z00.129"", ""2"": ""Z71.3"", ""3"": ""F84.0"", ""4"": ""F80.89"", ""5"": ""R63.30"", ""6"": ""Z23"", ""7"": ""Z01.818"", ""8"": ""Z68.52"", ""9"": ""Z71.82""}, ""procedures"": {""1"": ""6""}, ""actual_procedures"": {""1"": ""Z23""}}",1: Z23,,,,,,,,,,,,"HEALTH PLAN OF NEVADA, INC",mco_medicaid,PRIMARY,595,291.71,0.49,1861707069,4,50
17,3,3,1133,16239,90716,vaccine,HC,,,,,,0,0,0,19-05-2025,19-05-2025,25-08-2025,21-08-2025,"{""icd_10"": {""1"": ""Z00.129"", ""2"": ""Z71.3"", ""3"": ""F84.0"", ""4"": ""F80.89"", ""5"": ""R63.30"", ""6"": ""Z23"", ""7"": ""Z01.818"", ""8"": ""Z68.52"", ""9"": ""Z71.82""}, ""procedures"": {""1"": ""6""}, ""actual_procedures"": {""1"": ""Z23""}}",1: Z23,,,,,,,,,,,,"HEALTH PLAN OF NEVADA, INC",mco_medicaid,PRIMARY,595,291.71,0.49,1861707069,4,50
17,4,4,1133,16239,90707,vaccine,HC,,,,,,0,0,0,19-05-2025,19-05-2025,25-08-2025,21-08-2025,"{""icd_10"": {""1"": ""Z00.129"", ""2"": ""Z71.3"", ""3"": ""F84.0"", ""4"": ""F80.89"", ""5"": ""R63.30"", ""6"": ""Z23"", ""7"": ""Z01.818"", ""8"": ""Z68.52"", ""9"": ""Z71.82""}, ""procedures"": {""1"": ""6""}, ""actual_procedures"": {""1"": ""Z23""}}",1: Z23,,,,,,,,,,,,"HEALTH PLAN OF NEVADA, INC",mco_medicaid,PRIMARY,595,291.71,0.49,1861707069,4,50
17,5,5,1133,16239,99392,well_visit,HC,EP,25,,,,1,220,98.67,19-05-2025,19-05-2025,25-08-2025,21-08-2025,"{""icd_10"": {""1"": ""Z00.129"", ""2"": ""Z71.3"", ""3"": ""F84.0"", ""4"": ""F80.89"", ""5"": ""R63.30"", ""6"": ""Z23"", ""7"": ""Z01.818"", ""8"": ""Z68.52"", ""9"": ""Z71.82""}, ""procedures"": {""1"": ""1"", ""2"": ""2"", ""3"": ""8"", ""4"": ""9""}, ""actual_procedures"": {""1"": ""Z00.129"", ""2"": ""Z71.3"", ""3"": ""Z68.52"", ""4"": ""Z71.82""}}","1: Z00.129 | 2: Z71.3
3: Z68.52 | 4: Z71.82",CO,45,45,,,,,45,,,,"HEALTH PLAN OF NEVADA, INC",mco_medicaid,PRIMARY,595,291.71,0.49,1861707069,4,50
17,6,6,1133,16239,90472,vaccine_administration,HC,,,,,,6,150,62.4,19-05-2025,19-05-2025,25-08-2025,21-08-2025,"{""icd_10"": {""1"": ""Z00.129"", ""2"": ""Z71.3"", ""3"": ""F84.0"", ""4"": ""F80.89"", ""5"": ""R63.30"", ""6"": ""Z23"", ""7"": ""Z01.818"", ""8"": ""Z68.52"", ""9"": ""Z71.82""}, ""procedures"": {""1"": ""6""}, ""actual_procedures"": {""1"": ""Z23""}}",1: Z23,CO,45,45,,,,,45,,,,"HEALTH PLAN OF NEVADA, INC",mco_medicaid,PRIMARY,595,291.71,0.49,1861707069,4,50
17,7,7,1133,16239,99213,sick_visit,HC,25,,,,,1,150,67.64,19-05-2025,19-05-2025,25-08-2025,21-08-2025,"{""icd_10"": {""1"": ""Z00.129"", ""2"": ""Z71.3"", ""3"": ""F84.0"", ""4"": ""F80.89"", ""5"": ""R63.30"", ""6"": ""Z23"", ""7"": ""Z01.818"", ""8"": ""Z68.52"", ""9"": ""Z71.82""}, ""procedures"": {""1"": ""3"", ""2"": ""4"", ""3"": ""5"", ""4"": ""7""}, ""actual_procedures"": {""1"": ""F84.0"", ""2"": ""F80.89"", ""3"": ""R63.30"", ""4"": ""Z01.818""}}","1: F84.0 | 2: F80.89
3: R63.30 | 4: Z01.818",CO,45,45,,,,,45,,,,"HEALTH PLAN OF NEVADA, INC",mco_medicaid,PRIMARY,595,291.71,0.49,1861707069,4,50
18,1,10,36098,51204,90651,vaccine,HC,,,,,,0,0.01,0,16-07-2025,16-07-2025,26-08-2025,24-08-2025,"{""icd_10"": {""1"": ""Z00.129"", ""2"": ""Z68.52"", ""3"": ""Z71.3"", ""4"": ""Z71.82"", ""5"": ""Z23"", ""6"": ""J06.0"", ""7"": ""Z02.5""}, ""procedures"": {""1"": ""5""}, ""actual_procedures"": {""1"": ""Z23""}}",1: Z23,CO,204,204,,,,,204,,,,"HEALTH PLAN OF NEVADA, INC",mco_medicaid,PRIMARY,480.01,238.48,0.5,1073015541,12,144
18,2,2,36098,51204,99173,diagnostic,HC,,,,,,0,20,0,16-07-2025,16-07-2025,26-08-2025,24-08-2025,"{""icd_10"": {""1"": ""Z00.129"", ""2"": ""Z68.52"", ""3"": ""Z71.3"", ""4"": ""Z71.82"", ""5"": ""Z23"", ""6"": ""J06.0"", ""7"": ""Z02.5""}, ""procedures"": {""1"": ""7""}, ""actual_procedures"": {""1"": ""Z02.5""}}",1: Z02.5,CO,A1,A1,,N19,N19,,A1,,N19,,"HEALTH PLAN OF NEVADA, INC",mco_medicaid,PRIMARY,480.01,238.48,0.5,1073015541,12,144
18,3,3,36098,51204,99213,sick_visit,HC,25,,,,,1,150,75.16,16-07-2025,16-07-2025,26-08-2025,24-08-2025,"{""icd_10"": {""1"": ""Z00.129"", ""2"": ""Z68.52"", ""3"": ""Z71.3"", ""4"": ""Z71.82"", ""5"": ""Z23"", ""6"": ""J06.0"", ""7"": ""Z02.5""}, ""procedures"": {""1"": ""6""}, ""actual_procedures"": {""1"": ""J06.0""}}",1: J06.0,CO,45,45,,,,,45,,,,"HEALTH PLAN OF NEVADA, INC",mco_medicaid,PRIMARY,480.01,238.48,0.5,1073015541,12,144
18,4,4,36098,51204,90460,vaccine_administration,HC,,,,,,1,25,23.33,16-07-2025,16-07-2025,26-08-2025,24-08-2025,"{""icd_10"": {""1"": ""Z00.129"", ""2"": ""Z68.52"", ""3"": ""Z71.3"", ""4"": ""Z71.82"", ""5"": ""Z23"", ""6"": ""J06.0"", ""7"": ""Z02.5""}, ""procedures"": {""1"": ""5""}, ""actual_procedures"": {""1"": ""Z23""}}",1: Z23,CO,45,45,,,,,45,,,,"HEALTH PLAN OF NEVADA, INC",mco_medicaid,PRIMARY,480.01,238.48,0.5,1073015541,12,144
18,5,5,36098,51204,99384,well_visit,HC,EP,25,,,,1,285,139.99,16-07-2025,16-07-2025,26-08-2025,24-08-2025,"{""icd_10"": {""1"": ""Z00.129"", ""2"": ""Z68.52"", ""3"": ""Z71.3"", ""4"": ""Z71.82"", ""5"": ""Z23"", ""6"": ""J06.0"", ""7"": ""Z02.5""}, ""procedures"": {""1"": ""1"", ""2"": ""2"", ""3"": ""3"", ""4"": ""4""}, ""actual_procedures"": {""1"": ""Z00.129"", ""2"": ""Z68.52"", ""3"": ""Z71.3"", ""4"": ""Z71.82""}}","1: Z00.129 | 2: Z68.52
3: Z71.3 | 4: Z71.82",CO,45,45,,,,,45,,,,"HEALTH PLAN OF NEVADA, INC",mco_medicaid,PRIMARY,480.01,238.48,0.5,1073015541,12,144
19,1,13,36151,51257,90700,vaccine,HC,,,,,,0,0.01,0,16-07-2025,16-07-2025,26-08-2025,24-08-2025,"{""icd_10"": {""1"": ""Z00.129"", ""2"": ""Z71.3"", ""3"": ""Z71.82"", ""4"": ""Z68.53"", ""5"": ""B08.1"", ""6"": ""G47.63"", ""7"": ""Z29.3"", ""8"": ""Z23""}, ""procedures"": {""1"": ""8""}, ""actual_procedures"": {""1"": ""Z23""}}",1: Z23,CO,204,204,,,,,204,,,,"HEALTH PLAN OF NEVADA, INC",mco_medicaid,PRIMARY,530.02,276.7,0.52,1073015541,4,51
19,2,7,36151,51257,99188,procedure,HC,,,,,,1,40,12.92,16-07-2025,16-07-2025,26-08-2025,24-08-2025,"{""icd_10"": {""1"": ""Z00.129"", ""2"": ""Z71.3"", ""3"": ""Z71.82"", ""4"": ""Z68.53"", ""5"": ""B08.1"", ""6"": ""G47.63"", ""7"": ""Z29.3"", ""8"": ""Z23""}, ""procedures"": {""1"": ""7""}, ""actual_procedures"": {""1"": ""Z29.3""}}",1: Z29.3,CO,45,45,,,,,45,,,,"HEALTH PLAN OF NEVADA, INC",mco_medicaid,PRIMARY,530.02,276.7,0.52,1073015541,4,51
19,3,8,36151,51257,99213,sick_visit,HC,25,,,,,1,150,75.16,16-07-2025,16-07-2025,26-08-2025,24-08-2025,"{""icd_10"": {""1"": ""Z00.129"", ""2"": ""Z71.3"", ""3"": ""Z71.82"", ""4"": ""Z68.53"", ""5"": ""B08.1"", ""6"": ""G47.63"", ""7"": ""Z29.3"", ""8"": ""Z23""}, ""procedures"": {""1"": ""5"", ""2"": ""6""}, ""actual_procedures"": {""1"": ""B08.1"", ""2"": ""G47.63""}}",1: B08.1 | 2: G47.63,CO,45,45,,,,,45,,,,"HEALTH PLAN OF NEVADA, INC",mco_medicaid,PRIMARY,530.02,276.7,0.52,1073015541,4,51
19,4,9,36151,51257,90713,vaccine,HC,,,,,,0,0.01,0,16-07-2025,16-07-2025,26-08-2025,24-08-2025,"{""icd_10"": {""1"": ""Z00.129"", ""2"": ""Z71.3"", ""3"": ""Z71.82"", ""4"": ""Z68.53"", ""5"": ""B08.1"", ""6"": ""G47.63"", ""7"": ""Z29.3"", ""8"": ""Z23""}, ""procedures"": {""1"": ""8""}, ""actual_procedures"": {""1"": ""Z23""}}",1: Z23,CO,204,204,,,,,204,,,,"HEALTH PLAN OF NEVADA, INC",mco_medicaid,PRIMARY,530.02,276.7,0.52,1073015541,4,51
19,5,10,36151,51257,90460,vaccine_administration,HC,,,,,,2,50,46.66,16-07-2025,16-07-2025,26-08-2025,24-08-2025,"{""icd_10"": {""1"": ""Z00.129"", ""2"": ""Z71.3"", ""3"": ""Z71.82"", ""4"": ""Z68.53"", ""5"": ""B08.1"", ""6"": ""G47.63"", ""7"": ""Z29.3"", ""8"": ""Z23""}, ""procedures"": {""1"": ""8""}, ""actual_procedures"": {""1"": ""Z23""}}",1: Z23,CO,45,45,,,,,45,,,,"HEALTH PLAN OF NEVADA, INC",mco_medicaid,PRIMARY,530.02,276.7,0.52,1073015541,4,51
19,6,11,36151,51257,90472,vaccine_administration,HC,,,,,,2,50,23.12,16-07-2025,16-07-2025,26-08-2025,24-08-2025,"{""icd_10"": {""1"": ""Z00.129"", ""2"": ""Z71.3"", ""3"": ""Z71.82"", ""4"": ""Z68.53"", ""5"": ""B08.1"", ""6"": ""G47.63"", ""7"": ""Z29.3"", ""8"": ""Z23""}, ""procedures"": {""1"": ""8""}, ""actual_procedures"": {""1"": ""Z23""}}",1: Z23,CO,45,45,,,,,45,,,,"HEALTH PLAN OF NEVADA, INC",mco_medicaid,PRIMARY,530.02,276.7,0.52,1073015541,4,51
19,7,12,36151,51257,99382,well_visit,HC,EP,25,,,,1,240,118.84,16-07-2025,16-07-2025,26-08-2025,24-08-2025,"{""icd_10"": {""1"": ""Z00.129"", ""2"": ""Z71.3"", ""3"": ""Z71.82"", ""4"": ""Z68.53"", ""5"": ""B08.1"", ""6"": ""G47.63"", ""7"": ""Z29.3"", ""8"": ""Z23""}, ""procedures"": {""1"": ""1"", ""2"": ""2"", ""3"": ""3"", ""4"": ""4""}, ""actual_procedures"": {""1"": ""Z00.129"", ""2"": ""Z71.3"", ""3"": ""Z71.82"", ""4"": ""Z68.53""}}","1: Z00.129 | 2: Z71.3
3: Z71.82 | 4: Z68.53",CO,45,45,,,,,45,,,,"HEALTH PLAN OF NEVADA, INC",mco_medicaid,PRIMARY,530.02,276.7,0.52,1073015541,4,51
20,1,16,29842,44948,99392,well_visit,HC,EP,,,,,1,220,109.63,10-07-2025,10-07-2025,26-08-2025,24-08-2025,"{""icd_10"": {""1"": ""Z00.129""}, ""procedures"": {""1"": ""1""}, ""actual_procedures"": {""1"": ""Z00.129""}}",1: Z00.129,CO,45,45,,,,,45,,,,"HEALTH PLAN OF NEVADA, INC",mco_medicaid,PRIMARY,220,109.63,0.5,1073015541,1,19
21,1,2,33806,48912,99213,sick_visit,HC,,,,,,1,150,75.16,15-07-2025,15-07-2025,26-08-2025,24-08-2025,"{""icd_10"": {""1"": ""L24.9"", ""2"": ""L29.9""}, ""procedures"": {""1"": ""1"", ""2"": ""2""}, ""actual_procedures"": {""1"": ""L24.9"", ""2"": ""L29.9""}}",1: L24.9 | 2: L29.9,CO,45,45,,,,,45,,,,"HEALTH PLAN OF NEVADA, INC",mco_medicaid,PRIMARY,150,75.16,0.5,1861707069,4,49
22,1,20,36070,51176,99391,well_visit,HC,EP,25,,,,1,200,102.7,09-07-2025,09-07-2025,26-08-2025,24-08-2025,"{""icd_10"": {""1"": ""Z00.129"", ""2"": ""Q38.1"", ""3"": ""B37.83"", ""4"": ""K59.00""}, ""procedures"": {""1"": ""1""}, ""actual_procedures"": {""1"": ""Z00.129""}}",1: Z00.129,CO,45,45,,,,,45,,,,"HEALTH PLAN OF NEVADA, INC",mco_medicaid,PRIMARY,350,177.86,0.51,1073015541,0,1
22,2,16,36070,51176,99213,sick_visit,HC,25,,,,,1,150,75.16,09-07-2025,09-07-2025,26-08-2025,24-08-2025,"{""icd_10"": {""1"": ""Z00.129"", ""2"": ""Q38.1"", ""3"": ""B37.83"", ""4"": ""K59.00""}, ""procedures"": {""1"": ""2"", ""2"": ""3"", ""3"": ""4""}, ""actual_procedures"": {""1"": ""Q38.1"", ""2"": ""B37.83"", ""3"": ""K59.00""}}","1: Q38.1 | 2: B37.83
3: K59.00",CO,45,45,,,,,45,,,,"HEALTH PLAN OF NEVADA, INC",mco_medicaid,PRIMARY,350,177.86,0.51,1073015541,0,1
23,1,21,303253,17115,99058,Walk-In,HC,59,,,,,1,50,20.67,09-07-2025,09-07-2025,26-08-2025,24-08-2025,"{""icd_10"": {""1"": ""L22"", ""2"": ""B37.2""}, ""procedures"": {""1"": ""1"", ""2"": ""2""}, ""actual_procedures"": {""1"": ""L22"", ""2"": ""B37.2""}}",1: L22 | 2: B37.2,CO,45,45,,,,,45,,,,"HEALTH PLAN OF NEVADA, INC",mco_medicaid,PRIMARY,200,95.83,0.48,1073015541,1,13
23,2,18,303253,17115,99213,sick_visit,HC,25,,,,,1,150,75.16,09-07-2025,09-07-2025,26-08-2025,24-08-2025,"{""icd_10"": {""1"": ""L22"", ""2"": ""B37.2""}, ""procedures"": {""1"": ""1"", ""2"": ""2""}, ""actual_procedures"": {""1"": ""L22"", ""2"": ""B37.2""}}",1: L22 | 2: B37.2,CO,45,45,,,,,45,,,,"HEALTH PLAN OF NEVADA, INC",mco_medicaid,PRIMARY,200,95.83,0.48,1073015541,1,13
24,1,5,1477211,16583,A7003,respiratory,HC,NU,,,,,1,4.54,2.38,15-07-2025,15-07-2025,26-08-2025,24-08-2025,"{""icd_10"": {""1"": ""J45.31"", ""2"": ""R05.9""}, ""procedures"": {""1"": ""1"", ""2"": ""2""}, ""actual_procedures"": {""1"": ""J45.31"", ""2"": ""R05.9""}}",1: J45.31 | 2: R05.9,CO,45,45,,,,,45,,,,"HEALTH PLAN OF NEVADA, INC",mco_medicaid,PRIMARY,312.78,99.58,0.32,1861707069,1,22
24,2,20,1477211,16583,94760,respiratory,HC,59,,,,,1,15,3.05,15-07-2025,15-07-2025,26-08-2025,24-08-2025,"{""icd_10"": {""1"": ""J45.31"", ""2"": ""R05.9""}, ""procedures"": {""1"": ""1"", ""2"": ""2""}, ""actual_procedures"": {""1"": ""J45.31"", ""2"": ""R05.9""}}",1: J45.31 | 2: R05.9,CO,45,45,,,,,45,,,,"HEALTH PLAN OF NEVADA, INC",mco_medicaid,PRIMARY,312.78,99.58,0.32,1861707069,1,22
24,3,21,1477211,16583,99213,sick_visit,HC,25,,,,,1,215,75.16,15-07-2025,15-07-2025,26-08-2025,24-08-2025,,,CO,45,45,,,,,45,,,,"HEALTH PLAN OF NEVADA, INC",mco_medicaid,PRIMARY,312.78,99.58,0.32,1861707069,1,22
24,4,22,1477211,16583,A7015,respiratory,HC,NU,,,,,1,3.24,1.7,15-07-2025,15-07-2025,26-08-2025,24-08-2025,"{""icd_10"": {""1"": ""J45.31"", ""2"": ""R05.9""}, ""procedures"": {""1"": ""1"", ""2"": ""2""}, ""actual_procedures"": {""1"": ""J45.31"", ""2"": ""R05.9""}}",1: J45.31 | 2: R05.9,CO,45,45,,,,,45,,,,"HEALTH PLAN OF NEVADA, INC",mco_medicaid,PRIMARY,312.78,99.58,0.32,1861707069,1,22
24,5,23,1477211,16583,94640,respiratory,HC,59,,,,,1,50,17.21,15-07-2025,15-07-2025,26-08-2025,24-08-2025,"{""icd_10"": {""1"": ""J45.31"", ""2"": ""R05.9""}, ""procedures"": {""1"": ""1"", ""2"": ""2""}, ""actual_procedures"": {""1"": ""J45.31"", ""2"": ""R05.9""}}",1: J45.31 | 2: R05.9,CO,45,45,,,,,45,,,,"HEALTH PLAN OF NEVADA, INC",mco_medicaid,PRIMARY,312.78,99.58,0.32,1861707069,1,22
24,6,24,1477211,16583,J7613,respiratory,HC,,,,,,1,25,0.08,15-07-2025,15-07-2025,26-08-2025,24-08-2025,"{""icd_10"": {""1"": ""J45.31"", ""2"": ""R05.9""}, ""procedures"": {""1"": ""1"", ""2"": ""2""}, ""actual_procedures"": {""1"": ""J45.31"", ""2"": ""R05.9""}}",1: J45.31 | 2: R05.9,CO,45,45,,,,,45,,,,"HEALTH PLAN OF NEVADA, INC",mco_medicaid,PRIMARY,312.78,99.58,0.32,1861707069,1,22
25,1,8,36091,51197,99213,sick_visit,HC,25,,,,,1,150,75.16,16-07-2025,16-07-2025,26-08-2025,24-08-2025,"{""icd_10"": {""1"": ""Z00.129"", ""2"": ""Z71.3"", ""3"": ""Z68.52"", ""4"": ""Z71.82"", ""5"": ""K42.9"", ""6"": ""Z23""}, ""procedures"": {""1"": ""5""}, ""actual_procedures"": {""1"": ""K42.9""}}",1: K42.9,CO,45,45,,,,,45,,,,"HEALTH PLAN OF NEVADA, INC",mco_medicaid,PRIMARY,395.01,208.12,0.53,1073015541,4,49
25,2,26,36091,51197,99392,well_visit,HC,EP,25,,,,1,220,109.63,16-07-2025,16-07-2025,26-08-2025,24-08-2025,"{""icd_10"": {""1"": ""Z00.129"", ""2"": ""Z71.3"", ""3"": ""Z68.52"", ""4"": ""Z71.82"", ""5"": ""K42.9"", ""6"": ""Z23""}, ""procedures"": {""1"": ""1"", ""2"": ""2"", ""3"": ""3"", ""4"": ""4""}, ""actual_procedures"": {""1"": ""Z00.129"", ""2"": ""Z71.3"", ""3"": ""Z68.52"", ""4"": ""Z71.82""}}","1: Z00.129 | 2: Z71.3
3: Z68.52 | 4: Z71.82",CO,45,45,,,,,45,,,,"HEALTH PLAN OF NEVADA, INC",mco_medicaid,PRIMARY,395.01,208.12,0.53,1073015541,4,49
25,3,27,36091,51197,90460,vaccine_administration,HC,,,,,,1,25,23.33,16-07-2025,16-07-2025,26-08-2025,24-08-2025,"{""icd_10"": {""1"": ""Z00.129"", ""2"": ""Z71.3"", ""3"": ""Z68.52"", ""4"": ""Z71.82"", ""5"": ""K42.9"", ""6"": ""Z23""}, ""procedures"": {""1"": ""6""}, ""actual_procedures"": {""1"": ""Z23""}}",1: Z23,CO,45,45,,,,,45,,,,"HEALTH PLAN OF NEVADA, INC",mco_medicaid,PRIMARY,395.01,208.12,0.53,1073015541,4,49
25,4,28,36091,51197,90671,vaccine,HC,,,,,,0,0.01,0,16-07-2025,16-07-2025,26-08-2025,24-08-2025,"{""icd_10"": {""1"": ""Z00.129"", ""2"": ""Z71.3"", ""3"": ""Z68.52"", ""4"": ""Z71.82"", ""5"": ""K42.9"", ""6"": ""Z23""}, ""procedures"": {""1"": ""6""}, ""actual_procedures"": {""1"": ""Z23""}}",1: Z23,CO,204,204,,,,,204,,,,"HEALTH PLAN OF NEVADA, INC",mco_medicaid,PRIMARY,395.01,208.12,0.53,1073015541,4,49
26,1,7,6427,401,90460,vaccine_administration,HC,,,,,,1,25,23.33,15-07-2025,15-07-2025,26-08-2025,24-08-2025,"{""icd_10"": {""1"": ""Z00.129"", ""2"": ""Z71.3"", ""3"": ""Z71.82"", ""4"": ""Z68.54"", ""5"": ""Z23"", ""6"": ""J45.909"", ""7"": ""Z02.5""}, ""procedures"": {""1"": ""5""}, ""actual_procedures"": {""1"": ""Z23""}}",1: Z23,CO,45,45,,,,,45,,,,"HEALTH PLAN OF NEVADA, INC",mco_medicaid,PRIMARY,455.01,217.91,0.48,1861707069,13,162
26,2,30,6427,401,99173,diagnostic,HC,,,,,,0,20,0,15-07-2025,15-07-2025,26-08-2025,24-08-2025,"{""icd_10"": {""1"": ""Z00.129"", ""2"": ""Z71.3"", ""3"": ""Z71.82"", ""4"": ""Z68.54"", ""5"": ""Z23"", ""6"": ""J45.909"", ""7"": ""Z02.5""}, ""procedures"": {""1"": ""7""}, ""actual_procedures"": {""1"": ""Z02.5""}}",1: Z02.5,CO,A1,A1,,N19,N19,,A1,,N19,,"HEALTH PLAN OF NEVADA, INC",mco_medicaid,PRIMARY,455.01,217.91,0.48,1861707069,13,162
26,3,31,6427,401,90651,vaccine,HC,,,,,,0,0.01,0,15-07-2025,15-07-2025,26-08-2025,24-08-2025,"{""icd_10"": {""1"": ""Z00.129"", ""2"": ""Z71.3"", ""3"": ""Z71.82"", ""4"": ""Z68.54"", ""5"": ""Z23"", ""6"": ""J45.909"", ""7"": ""Z02.5""}, ""procedures"": {""1"": ""5""}, ""actual_procedures"": {""1"": ""Z23""}}",1: Z23,CO,204,204,,,,,204,,,,"HEALTH PLAN OF NEVADA, INC",mco_medicaid,PRIMARY,455.01,217.91,0.48,1861707069,13,162
26,4,32,6427,401,99394,well_visit,HC,EP,25,,,,1,260,119.42,15-07-2025,15-07-2025,26-08-2025,24-08-2025,"{""icd_10"": {""1"": ""Z00.129"", ""2"": ""Z71.3"", ""3"": ""Z71.82"", ""4"": ""Z68.54"", ""5"": ""Z23"", ""6"": ""J45.909"", ""7"": ""Z02.5""}, ""procedures"": {""1"": ""1"", ""2"": ""2"", ""3"": ""3"", ""4"": ""4""}, ""actual_procedures"": {""1"": ""Z00.129"", ""2"": ""Z71.3"", ""3"": ""Z71.82"", ""4"": ""Z68.54""}}","1: Z00.129 | 2: Z71.3
3: Z71.82 | 4: Z68.54",CO,45,45,,,,,45,,,,"HEALTH PLAN OF NEVADA, INC",mco_medicaid,PRIMARY,455.01,217.91,0.48,1861707069,13,162
26,5,33,6427,401,99213,sick_visit,HC,25,,,,,1,150,75.16,15-07-2025,15-07-2025,26-08-2025,24-08-2025,"{""icd_10"": {""1"": ""Z00.129"", ""2"": ""Z71.3"", ""3"": ""Z71.82"", ""4"": ""Z68.54"", ""5"": ""Z23"", ""6"": ""J45.909"", ""7"": ""Z02.5""}, ""procedures"": {""1"": ""6""}, ""actual_procedures"": {""1"": ""J45.909""}}",1: J45.909,CO,45,45,,,,,45,,,,"HEALTH PLAN OF NEVADA, INC",mco_medicaid,PRIMARY,455.01,217.91,0.48,1861707069,13,162
27,1,11,36143,51249,99213,sick_visit,HC,25,,,,,1,150,75.16,15-07-2025,15-07-2025,26-08-2025,24-08-2025,"{""icd_10"": {""1"": ""Z00.129"", ""2"": ""Z23"", ""3"": ""K59.00"", ""4"": ""Z29.3""}, ""procedures"": {""1"": ""3""}, ""actual_procedures"": {""1"": ""K59.00""}}",1: K59.00,CO,45,45,,,,,45,,,,"HEALTH PLAN OF NEVADA, INC",mco_medicaid,PRIMARY,535.03,290.82,0.54,1861707069,1,20
27,2,35,36143,51249,99392,well_visit,HC,EP,25,,,,1,220,109.63,15-07-2025,15-07-2025,26-08-2025,24-08-2025,"{""icd_10"": {""1"": ""Z00.129"", ""2"": ""Z23"", ""3"": ""K59.00"", ""4"": ""Z29.3""}, ""procedures"": {""1"": ""1""}, ""actual_procedures"": {""1"": ""Z00.129""}}",1: Z00.129,CO,45,45,,,,,45,,,,"HEALTH PLAN OF NEVADA, INC",mco_medicaid,PRIMARY,535.03,290.82,0.54,1861707069,1,20
27,3,36,36143,51249,90472,vaccine_administration,HC,,,,,,2,50,23.12,15-07-2025,15-07-2025,26-08-2025,24-08-2025,"{""icd_10"": {""1"": ""Z00.129"", ""2"": ""Z23"", ""3"": ""K59.00"", ""4"": ""Z29.3""}, ""procedures"": {""1"": ""2""}, ""actual_procedures"": {""1"": ""Z23""}}",1: Z23,CO,45,45,,,,,45,,,,"HEALTH PLAN OF NEVADA, INC",mco_medicaid,PRIMARY,535.03,290.82,0.54,1861707069,1,20
27,4,37,36143,51249,99188,procedure,HC,,,,,,1,40,12.92,15-07-2025,15-07-2025,26-08-2025,24-08-2025,"{""icd_10"": {""1"": ""Z00.129"", ""2"": ""Z23"", ""3"": ""K59.00"", ""4"": ""Z29.3""}, ""procedures"": {""1"": ""4""}, ""actual_procedures"": {""1"": ""Z29.3""}}",1: Z29.3,CO,45,45,,,,,45,,,,"HEALTH PLAN OF NEVADA, INC",mco_medicaid,PRIMARY,535.03,290.82,0.54,1861707069,1,20
27,5,38,36143,51249,90707,vaccine,HC,,,,,,0,0.01,0,15-07-2025,15-07-2025,26-08-2025,24-08-2025,"{""icd_10"": {""1"": ""Z00.129"", ""2"": ""Z23"", ""3"": ""K59.00"", ""4"": ""Z29.3""}, ""procedures"": {""1"": ""2""}, ""actual_procedures"": {""1"": ""Z23""}}",1: Z23,CO,204,204,,,,,204,,,,"HEALTH PLAN OF NEVADA, INC",mco_medicaid,PRIMARY,535.03,290.82,0.54,1861707069,1,20
27,6,39,36143,51249,90716,vaccine,HC,,,,,,0,0.01,0,15-07-2025,15-07-2025,26-08-2025,24-08-2025,"{""icd_10"": {""1"": ""Z00.129"", ""2"": ""Z23"", ""3"": ""K59.00"", ""4"": ""Z29.3""}, ""procedures"": {""1"": ""2""}, ""actual_procedures"": {""1"": ""Z23""}}",1: Z23,CO,204,204,,,,,204,,,,"HEALTH PLAN OF NEVADA, INC",mco_medicaid,PRIMARY,535.03,290.82,0.54,1861707069,1,20
27,7,40,36143,51249,90460,vaccine_administration,HC,,,,,,3,75,69.99,15-07-2025,15-07-2025,26-08-2025,24-08-2025,"{""icd_10"": {""1"": ""Z00.129"", ""2"": ""Z23"", ""3"": ""K59.00"", ""4"": ""Z29.3""}, ""procedures"": {""1"": ""2"", ""2"": ""1""}, ""actual_procedures"": {""1"": ""Z23"", ""2"": ""Z00.129""}}",1: Z23 | 2: Z00.129,CO,45,45,,,,,45,,,,"HEALTH PLAN OF NEVADA, INC",mco_medicaid,PRIMARY,535.03,290.82,0.54,1861707069,1,20
27,8,41,36143,51249,90633,vaccine,HC,,,,,,0,0.01,0,15-07-2025,15-07-2025,26-08-2025,24-08-2025,"{""icd_10"": {""1"": ""Z00.129"", ""2"": ""Z23"", ""3"": ""K59.00"", ""4"": ""Z29.3""}, ""procedures"": {""1"": ""2""}, ""actual_procedures"": {""1"": ""Z23""}}",1: Z23,CO,204,204,,,,,204,,,,"HEALTH PLAN OF NEVADA, INC",mco_medicaid,PRIMARY,535.03,290.82,0.54,1861707069,1,20
28,1,14,29835,44941,99213,sick_visit,HC,,,,,,1,150,75.16,15-07-2025,15-07-2025,26-08-2025,24-08-2025,"{""icd_10"": {""1"": ""K59.00"", ""2"": ""Z09""}, ""procedures"": {""1"": ""1"", ""2"": ""2""}, ""actual_procedures"": {""1"": ""K59.00"", ""2"": ""Z09""}}",1: K59.00 | 2: Z09,CO,45,45,,,,,45,,,,"HEALTH PLAN OF NEVADA, INC",mco_medicaid,PRIMARY,150,75.16,0.5,1861707069,1,14
29,1,17,36030,51136,81002,poc,HC,,,,,,1,3.5,1.84,09-07-2025,09-07-2025,26-08-2025,24-08-2025,"{""icd_10"": {""1"": ""R30.9"", ""2"": ""N76.0"", ""3"": ""N39.0""}, ""procedures"": {""1"": ""1"", ""2"": ""2"", ""3"": ""3""}, ""actual_procedures"": {""1"": ""R30.9"", ""2"": ""N76.0"", ""3"": ""N39.0""}}","1: R30.9 | 2: N76.0
3: N39.0",CO,45,45,,,,,45,,,,"HEALTH PLAN OF NEVADA, INC",mco_medicaid,PRIMARY,273.5,133.85,0.49,1073015541,3,41
29,2,44,36030,51136,99203,sick_visit,HC,25,,,,,1,220,111.34,09-07-2025,09-07-2025,26-08-2025,24-08-2025,"{""icd_10"": {""1"": ""R30.9"", ""2"": ""N76.0"", ""3"": ""N39.0""}, ""procedures"": {""1"": ""1"", ""2"": ""2"", ""3"": ""3""}, ""actual_procedures"": {""1"": ""R30.9"", ""2"": ""N76.0"", ""3"": ""N39.0""}}","1: R30.9 | 2: N76.0
3: N39.0",CO,45,45,,,,,45,,,,"HEALTH PLAN OF NEVADA, INC",mco_medicaid,PRIMARY,273.5,133.85,0.49,1073015541,3,41
29,3,45,36030,51136,99058,Walk-In,HC,59,,,,,1,50,20.67,09-07-2025,09-07-2025,26-08-2025,24-08-2025,"{""icd_10"": {""1"": ""R30.9"", ""2"": ""N76.0"", ""3"": ""N39.0""}, ""procedures"": {""1"": ""1"", ""2"": ""2"", ""3"": ""3""}, ""actual_procedures"": {""1"": ""R30.9"", ""2"": ""N76.0"", ""3"": ""N39.0""}}","1: R30.9 | 2: N76.0
3: N39.0",CO,45,45,,,,,45,,,,"HEALTH PLAN OF NEVADA, INC",mco_medicaid,PRIMARY,273.5,133.85,0.49,1073015541,3,41
30,1,19,29756,44862,99213,sick_visit,HC,,,,,,1,150,75.16,10-07-2025,10-07-2025,26-08-2025,24-08-2025,"{""icd_10"": {""1"": ""Z01.818""}, ""procedures"": {""1"": ""1""}, ""actual_procedures"": {""1"": ""Z01.818""}}",1: Z01.818,CO,45,45,,,,,45,,,,"HEALTH PLAN OF NEVADA, INC",mco_medicaid,PRIMARY,150,75.16,0.5,1073015541,2,32
31,1,3,1913,17019,99188,procedure,HC,,,,,,1,40,12.92,15-07-2025,15-07-2025,26-08-2025,24-08-2025,"{""icd_10"": {""1"": ""Z00.129"", ""2"": ""Z71.3"", ""3"": ""Z71.82"", ""4"": ""Z68.52"", ""5"": ""Z29.3""}, ""procedures"": {""1"": ""5""}, ""actual_procedures"": {""1"": ""Z29.3""}}",1: Z29.3,CO,45,45,,,,,45,,,,"HEALTH PLAN OF NEVADA, INC",mco_medicaid,PRIMARY,270,122.17,0.45,1861707069,8,103
31,2,48,1913,17019,99393,well_visit,HC,EP,25,,,,1,230,109.25,15-07-2025,15-07-2025,26-08-2025,24-08-2025,"{""icd_10"": {""1"": ""Z00.129"", ""2"": ""Z71.3"", ""3"": ""Z71.82"", ""4"": ""Z68.52"", ""5"": ""Z29.3""}, ""procedures"": {""1"": ""1"", ""2"": ""2"", ""3"": ""3"", ""4"": ""4""}, ""actual_procedures"": {""1"": ""Z00.129"", ""2"": ""Z71.3"", ""3"": ""Z71.82"", ""4"": ""Z68.52""}}","1: Z00.129 | 2: Z71.3
3: Z71.82 | 4: Z68.52",CO,45,45,,,,,45,,,,"HEALTH PLAN OF NEVADA, INC",mco_medicaid,PRIMARY,270,122.17,0.45,1861707069,8,103
32,1,6,22011111,17307,99393,well_visit,HC,EP,25,,,,1,230,109.25,16-07-2025,16-07-2025,26-08-2025,24-08-2025,"{""icd_10"": {""1"": ""Z00.129"", ""2"": ""Z71.3"", ""3"": ""Z71.82"", ""4"": ""Z68.52"", ""5"": ""Z23"", ""6"": ""Z02.5""}, ""procedures"": {""1"": ""1"", ""2"": ""2"", ""3"": ""3"", ""4"": ""4""}, ""actual_procedures"": {""1"": ""Z00.129"", ""2"": ""Z71.3"", ""3"": ""Z71.82"", ""4"": ""Z68.52""}}","1: Z00.129 | 2: Z71.3
3: Z71.82 | 4: Z68.52",CO,45,45,,,,,45,,,,"HEALTH PLAN OF NEVADA, INC",mco_medicaid,PRIMARY,275.02,132.58,0.48,1073015541,7,93
32,2,50,22011111,17307,90633,vaccine,HC,,,,,,0,0.01,0,16-07-2025,16-07-2025,26-08-2025,24-08-2025,"{""icd_10"": {""1"": ""Z00.129"", ""2"": ""Z71.3"", ""3"": ""Z71.82"", ""4"": ""Z68.52"", ""5"": ""Z23"", ""6"": ""Z02.5""}, ""procedures"": {""1"": ""5""}, ""actual_procedures"": {""1"": ""Z23""}}",1: Z23,CO,204,204,,,,,204,,,,"HEALTH PLAN OF NEVADA, INC",mco_medicaid,PRIMARY,275.02,132.58,0.48,1073015541,7,93
32,3,51,22011111,17307,90460,vaccine_administration,HC,,,,,,1,25,23.33,16-07-2025,16-07-2025,26-08-2025,24-08-2025,"{""icd_10"": {""1"": ""Z00.129"", ""2"": ""Z71.3"", ""3"": ""Z71.82"", ""4"": ""Z68.52"", ""5"": ""Z23"", ""6"": ""Z02.5""}, ""procedures"": {""1"": ""5""}, ""actual_procedures"": {""1"": ""Z23""}}",1: Z23,CO,45,45,,,,,45,,,,"HEALTH PLAN OF NEVADA, INC",mco_medicaid,PRIMARY,275.02,132.58,0.48,1073015541,7,93
32,4,52,22011111,17307,90743,vaccine,HC,,,,,,0,0.01,0,16-07-2025,16-07-2025,26-08-2025,24-08-2025,"{""icd_10"": {""1"": ""Z00.129"", ""2"": ""Z71.3"", ""3"": ""Z71.82"", ""4"": ""Z68.52"", ""5"": ""Z23"", ""6"": ""Z02.5""}, ""procedures"": {""1"": ""5""}, ""actual_procedures"": {""1"": ""Z23""}}",1: Z23,CO,204,204,,,,,204,,,,"HEALTH PLAN OF NEVADA, INC",mco_medicaid,PRIMARY,275.02,132.58,0.48,1073015541,7,93
32,5,53,22011111,17307,99173,diagnostic,HC,,,,,,0,20,0,16-07-2025,16-07-2025,26-08-2025,24-08-2025,"{""icd_10"": {""1"": ""Z00.129"", ""2"": ""Z71.3"", ""3"": ""Z71.82"", ""4"": ""Z68.52"", ""5"": ""Z23"", ""6"": ""Z02.5""}, ""procedures"": {""1"": ""6""}, ""actual_procedures"": {""1"": ""Z02.5""}}",1: Z02.5,CO,204,204,,,,,204,,,,"HEALTH PLAN OF NEVADA, INC",mco_medicaid,PRIMARY,275.02,132.58,0.48,1073015541,7,93
33,1,9,1509231,16615,96110,procedure,HC,59,,,,,1,14.8,7.77,21-07-2025,21-07-2025,26-08-2025,24-08-2025,"{""icd_10"": {""1"": ""Z00.129"", ""2"": ""Z71.3"", ""3"": ""Z13.41""}, ""procedures"": {""1"": ""3""}, ""actual_procedures"": {""1"": ""Z13.41""}}",1: Z13.41,CO,45,45,,,,,45,,,,"HEALTH PLAN OF NEVADA, INC",mco_medicaid,PRIMARY,234.8,117.4,0.5,1861707069,2,30
33,2,55,1509231,16615,99392,well_visit,HC,EP,25,,,,1,220,109.63,21-07-2025,21-07-2025,26-08-2025,24-08-2025,"{""icd_10"": {""1"": ""Z00.129"", ""2"": ""Z71.3"", ""3"": ""Z13.41""}, ""procedures"": {""1"": ""1"", ""2"": ""2""}, ""actual_procedures"": {""1"": ""Z00.129"", ""2"": ""Z71.3""}}",1: Z00.129 | 2: Z71.3,CO,45,45,,,,,45,,,,"HEALTH PLAN OF NEVADA, INC",mco_medicaid,PRIMARY,234.8,117.4,0.5,1861707069,2,30
34,1,1,11534,26640,99213,sick_visit,HC,25,,,,,1,150,58.25,16-07-2025,16-07-2025,26-08-2025,24-08-2025,"{""icd_10"": {""1"": ""K52.89"", ""2"": ""R19.7"", ""3"": ""E86.0"", ""4"": ""R63.39""}, ""procedures"": {""1"": ""1"", ""2"": ""2"", ""3"": ""3"", ""4"": ""4""}, ""actual_procedures"": {""1"": ""K52.89"", ""2"": ""R19.7"", ""3"": ""E86.0"", ""4"": ""R63.39""}}","1: K52.89 | 2: R19.7
3: E86.0 | 4: R63.39","CO,PR","45,3",45,3,,,,45,3,,,"HEALTH PLAN OF NEVADA, INC",mco_medicaid,PRIMARY,260.34,58.25,0.22,1073015541,1,15
34,2,57,11534,26640,99058,Walk-In,HC,59,,,,,0,50,0,16-07-2025,16-07-2025,26-08-2025,24-08-2025,"{""icd_10"": {""1"": ""K52.89"", ""2"": ""R19.7"", ""3"": ""E86.0"", ""4"": ""R63.39""}, ""procedures"": {""1"": ""1"", ""2"": ""2"", ""3"": ""3"", ""4"": ""4""}, ""actual_procedures"": {""1"": ""K52.89"", ""2"": ""R19.7"", ""3"": ""E86.0"", ""4"": ""R63.39""}}","1: K52.89 | 2: R19.7
3: E86.0 | 4: R63.39",CO,204,204,,,,,204,,,,"HEALTH PLAN OF NEVADA, INC",mco_medicaid,PRIMARY,260.34,58.25,0.22,1073015541,1,15
34,3,58,11534,26640,96372,medication,HC,59,,,,,1,45,0,16-07-2025,16-07-2025,26-08-2025,24-08-2025,"{""icd_10"": {""1"": ""K52.89"", ""2"": ""R19.7"", ""3"": ""E86.0"", ""4"": ""R63.39""}, ""procedures"": {""1"": ""1"", ""2"": ""2"", ""3"": ""3"", ""4"": ""4""}, ""actual_procedures"": {""1"": ""K52.89"", ""2"": ""R19.7"", ""3"": ""E86.0"", ""4"": ""R63.39""}}","1: K52.89 | 2: R19.7
3: E86.0 | 4: R63.39","CO,PR","45,3",45,3,,,,45,3,,,"HEALTH PLAN OF NEVADA, INC",mco_medicaid,PRIMARY,260.34,58.25,0.22,1073015541,1,15
34,4,59,11534,26640,82947,poc,HC,QW,,,,,0,5.36,0,16-07-2025,16-07-2025,26-08-2025,24-08-2025,"{""icd_10"": {""1"": ""K52.89"", ""2"": ""R19.7"", ""3"": ""E86.0"", ""4"": ""R63.39""}, ""procedures"": {""1"": ""1"", ""2"": ""2"", ""3"": ""3"", ""4"": ""4""}, ""actual_procedures"": {""1"": ""K52.89"", ""2"": ""R19.7"", ""3"": ""E86.0"", ""4"": ""R63.39""}}","1: K52.89 | 2: R19.7
3: E86.0 | 4: R63.39",CO,252,252,,MA120,MA120,,252,,MA120,,"HEALTH PLAN OF NEVADA, INC",mco_medicaid,PRIMARY,260.34,58.25,0.22,1073015541,1,15
34,5,60,11534,26640,36416,poc,HC,,,,,,0,9.98,0,16-07-2025,16-07-2025,26-08-2025,24-08-2025,"{""icd_10"": {""1"": ""K52.89"", ""2"": ""R19.7"", ""3"": ""E86.0"", ""4"": ""R63.39""}, ""procedures"": {""1"": ""1"", ""2"": ""2"", ""3"": ""3"", ""4"": ""4""}, ""actual_procedures"": {""1"": ""K52.89"", ""2"": ""R19.7"", ""3"": ""E86.0"", ""4"": ""R63.39""}}","1: K52.89 | 2: R19.7
3: E86.0 | 4: R63.39","CO,CO","204,45",204,45,,,,204,45,,,"HEALTH PLAN OF NEVADA, INC",mco_medicaid,PRIMARY,260.34,58.25,0.22,1073015541,1,15
35,1,12,35642,50748,99213,sick_visit,HC,,,,,,1,150,75.16,16-07-2025,16-07-2025,26-08-2025,24-08-2025,"{""icd_10"": {""1"": ""K00.7"", ""2"": ""R50.9""}, ""procedures"": {""1"": ""1"", ""2"": ""2""}, ""actual_procedures"": {""1"": ""K00.7"", ""2"": ""R50.9""}}",1: K00.7 | 2: R50.9,CO,45,45,,,,,45,,,,"HEALTH PLAN OF NEVADA, INC",mco_medicaid,PRIMARY,150,75.16,0.5,1073015541,1,12
36,1,4,36096,51202,99383,well_visit,HC,EP,25,,,,1,260,123.94,16-07-2025,16-07-2025,26-08-2025,24-08-2025,"{""icd_10"": {""1"": ""Z00.129"", ""2"": ""Z71.3"", ""3"": ""Z71.82"", ""4"": ""Z68.52"", ""5"": ""Z02.5""}, ""procedures"": {""1"": ""1"", ""2"": ""2"", ""3"": ""3"", ""4"": ""4""}, ""actual_procedures"": {""1"": ""Z00.129"", ""2"": ""Z71.3"", ""3"": ""Z71.82"", ""4"": ""Z68.52""}}","1: Z00.129 | 2: Z71.3
3: Z71.82 | 4: Z68.52",CO,45,45,,,,,45,,,,"HEALTH PLAN OF NEVADA, INC",mco_medicaid,PRIMARY,280,123.94,0.44,1073015541,9,108
36,2,63,36096,51202,99173,diagnostic,HC,,,,,,0,20,0,16-07-2025,16-07-2025,26-08-2025,24-08-2025,"{""icd_10"": {""1"": ""Z00.129"", ""2"": ""Z71.3"", ""3"": ""Z71.82"", ""4"": ""Z68.52"", ""5"": ""Z02.5""}, ""procedures"": {""1"": ""5""}, ""actual_procedures"": {""1"": ""Z02.5""}}",1: Z02.5,CO,204,204,,,,,204,,,,"HEALTH PLAN OF NEVADA, INC",mco_medicaid,PRIMARY,280,123.94,0.44,1073015541,9,108
37,1,15,36030,51136,99213,sick_visit,HC,,,,,,1,150,75.16,15-07-2025,15-07-2025,26-08-2025,24-08-2025,"{""icd_10"": {""1"": ""N39.0"", ""2"": ""Z09""}, ""procedures"": {""1"": ""1"", ""2"": ""2""}, ""actual_procedures"": {""1"": ""N39.0"", ""2"": ""Z09""}}",1: N39.0 | 2: Z09,CO,45,45,,,,,45,,,,"HEALTH PLAN OF NEVADA, INC",mco_medicaid,PRIMARY,150,75.16,0.5,1861707069,3,41
38,1,18,2345885,17451,99213,sick_visit,HC,,,,,,1,150,75.16,09-07-2025,09-07-2025,26-08-2025,24-08-2025,"{""icd_10"": {""1"": ""L03.211""}, ""procedures"": {""1"": ""1""}, ""actual_procedures"": {""1"": ""L03.211""}}",1: L03.211,CO,45,45,,,,,45,,,,"HEALTH PLAN OF NEVADA, INC",mco_medicaid,PRIMARY,150,75.16,0.5,1073015541,0,8
39,1,1,36653,51759,99394,well_visit,HC,EP,25,,,,1,260,119.42,12-08-2025,12-08-2025,26-08-2025,21-08-2025,"{""icd_10"": {""1"": ""Z00.129"", ""2"": ""Z71.3"", ""3"": ""Z71.82"", ""4"": ""Z23"", ""5"": ""Z13.31"", ""6"": ""Z68.54""}, ""procedures"": {""1"": ""1"", ""2"": ""2"", ""3"": ""3"", ""4"": ""6""}, ""actual_procedures"": {""1"": ""Z00.129"", ""2"": ""Z71.3"", ""3"": ""Z71.82"", ""4"": ""Z68.54""}, ""icd_10_procedures_mismatch"": false}","1: Z00.129 | 2: Z71.3
3: Z71.82 | 4: Z68.54",CO,45,45,,,,,45,,,,"MOLINA HEALTHCARE OF NEVADA, INC.",mco_medicaid,PRIMARY,410,205.82,0.5,1861707069,12,147
39,2,2,36653,51759,90460,vaccine_administration,HC,,,,,,2,50,46.66,12-08-2025,12-08-2025,26-08-2025,21-08-2025,"{""icd_10"": {""1"": ""Z00.129"", ""2"": ""Z71.3"", ""3"": ""Z71.82"", ""4"": ""Z23"", ""5"": ""Z13.31"", ""6"": ""Z68.54""}, ""procedures"": {""1"": ""4""}, ""actual_procedures"": {""1"": ""Z23""}, ""icd_10_procedures_mismatch"": false}",1: Z23,CO,45,45,,,,,45,,,,"MOLINA HEALTHCARE OF NEVADA, INC.",mco_medicaid,PRIMARY,410,205.82,0.5,1861707069,12,147
39,3,3,36653,51759,96127,procedure,HC,,,,,,1,25,5.06,12-08-2025,12-08-2025,26-08-2025,21-08-2025,"{""icd_10"": {""1"": ""Z00.129"", ""2"": ""Z71.3"", ""3"": ""Z71.82"", ""4"": ""Z23"", ""5"": ""Z13.31"", ""6"": ""Z68.54""}, ""procedures"": {""1"": ""5""}, ""actual_procedures"": {""1"": ""Z13.31""}, ""icd_10_procedures_mismatch"": false}",1: Z13.31,CO,45,45,,,,,45,,,,"MOLINA HEALTHCARE OF NEVADA, INC.",mco_medicaid,PRIMARY,410,205.82,0.5,1861707069,12,147
39,4,4,36653,51759,90619,vaccine,HC,,,,,,1,0,0,12-08-2025,12-08-2025,26-08-2025,21-08-2025,"{""icd_10"": {""1"": ""Z00.129"", ""2"": ""Z71.3"", ""3"": ""Z71.82"", ""4"": ""Z23"", ""5"": ""Z13.31"", ""6"": ""Z68.54""}, ""procedures"": {""1"": ""4""}, ""actual_procedures"": {""1"": ""Z23""}, ""icd_10_procedures_mismatch"": false}",1: Z23,,,,,,,,,,,,"MOLINA HEALTHCARE OF NEVADA, INC.",mco_medicaid,PRIMARY,410,205.82,0.5,1861707069,12,147
39,5,5,36653,51759,90715,vaccine,HC,,,,,,1,0,0,12-08-2025,12-08-2025,26-08-2025,21-08-2025,"{""icd_10"": {""1"": ""Z00.129"", ""2"": ""Z71.3"", ""3"": ""Z71.82"", ""4"": ""Z23"", ""5"": ""Z13.31"", ""6"": ""Z68.54""}, ""procedures"": {""1"": ""4""}, ""actual_procedures"": {""1"": ""Z23""}, ""icd_10_procedures_mismatch"": false}",1: Z23,,,,,,,,,,,,"MOLINA HEALTHCARE OF NEVADA, INC.",mco_medicaid,PRIMARY,410,205.82,0.5,1861707069,12,147
39,6,6,36653,51759,90472,vaccine_administration,HC,,,,,,3,75,34.68,12-08-2025,12-08-2025,26-08-2025,21-08-2025,"{""icd_10"": {""1"": ""Z00.129"", ""2"": ""Z71.3"", ""3"": ""Z71.82"", ""4"": ""Z23"", ""5"": ""Z13.31"", ""6"": ""Z68.54""}, ""procedures"": {""1"": ""4""}, ""actual_procedures"": {""1"": ""Z23""}, ""icd_10_procedures_mismatch"": false}",1: Z23,CO,45,45,,,,,45,,,,"MOLINA HEALTHCARE OF NEVADA, INC.",mco_medicaid,PRIMARY,410,205.82,0.5,1861707069,12,147
40,1,7,1795,16901,99394,well_visit,HC,EP,25,,,,1,260,119.42,14-08-2025,14-08-2025,26-08-2025,21-08-2025,"{""icd_10"": {""1"": ""Z00.129"", ""2"": ""Z71.3"", ""3"": ""Z71.82"", ""4"": ""Z02.5"", ""5"": ""Z23"", ""6"": ""Z68.53"", ""7"": ""Z13.31""}, ""procedures"": {""1"": ""1"", ""2"": ""2"", ""3"": ""3"", ""4"": ""6""}, ""actual_procedures"": {""1"": ""Z00.129"", ""2"": ""Z71.3"", ""3"": ""Z71.82"", ""4"": ""Z68.53""}, ""icd_10_procedures_mismatch"": false}","1: Z00.129 | 2: Z71.3
3: Z71.82 | 4: Z68.53",CO,45,45,,,,,45,,,,"MOLINA HEALTHCARE OF NEVADA, INC.",mco_medicaid,PRIMARY,335,171.14,0.51,1861707069,16,198
40,2,8,1795,16901,96127,procedure,HC,,,,,,1,25,5.06,14-08-2025,14-08-2025,26-08-2025,21-08-2025,"{""icd_10"": {""1"": ""Z00.129"", ""2"": ""Z71.3"", ""3"": ""Z71.82"", ""4"": ""Z02.5"", ""5"": ""Z23"", ""6"": ""Z68.53"", ""7"": ""Z13.31""}, ""procedures"": {""1"": ""7""}, ""actual_procedures"": {""1"": ""Z13.31""}, ""icd_10_procedures_mismatch"": false}",1: Z13.31,CO,45,45,,,,,45,,,,"MOLINA HEALTHCARE OF NEVADA, INC.",mco_medicaid,PRIMARY,335,171.14,0.51,1861707069,16,198
40,3,9,1795,16901,90620,vaccine,HC,,,,,,1,0,0,14-08-2025,14-08-2025,26-08-2025,21-08-2025,"{""icd_10"": {""1"": ""Z00.129"", ""2"": ""Z71.3"", ""3"": ""Z71.82"", ""4"": ""Z02.5"", ""5"": ""Z23"", ""6"": ""Z68.53"", ""7"": ""Z13.31""}, ""procedures"": {""1"": ""5""}, ""actual_procedures"": {""1"": ""Z23""}, ""icd_10_procedures_mismatch"": false}",1: Z23,,,,,,,,,,,,"MOLINA HEALTHCARE OF NEVADA, INC.",mco_medicaid,PRIMARY,335,171.14,0.51,1861707069,16,198
40,4,10,1795,16901,90460,vaccine_administration,HC,,,,,,2,50,46.66,14-08-2025,14-08-2025,26-08-2025,21-08-2025,"{""icd_10"": {""1"": ""Z00.129"", ""2"": ""Z71.3"", ""3"": ""Z71.82"", ""4"": ""Z02.5"", ""5"": ""Z23"", ""6"": ""Z68.53"", ""7"": ""Z13.31""}, ""procedures"": {""1"": ""5""}, ""actual_procedures"": {""1"": ""Z23""}, ""icd_10_procedures_mismatch"": false}",1: Z23,CO,45,45,,,,,45,,,,"MOLINA HEALTHCARE OF NEVADA, INC.",mco_medicaid,PRIMARY,335,171.14,0.51,1861707069,16,198
40,5,11,1795,16901,90734,vaccine,HC,,,,,,1,0,0,14-08-2025,14-08-2025,26-08-2025,21-08-2025,"{""icd_10"": {""1"": ""Z00.129"", ""2"": ""Z71.3"", ""3"": ""Z71.82"", ""4"": ""Z02.5"", ""5"": ""Z23"", ""6"": ""Z68.53"", ""7"": ""Z13.31""}, ""procedures"": {""1"": ""5""}, ""actual_procedures"": {""1"": ""Z23""}, ""icd_10_procedures_mismatch"": false}",1: Z23,,,,,,,,,,,,"MOLINA HEALTHCARE OF NEVADA, INC.",mco_medicaid,PRIMARY,335,171.14,0.51,1861707069,16,198
41,1,12,35620,50726,99213,sick_visit,HC,,,,,,1,150,75.16,12-08-2025,12-08-2025,26-08-2025,21-08-2025,"{""icd_10"": {""1"": ""B35.3"", ""2"": ""Z09"", ""3"": ""R50.9""}, ""procedures"": {""1"": ""1"", ""2"": ""2"", ""3"": ""3""}, ""actual_procedures"": {""1"": ""B35.3"", ""2"": ""Z09"", ""3"": ""R50.9""}}","1: B35.3 | 2: Z09
3: R50.9",CO,45,45,,,,,45,,,,"MOLINA HEALTHCARE OF NEVADA, INC.",mco_medicaid,PRIMARY,150,75.16,0.5,1861707069,3,40
42,1,13,35859,50965,99391,well_visit,HC,EP,25,,,,1,200,102.7,31-07-2025,31-07-2025,26-08-2025,21-08-2025,"{""icd_10"": {""1"": ""Z00.129"", ""2"": ""Z23""}, ""procedures"": {""1"": ""1""}, ""actual_procedures"": {""1"": ""Z00.129""}}",1: Z00.129,CO,45,45,,,,,45,,,,"MOLINA HEALTHCARE OF NEVADA, INC.",mco_medicaid,PRIMARY,400,254.03,0.64,1861707069,0,4
42,2,14,35859,50965,90460,vaccine_administration,HC,,,,,,5,125,116.65,31-07-2025,31-07-2025,26-08-2025,21-08-2025,"{""icd_10"": {""1"": ""Z00.129"", ""2"": ""Z23""}, ""procedures"": {""1"": ""2""}, ""actual_procedures"": {""1"": ""Z23""}}",1: Z23,CO,45,45,,,,,45,,,,"MOLINA HEALTHCARE OF NEVADA, INC.",mco_medicaid,PRIMARY,400,254.03,0.64,1861707069,0,4
42,3,15,35859,50965,90700,vaccine,HC,,,,,,1,0,0,31-07-2025,31-07-2025,26-08-2025,21-08-2025,"{""icd_10"": {""1"": ""Z00.129"", ""2"": ""Z23""}, ""procedures"": {""1"": ""2""}, ""actual_procedures"": {""1"": ""Z23""}}",1: Z23,,,,,,,,,,,,"MOLINA HEALTHCARE OF NEVADA, INC.",mco_medicaid,PRIMARY,400,254.03,0.64,1861707069,0,4
42,4,16,35859,50965,90680,vaccine,HC,,,,,,1,0,0,31-07-2025,31-07-2025,26-08-2025,21-08-2025,"{""icd_10"": {""1"": ""Z00.129"", ""2"": ""Z23""}, ""procedures"": {""1"": ""2""}, ""actual_procedures"": {""1"": ""Z23""}}",1: Z23,,,,,,,,,,,,"MOLINA HEALTHCARE OF NEVADA, INC.",mco_medicaid,PRIMARY,400,254.03,0.64,1861707069,0,4
42,5,17,35859,50965,90671,vaccine,HC,,,,,,1,0,0,31-07-2025,31-07-2025,26-08-2025,21-08-2025,"{""icd_10"": {""1"": ""Z00.129"", ""2"": ""Z23""}, ""procedures"": {""1"": ""2""}, ""actual_procedures"": {""1"": ""Z23""}}",1: Z23,,,,,,,,,,,,"MOLINA HEALTHCARE OF NEVADA, INC.",mco_medicaid,PRIMARY,400,254.03,0.64,1861707069,0,4
42,6,18,35859,50965,90713,vaccine,HC,,,,,,1,0,0,31-07-2025,31-07-2025,26-08-2025,21-08-2025,"{""icd_10"": {""1"": ""Z00.129"", ""2"": ""Z23""}, ""procedures"": {""1"": ""2""}, ""actual_procedures"": {""1"": ""Z23""}}",1: Z23,,,,,,,,,,,,"MOLINA HEALTHCARE OF NEVADA, INC.",mco_medicaid,PRIMARY,400,254.03,0.64,1861707069,0,4
42,7,19,35859,50965,90648,vaccine,HC,,,,,,1,0,0,31-07-2025,31-07-2025,26-08-2025,21-08-2025,"{""icd_10"": {""1"": ""Z00.129"", ""2"": ""Z23""}, ""procedures"": {""1"": ""2""}, ""actual_procedures"": {""1"": ""Z23""}}",1: Z23,,,,,,,,,,,,"MOLINA HEALTHCARE OF NEVADA, INC.",mco_medicaid,PRIMARY,400,254.03,0.64,1861707069,0,4
42,8,20,35859,50965,90472,vaccine_administration,HC,,,,,,3,75,34.68,31-07-2025,31-07-2025,26-08-2025,21-08-2025,"{""icd_10"": {""1"": ""Z00.129"", ""2"": ""Z23""}, ""procedures"": {""1"": ""2""}, ""actual_procedures"": {""1"": ""Z23""}}",1: Z23,CO,45,45,,,,,45,,,,"MOLINA HEALTHCARE OF NEVADA, INC.",mco_medicaid,PRIMARY,400,254.03,0.64,1861707069,0,4
43,1,21,36128,51234,99381,well_visit,HC,EP,,,,,1,230,114.16,17-07-2025,17-07-2025,26-08-2025,21-08-2025,"{""icd_10"": {""1"": ""Z00.111""}, ""procedures"": {""1"": ""1""}, ""actual_procedures"": {""1"": ""Z00.111""}}",1: Z00.111,CO,45,45,,,,,45,,,,"MOLINA HEALTHCARE OF NEVADA, INC.",mco_medicaid,PRIMARY,230,114.16,0.5,1861707069,0,0
44,1,22,138701,3187,99394,well_visit,HC,EP,,,,,1,260,0,17-07-2025,17-07-2025,26-08-2025,21-08-2025,"{""icd_10"": {""1"": ""Z00.129"", ""2"": ""Z71.3"", ""3"": ""Z71.82"", ""4"": ""Z68.52""}, ""procedures"": {""1"": ""1"", ""2"": ""2"", ""3"": ""3"", ""4"": ""4""}, ""actual_procedures"": {""1"": ""Z00.129"", ""2"": ""Z71.3"", ""3"": ""Z71.82"", ""4"": ""Z68.52""}}","1: Z00.129 | 2: Z71.3
3: Z71.82 | 4: Z68.52",CO,146,146,,M76,M76,,146,,M76,,"MOLINA HEALTHCARE OF NEVADA, INC.",mco_medicaid,DENIED,260,0,0,1861707069,13,165
45,1,23,138691,3773,99393,well_visit,HC,EP,,,,,1,230,109.25,17-07-2025,17-07-2025,26-08-2025,21-08-2025,"{""icd_10"": {""1"": ""Z00.129"", ""2"": ""Z71.3"", ""3"": ""Z71.82"", ""4"": ""Z02.5"", ""5"": ""Z68.53""}, ""procedures"": {""1"": ""1"", ""2"": ""2"", ""3"": ""3"", ""4"": ""5""}, ""actual_procedures"": {""1"": ""Z00.129"", ""2"": ""Z71.3"", ""3"": ""Z71.82"", ""4"": ""Z68.53""}}","1: Z00.129 | 2: Z71.3
3: Z71.82 | 4: Z68.53",CO,45,45,,,,,45,,,,"MOLINA HEALTHCARE OF NEVADA, INC.",mco_medicaid,PRIMARY,230,109.25,0.48,1861707069,11,141
46,1,1,13868,2798,99213,sick_visit,HC,25,,,,,1,150,75.16,31-07-2025,31-07-2025,28-08-2025,25-08-2025,"{""icd_10"": {""1"": ""Z00.129"", ""2"": ""Z30.02"", ""3"": ""Z71.3"", ""4"": ""Z71.82"", ""5"": ""R42"", ""6"": ""R63.5"", ""7"": ""Z13.31"", ""8"": ""Z68.53""}, ""procedures"": {""1"": ""5"", ""2"": ""6""}, ""actual_procedures"": {""1"": ""R42"", ""2"": ""R63.5""}}",1: R42 | 2: R63.5,CO,45,45,,,,,45,,,,"MOLINA HEALTHCARE OF NEVADA, INC.",mco_medicaid,PRIMARY,505.16,199.64,0.4,1861707069,16,196
46,2,2,13868,2798,99394,well_visit,HC,EP,25,,,,1,260,119.42,31-07-2025,31-07-2025,28-08-2025,25-08-2025,"{""icd_10"": {""1"": ""Z00.129"", ""2"": ""Z30.02"", ""3"": ""Z71.3"", ""4"": ""Z71.82"", ""5"": ""R42"", ""6"": ""R63.5"", ""7"": ""Z13.31"", ""8"": ""Z68.53""}, ""procedures"": {""1"": ""1"", ""2"": ""3"", ""3"": ""4"", ""4"": ""8""}, ""actual_procedures"": {""1"": ""Z00.129"", ""2"": ""Z71.3"", ""3"": ""Z71.82"", ""4"": ""Z68.53""}}","1: Z00.129 | 2: Z71.3
3: Z71.82 | 4: Z68.53",CO,45,45,,,,,45,,,,"MOLINA HEALTHCARE OF NEVADA, INC.",mco_medicaid,PRIMARY,505.16,199.64,0.4,1861707069,16,196
46,3,3,13868,2798,99401,Counseling - Preventive Counseling,HC,FP,,,,,1,70.16,0,31-07-2025,31-07-2025,28-08-2025,25-08-2025,"{""icd_10"": {""1"": ""Z00.129"", ""2"": ""Z30.02"", ""3"": ""Z71.3"", ""4"": ""Z71.82"", ""5"": ""R42"", ""6"": ""R63.5"", ""7"": ""Z13.31"", ""8"": ""Z68.53""}, ""procedures"": {""1"": ""2""}, ""actual_procedures"": {""1"": ""Z30.02""}}",1: Z30.02,CO,50,50,,,,,50,,,,"MOLINA HEALTHCARE OF NEVADA, INC.",mco_medicaid,PRIMARY,505.16,199.64,0.4,1861707069,16,196
46,4,4,13868,2798,96127,procedure,HC,,,,,,1,25,5.06,31-07-2025,31-07-2025,28-08-2025,25-08-2025,"{""icd_10"": {""1"": ""Z00.129"", ""2"": ""Z30.02"", ""3"": ""Z71.3"", ""4"": ""Z71.82"", ""5"": ""R42"", ""6"": ""R63.5"", ""7"": ""Z13.31"", ""8"": ""Z68.53""}, ""procedures"": {""1"": ""7""}, ""actual_procedures"": {""1"": ""Z13.31""}}",1: Z13.31,CO,45,45,,,,,45,,,,"MOLINA HEALTHCARE OF NEVADA, INC.",mco_medicaid,PRIMARY,505.16,199.64,0.4,1861707069,16,196
47,1,5,1831,16937,99213,sick_visit,HC,,,,,,1,150,0,13-08-2025,13-08-2025,28-08-2025,25-08-2025,"{""icd_10"": {""1"": ""Z02.5""}, ""procedures"": {""1"": ""1""}, ""actual_procedures"": {""1"": ""Z02.5""}}",1: Z02.5,CO,22,22,,N479,N479,,22,,N479,,"MOLINA HEALTHCARE OF NEVADA, INC.",mco_medicaid,DENIED,150,0,0,1861707069,11,141
48,1,6,30005,45111,99213,sick_visit,HC,25,,,,,1,150,75.16,08-08-2025,08-08-2025,28-08-2025,25-08-2025,"{""icd_10"": {""1"": ""Z00.129"", ""2"": ""Z23"", ""3"": ""H02.401""}, ""procedures"": {""1"": ""3""}, ""actual_procedures"": {""1"": ""H02.401""}, ""icd_10_procedures_mismatch"": false}",1: H02.401,CO,45,45,,,,,45,,,,"MOLINA HEALTHCARE OF NEVADA, INC.",mco_medicaid,PRIMARY,530,293.99,0.55,1861707069,0,4
48,2,7,30005,45111,99381,well_visit,HC,EP,25,,,,1,230,114.16,08-08-2025,08-08-2025,28-08-2025,25-08-2025,"{""icd_10"": {""1"": ""Z00.129"", ""2"": ""Z23"", ""3"": ""H02.401""}, ""procedures"": {""1"": ""1""}, ""actual_procedures"": {""1"": ""Z00.129""}, ""icd_10_procedures_mismatch"": false}",1: Z00.129,CO,45,45,,,,,45,,,,"MOLINA HEALTHCARE OF NEVADA, INC.",mco_medicaid,PRIMARY,530,293.99,0.55,1861707069,0,4
48,3,8,30005,45111,90697,vaccine_administration,HC,,,,,,1,0,0,08-08-2025,08-08-2025,28-08-2025,25-08-2025,"{""icd_10"": {""1"": ""Z00.129"", ""2"": ""Z23"", ""3"": ""H02.401""}, ""procedures"": {""1"": ""2""}, ""actual_procedures"": {""1"": ""Z23""}, ""icd_10_procedures_mismatch"": false}",1: Z23,,,,,,,,,,,,"MOLINA HEALTHCARE OF NEVADA, INC.",mco_medicaid,PRIMARY,530,293.99,0.55,1861707069,0,4
48,4,9,30005,45111,90671,vaccine,HC,,,,,,1,0,0,08-08-2025,08-08-2025,28-08-2025,25-08-2025,"{""icd_10"": {""1"": ""Z00.129"", ""2"": ""Z23"", ""3"": ""H02.401""}, ""procedures"": {""1"": ""2""}, ""actual_procedures"": {""1"": ""Z23""}, ""icd_10_procedures_mismatch"": false}",1: Z23,,,,,,,,,,,,"MOLINA HEALTHCARE OF NEVADA, INC.",mco_medicaid,PRIMARY,530,293.99,0.55,1861707069,0,4
48,5,10,30005,45111,90680,vaccine,HC,,,,,,1,0,0,08-08-2025,08-08-2025,28-08-2025,25-08-2025,"{""icd_10"": {""1"": ""Z00.129"", ""2"": ""Z23"", ""3"": ""H02.401""}, ""procedures"": {""1"": ""2""}, ""actual_procedures"": {""1"": ""Z23""}, ""icd_10_procedures_mismatch"": false}",1: Z23,,,,,,,,,,,,"MOLINA HEALTHCARE OF NEVADA, INC.",mco_medicaid,PRIMARY,530,293.99,0.55,1861707069,0,4
48,6,11,30005,45111,90460,vaccine_administration,HC,,,,,,3,75,69.99,08-08-2025,08-08-2025,28-08-2025,25-08-2025,"{""icd_10"": {""1"": ""Z00.129"", ""2"": ""Z23"", ""3"": ""H02.401""}, ""procedures"": {""1"": ""2""}, ""actual_procedures"": {""1"": ""Z23""}, ""icd_10_procedures_mismatch"": false}",1: Z23,CO,45,45,,,,,45,,,,"MOLINA HEALTHCARE OF NEVADA, INC.",mco_medicaid,PRIMARY,530,293.99,0.55,1861707069,0,4
48,7,12,30005,45111,90472,vaccine_administration,HC,,,,,,3,75,34.68,08-08-2025,08-08-2025,28-08-2025,25-08-2025,"{""icd_10"": {""1"": ""Z00.129"", ""2"": ""Z23"", ""3"": ""H02.401""}, ""procedures"": {""1"": ""2""}, ""actual_procedures"": {""1"": ""Z23""}, ""icd_10_procedures_mismatch"": false}",1: Z23,CO,45,45,,,,,45,,,,"MOLINA HEALTHCARE OF NEVADA, INC.",mco_medicaid,PRIMARY,530,293.99,0.55,1861707069,0,4
49,1,13,13249,980,99213,sick_visit,HC,25,,,,,1,150,75.16,08-08-2025,08-08-2025,28-08-2025,25-08-2025,"{""icd_10"": {""1"": ""Z00.129"", ""2"": ""Z71.3"", ""3"": ""Z71.82"", ""4"": ""Z23"", ""5"": ""L85.3"", ""6"": ""Z68.52"", ""7"": ""Z29.3""}, ""procedures"": {""1"": ""5""}, ""actual_procedures"": {""1"": ""L85.3""}, ""icd_10_procedures_mismatch"": false}",1: L85.3,CO,45,45,,,,,45,,,,"MOLINA HEALTHCARE OF NEVADA, INC.",mco_medicaid,PRIMARY,570,302,0.53,1861707069,7,84
49,2,14,13249,980,99393,well_visit,HC,EP,25,,,,1,230,109.25,08-08-2025,08-08-2025,28-08-2025,25-08-2025,"{""icd_10"": {""1"": ""Z00.129"", ""2"": ""Z71.3"", ""3"": ""Z71.82"", ""4"": ""Z23"", ""5"": ""L85.3"", ""6"": ""Z68.52"", ""7"": ""Z29.3""}, ""procedures"": {""1"": ""1"", ""2"": ""2"", ""3"": ""3"", ""4"": ""6""}, ""actual_procedures"": {""1"": ""Z00.129"", ""2"": ""Z71.3"", ""3"": ""Z71.82"", ""4"": ""Z68.52""}, ""icd_10_procedures_mismatch"": false}","1: Z00.129 | 2: Z71.3
3: Z71.82 | 4: Z68.52",CO,45,45,,,,,45,,,,"MOLINA HEALTHCARE OF NEVADA, INC.",mco_medicaid,PRIMARY,570,302,0.53,1861707069,7,84
49,3,15,13249,980,90472,vaccine_administration,HC,,,,,,3,75,34.68,08-08-2025,08-08-2025,28-08-2025,25-08-2025,"{""icd_10"": {""1"": ""Z00.129"", ""2"": ""Z71.3"", ""3"": ""Z71.82"", ""4"": ""Z23"", ""5"": ""L85.3"", ""6"": ""Z68.52"", ""7"": ""Z29.3""}, ""procedures"": {""1"": ""4""}, ""actual_procedures"": {""1"": ""Z23""}, ""icd_10_procedures_mismatch"": false}",1: Z23,CO,45,45,,,,,45,,,,"MOLINA HEALTHCARE OF NEVADA, INC.",mco_medicaid,PRIMARY,570,302,0.53,1861707069,7,84
49,4,16,13249,980,99188,procedure,HC,,,,,,1,40,12.92,08-08-2025,08-08-2025,28-08-2025,25-08-2025,"{""icd_10"": {""1"": ""Z00.129"", ""2"": ""Z71.3"", ""3"": ""Z71.82"", ""4"": ""Z23"", ""5"": ""L85.3"", ""6"": ""Z68.52"", ""7"": ""Z29.3""}, ""procedures"": {""1"": ""7""}, ""actual_procedures"": {""1"": ""Z29.3""}, ""icd_10_procedures_mismatch"": false}",1: Z29.3,CO,45,45,,,,,45,,,,"MOLINA HEALTHCARE OF NEVADA, INC.",mco_medicaid,PRIMARY,570,302,0.53,1861707069,7,84
49,5,17,13249,980,90460,vaccine_administration,HC,,,,,,3,75,69.99,08-08-2025,08-08-2025,28-08-2025,25-08-2025,"{""icd_10"": {""1"": ""Z00.129"", ""2"": ""Z71.3"", ""3"": ""Z71.82"", ""4"": ""Z23"", ""5"": ""L85.3"", ""6"": ""Z68.52"", ""7"": ""Z29.3""}, ""procedures"": {""1"": ""4""}, ""actual_procedures"": {""1"": ""Z23""}, ""icd_10_procedures_mismatch"": false}",1: Z23,CO,45,45,,,,,45,,,,"MOLINA HEALTHCARE OF NEVADA, INC.",mco_medicaid,PRIMARY,570,302,0.53,1861707069,7,84
49,6,18,13249,980,90633,vaccine,HC,,,,,,1,0,0,08-08-2025,08-08-2025,28-08-2025,25-08-2025,"{""icd_10"": {""1"": ""Z00.129"", ""2"": ""Z71.3"", ""3"": ""Z71.82"", ""4"": ""Z23"", ""5"": ""L85.3"", ""6"": ""Z68.52"", ""7"": ""Z29.3""}, ""procedures"": {""1"": ""4""}, ""actual_procedures"": {""1"": ""Z23""}, ""icd_10_procedures_mismatch"": false}",1: Z23,,,,,,,,,,,,"MOLINA HEALTHCARE OF NEVADA, INC.",mco_medicaid,PRIMARY,570,302,0.53,1861707069,7,84
49,7,19,13249,980,90707,vaccine,HC,,,,,,1,0,0,08-08-2025,08-08-2025,28-08-2025,25-08-2025,"{""icd_10"": {""1"": ""Z00.129"", ""2"": ""Z71.3"", ""3"": ""Z71.82"", ""4"": ""Z23"", ""5"": ""L85.3"", ""6"": ""Z68.52"", ""7"": ""Z29.3""}, ""procedures"": {""1"": ""4""}, ""actual_procedures"": {""1"": ""Z23""}, ""icd_10_procedures_mismatch"": false}",1: Z23,,,,,,,,,,,,"MOLINA HEALTHCARE OF NEVADA, INC.",mco_medicaid,PRIMARY,570,302,0.53,1861707069,7,84
49,8,20,13249,980,90716,vaccine,HC,,,,,,1,0,0,08-08-2025,08-08-2025,28-08-2025,25-08-2025,"{""icd_10"": {""1"": ""Z00.129"", ""2"": ""Z71.3"", ""3"": ""Z71.82"", ""4"": ""Z23"", ""5"": ""L85.3"", ""6"": ""Z68.52"", ""7"": ""Z29.3""}, ""procedures"": {""1"": ""4""}, ""actual_procedures"": {""1"": ""Z23""}, ""icd_10_procedures_mismatch"": false}",1: Z23,,,,,,,,,,,,"MOLINA HEALTHCARE OF NEVADA, INC.",mco_medicaid,PRIMARY,570,302,0.53,1861707069,7,84
50,1,21,1454131,16237,99213,sick_visit,HC,25,,,,,1,150,75.16,17-07-2025,17-07-2025,28-08-2025,25-08-2025,"{""icd_10"": {""1"": ""Z00.129"", ""2"": ""Z71.3"", ""3"": ""R63.8"", ""4"": ""Z29.3""}, ""procedures"": {""1"": ""3""}, ""actual_procedures"": {""1"": ""R63.8""}}",1: R63.8,CO,45,45,,,,,45,,,,"MOLINA HEALTHCARE OF NEVADA, INC.",mco_medicaid,PRIMARY,410,197.71,0.48,1861707069,3,36
50,2,22,1454131,16237,99392,well_visit,HC,EP,25,,,,1,220,109.63,17-07-2025,17-07-2025,28-08-2025,25-08-2025,"{""icd_10"": {""1"": ""Z00.129"", ""2"": ""Z71.3"", ""3"": ""R63.8"", ""4"": ""Z29.3""}, ""procedures"": {""1"": ""1"", ""2"": ""2""}, ""actual_procedures"": {""1"": ""Z00.129"", ""2"": ""Z71.3""}}",1: Z00.129 | 2: Z71.3,CO,45,45,,,,,45,,,,"MOLINA HEALTHCARE OF NEVADA, INC.",mco_medicaid,PRIMARY,410,197.71,0.48,1861707069,3,36
50,3,23,1454131,16237,99188,procedure,HC,,,,,,1,40,12.92,17-07-2025,17-07-2025,28-08-2025,25-08-2025,"{""icd_10"": {""1"": ""Z00.129"", ""2"": ""Z71.3"", ""3"": ""R63.8"", ""4"": ""Z29.3""}, ""procedures"": {""1"": ""4""}, ""actual_procedures"": {""1"": ""Z29.3""}}",1: Z29.3,CO,45,45,,,,,45,,,,"MOLINA HEALTHCARE OF NEVADA, INC.",mco_medicaid,PRIMARY,410,197.71,0.48,1861707069,3,36
65,1,1,35816,50922,99212,,HC,U6,25,,,,1,95,40.63,21-07-2025,21-07-2025,19-08-2025,15-08-2025,"{""icd_10"": {""1"": ""Z00.129"", ""2"": ""Z68.52"", ""3"": ""Z71.3"", ""4"": ""Z71.82"", ""5"": ""Z23"", ""6"": ""Z13.31"", ""7"": ""Z30.02"", ""8"": ""Z29.3"", ""9"": ""L20.89""}, ""procedures"": {""1"": ""9""}, ""actual_procedures"": {""1"": ""L20.89""}}",1: L20.89,CO,45,45,,N381,N381,,45,,N381,,ANTHEM BCBS HEALTHCARE SOLUTIONS,mco_medicaid,PRIMARY,520.01,218.44,0.42,1073015541,17,213
65,2,2,35816,50922,99394,well_visit,HC,EP,25,,,,1,260,107.48,21-07-2025,21-07-2025,19-08-2025,15-08-2025,"{""icd_10"": {""1"": ""Z00.129"", ""2"": ""Z68.52"", ""3"": ""Z71.3"", ""4"": ""Z71.82"", ""5"": ""Z23"", ""6"": ""Z13.31"", ""7"": ""Z30.02"", ""8"": ""Z29.3"", ""9"": ""L20.89""}, ""procedures"": {""1"": ""1"", ""2"": ""2"", ""3"": ""3"", ""4"": ""4""}, ""actual_procedures"": {""1"": ""Z00.129"", ""2"": ""Z68.52"", ""3"": ""Z71.3"", ""4"": ""Z71.82""}}","1: Z00.129 | 2: Z68.52
3: Z71.3 | 4: Z71.82",CO,45,45,,N381,N381,,45,,N381,,ANTHEM BCBS HEALTHCARE SOLUTIONS,mco_medicaid,PRIMARY,520.01,218.44,0.42,1073015541,17,213
65,3,3,35816,50922,90460,vaccine_administration,HC,,,,,,1,25,21,21-07-2025,21-07-2025,19-08-2025,15-08-2025,"{""icd_10"": {""1"": ""Z00.129"", ""2"": ""Z68.52"", ""3"": ""Z71.3"", ""4"": ""Z71.82"", ""5"": ""Z23"", ""6"": ""Z13.31"", ""7"": ""Z30.02"", ""8"": ""Z29.3"", ""9"": ""L20.89""}, ""procedures"": {""1"": ""5""}, ""actual_procedures"": {""1"": ""Z23""}}",1: Z23,CO,45,45,,N381,N381,,45,,N381,,ANTHEM BCBS HEALTHCARE SOLUTIONS,mco_medicaid,PRIMARY,520.01,218.44,0.42,1073015541,17,213
65,4,4,35816,50922,96127,procedure,HC,59,,,,,1,25,4.55,21-07-2025,21-07-2025,19-08-2025,15-08-2025,"{""icd_10"": {""1"": ""Z00.129"", ""2"": ""Z68.52"", ""3"": ""Z71.3"", ""4"": ""Z71.82"", ""5"": ""Z23"", ""6"": ""Z13.31"", ""7"": ""Z30.02"", ""8"": ""Z29.3"", ""9"": ""L20.89""}, ""procedures"": {""1"": ""6""}, ""actual_procedures"": {""1"": ""Z13.31""}}",1: Z13.31,CO,45,45,,N381,N381,,45,,N381,,ANTHEM BCBS HEALTHCARE SOLUTIONS,mco_medicaid,PRIMARY,520.01,218.44,0.42,1073015541,17,213
65,5,5,35816,50922,90621,vaccine,HC,,,,,,0,0.01,0,21-07-2025,21-07-2025,19-08-2025,15-08-2025,"{""icd_10"": {""1"": ""Z00.129"", ""2"": ""Z68.52"", ""3"": ""Z71.3"", ""4"": ""Z71.82"", ""5"": ""Z23"", ""6"": ""Z13.31"", ""7"": ""Z30.02"", ""8"": ""Z29.3"", ""9"": ""L20.89""}, ""procedures"": {""1"": ""5""}, ""actual_procedures"": {""1"": ""Z23""}}",1: Z23,CO,45,45,,N381,N381,,45,,N381,,ANTHEM BCBS HEALTHCARE SOLUTIONS,mco_medicaid,PRIMARY,520.01,218.44,0.42,1073015541,17,213
65,6,6,35816,50922,99188,procedure,HC,,,,,,1,40,11.63,21-07-2025,21-07-2025,19-08-2025,15-08-2025,"{""icd_10"": {""1"": ""Z00.129"", ""2"": ""Z68.52"", ""3"": ""Z71.3"", ""4"": ""Z71.82"", ""5"": ""Z23"", ""6"": ""Z13.31"", ""7"": ""Z30.02"", ""8"": ""Z29.3"", ""9"": ""L20.89""}, ""procedures"": {""1"": ""8""}, ""actual_procedures"": {""1"": ""Z29.3""}}",1: Z29.3,CO,45,45,,N381,N381,,45,,N381,,ANTHEM BCBS HEALTHCARE SOLUTIONS,mco_medicaid,PRIMARY,520.01,218.44,0.42,1073015541,17,213
65,7,7,35816,50922,99401,Counseling - Preventive Counseling,HC,FP,25,,,,1,75,33.15,21-07-2025,21-07-2025,19-08-2025,15-08-2025,"{""icd_10"": {""1"": ""Z00.129"", ""2"": ""Z68.52"", ""3"": ""Z71.3"", ""4"": ""Z71.82"", ""5"": ""Z23"", ""6"": ""Z13.31"", ""7"": ""Z30.02"", ""8"": ""Z29.3"", ""9"": ""L20.89""}, ""procedures"": {""1"": ""7""}, ""actual_procedures"": {""1"": ""Z30.02""}}",1: Z30.02,CO,45,45,,N381,N381,,45,,N381,,ANTHEM BCBS HEALTHCARE SOLUTIONS,mco_medicaid,PRIMARY,520.01,218.44,0.42,1073015541,17,213
66,1,8,31457,46563,99213,sick_visit,HC,U6,25,,,,1,150,67.64,25-07-2025,25-07-2025,19-08-2025,15-08-2025,"{""icd_10"": {""1"": ""Z00.129"", ""2"": ""Z68.53"", ""3"": ""Z71.3"", ""4"": ""Z71.82"", ""5"": ""Z29.3"", ""6"": ""Z23"", ""7"": ""J30.2"", ""8"": ""R04.0"", ""9"": ""Z13.31""}, ""procedures"": {""1"": ""7"", ""2"": ""8""}, ""actual_procedures"": {""1"": ""J30.2"", ""2"": ""R04.0""}}",1: J30.2 | 2: R04.0,CO,45,45,,N381,N381,,45,,N381,,ANTHEM BCBS HEALTHCARE SOLUTIONS,mco_medicaid,PRIMARY,525.01,230.81,0.44,1073015541,12,155
66,2,9,31457,46563,99384,well_visit,HC,EP,25,,,,1,285,125.99,25-07-2025,25-07-2025,19-08-2025,15-08-2025,"{""icd_10"": {""1"": ""Z00.129"", ""2"": ""Z68.53"", ""3"": ""Z71.3"", ""4"": ""Z71.82"", ""5"": ""Z29.3"", ""6"": ""Z23"", ""7"": ""J30.2"", ""8"": ""R04.0"", ""9"": ""Z13.31""}, ""procedures"": {""1"": ""1"", ""2"": ""2"", ""3"": ""3"", ""4"": ""4""}, ""actual_procedures"": {""1"": ""Z00.129"", ""2"": ""Z68.53"", ""3"": ""Z71.3"", ""4"": ""Z71.82""}}","1: Z00.129 | 2: Z68.53
3: Z71.3 | 4: Z71.82",CO,45,45,,N381,N381,,45,,N381,,ANTHEM BCBS HEALTHCARE SOLUTIONS,mco_medicaid,PRIMARY,525.01,230.81,0.44,1073015541,12,155
66,3,10,31457,46563,90460,vaccine_administration,HC,,,,,,1,25,21,25-07-2025,25-07-2025,19-08-2025,15-08-2025,"{""icd_10"": {""1"": ""Z00.129"", ""2"": ""Z68.53"", ""3"": ""Z71.3"", ""4"": ""Z71.82"", ""5"": ""Z29.3"", ""6"": ""Z23"", ""7"": ""J30.2"", ""8"": ""R04.0"", ""9"": ""Z13.31""}, ""procedures"": {""1"": ""6""}, ""actual_procedures"": {""1"": ""Z23""}}",1: Z23,CO,45,45,,N381,N381,,45,,N381,,ANTHEM BCBS HEALTHCARE SOLUTIONS,mco_medicaid,PRIMARY,525.01,230.81,0.44,1073015541,12,155
66,4,11,31457,46563,96127,procedure,HC,59,,,,,1,25,4.55,25-07-2025,25-07-2025,19-08-2025,15-08-2025,"{""icd_10"": {""1"": ""Z00.129"", ""2"": ""Z68.53"", ""3"": ""Z71.3"", ""4"": ""Z71.82"", ""5"": ""Z29.3"", ""6"": ""Z23"", ""7"": ""J30.2"", ""8"": ""R04.0"", ""9"": ""Z13.31""}, ""procedures"": {""1"": ""9""}, ""actual_procedures"": {""1"": ""Z13.31""}}",1: Z13.31,CO,45,45,,N381,N381,,45,,N381,,ANTHEM BCBS HEALTHCARE SOLUTIONS,mco_medicaid,PRIMARY,525.01,230.81,0.44,1073015541,12,155
66,5,12,31457,46563,90651,vaccine,HC,,,,,,0,0.01,0,25-07-2025,25-07-2025,19-08-2025,15-08-2025,"{""icd_10"": {""1"": ""Z00.129"", ""2"": ""Z68.53"", ""3"": ""Z71.3"", ""4"": ""Z71.82"", ""5"": ""Z29.3"", ""6"": ""Z23"", ""7"": ""J30.2"", ""8"": ""R04.0"", ""9"": ""Z13.31""}, ""procedures"": {""1"": ""6""}, ""actual_procedures"": {""1"": ""Z23""}}",1: Z23,CO,45,45,,N381,N381,,45,,N381,,ANTHEM BCBS HEALTHCARE SOLUTIONS,mco_medicaid,PRIMARY,525.01,230.81,0.44,1073015541,12,155
66,6,13,31457,46563,99188,procedure,HC,,,,,,1,40,11.63,25-07-2025,25-07-2025,19-08-2025,15-08-2025,"{""icd_10"": {""1"": ""Z00.129"", ""2"": ""Z68.53"", ""3"": ""Z71.3"", ""4"": ""Z71.82"", ""5"": ""Z29.3"", ""6"": ""Z23"", ""7"": ""J30.2"", ""8"": ""R04.0"", ""9"": ""Z13.31""}, ""procedures"": {""1"": ""5""}, ""actual_procedures"": {""1"": ""Z29.3""}}",1: Z29.3,CO,45,45,,N381,N381,,45,,N381,,ANTHEM BCBS HEALTHCARE SOLUTIONS,mco_medicaid,PRIMARY,525.01,230.81,0.44,1073015541,12,155
67,1,14,35831,50937,90671,vaccine,HC,,,,,,1,0.01,0.01,18-07-2025,18-07-2025,19-08-2025,15-08-2025,"{""icd_10"": {""1"": ""Z00.129"", ""2"": ""Z23"", ""3"": ""R09.81""}, ""procedures"": {""1"": ""2""}, ""actual_procedures"": {""1"": ""Z23""}}",1: Z23,,,,,,,,,,,,ANTHEM BCBS HEALTHCARE SOLUTIONS,mco_medicaid,PRIMARY,540.05,288.64,0.53,1073015541,0,4
67,2,15,35831,50937,99213,sick_visit,HC,U6,25,,,,1,150,67.64,18-07-2025,18-07-2025,19-08-2025,15-08-2025,"{""icd_10"": {""1"": ""Z00.129"", ""2"": ""Z23"", ""3"": ""R09.81""}, ""procedures"": {""1"": ""3""}, ""actual_procedures"": {""1"": ""R09.81""}}",1: R09.81,CO,45,45,,N381,N381,,45,,N381,,ANTHEM BCBS HEALTHCARE SOLUTIONS,mco_medicaid,PRIMARY,540.05,288.64,0.53,1073015541,0,4
67,3,16,35831,50937,99391,well_visit,HC,EP,25,,,,1,200,92.43,18-07-2025,18-07-2025,19-08-2025,15-08-2025,"{""icd_10"": {""1"": ""Z00.129"", ""2"": ""Z23"", ""3"": ""R09.81""}, ""procedures"": {""1"": ""1""}, ""actual_procedures"": {""1"": ""Z00.129""}}",1: Z00.129,CO,45,45,,N381,N381,,45,,N381,,ANTHEM BCBS HEALTHCARE SOLUTIONS,mco_medicaid,PRIMARY,540.05,288.64,0.53,1073015541,0,4
67,4,17,35831,50937,90460,vaccine_administration,HC,,,,,,5,125,104.99,18-07-2025,18-07-2025,19-08-2025,15-08-2025,"{""icd_10"": {""1"": ""Z00.129"", ""2"": ""Z23"", ""3"": ""R09.81""}, ""procedures"": {""1"": ""2""}, ""actual_procedures"": {""1"": ""Z23""}}",1: Z23,CO,45,45,,N381,N381,,45,,N381,,ANTHEM BCBS HEALTHCARE SOLUTIONS,mco_medicaid,PRIMARY,540.05,288.64,0.53,1073015541,0,4
67,5,18,35831,50937,94760,respiratory,HC,59,,,,,1,15,2.75,18-07-2025,18-07-2025,19-08-2025,15-08-2025,"{""icd_10"": {""1"": ""Z00.129"", ""2"": ""Z23"", ""3"": ""R09.81""}, ""procedures"": {""1"": ""3""}, ""actual_procedures"": {""1"": ""R09.81""}}",1: R09.81,CO,45,45,,N381,N381,,45,,N381,,ANTHEM BCBS HEALTHCARE SOLUTIONS,mco_medicaid,PRIMARY,540.05,288.64,0.53,1073015541,0,4
67,6,19,35831,50937,90700,vaccine,HC,,,,,,0,0.01,0,18-07-2025,18-07-2025,19-08-2025,15-08-2025,"{""icd_10"": {""1"": ""Z00.129"", ""2"": ""Z23"", ""3"": ""R09.81""}, ""procedures"": {""1"": ""2""}, ""actual_procedures"": {""1"": ""Z23""}}",1: Z23,CO,45,45,,N381,N381,,45,,N381,,ANTHEM BCBS HEALTHCARE SOLUTIONS,mco_medicaid,PRIMARY,540.05,288.64,0.53,1073015541,0,4
67,7,20,35831,50937,90647,vaccine,HC,,,,,,0,0.01,0,18-07-2025,18-07-2025,19-08-2025,15-08-2025,"{""icd_10"": {""1"": ""Z00.129"", ""2"": ""Z23"", ""3"": ""R09.81""}, ""procedures"": {""1"": ""2""}, ""actual_procedures"": {""1"": ""Z23""}}",1: Z23,CO,45,45,,N381,N381,,45,,N381,,ANTHEM BCBS HEALTHCARE SOLUTIONS,mco_medicaid,PRIMARY,540.05,288.64,0.53,1073015541,0,4
67,8,21,35831,50937,90472,vaccine_administration,HC,,,,,,2,50,20.81,18-07-2025,18-07-2025,19-08-2025,15-08-2025,"{""icd_10"": {""1"": ""Z00.129"", ""2"": ""Z23"", ""3"": ""R09.81""}, ""procedures"": {""1"": ""2""}, ""actual_procedures"": {""1"": ""Z23""}}",1: Z23,CO,45,45,,N381,N381,,45,,N381,,ANTHEM BCBS HEALTHCARE SOLUTIONS,mco_medicaid,PRIMARY,540.05,288.64,0.53,1073015541,0,4
67,9,22,35831,50937,90713,vaccine,HC,,,,,,1,0.01,0.01,18-07-2025,18-07-2025,19-08-2025,15-08-2025,"{""icd_10"": {""1"": ""Z00.129"", ""2"": ""Z23"", ""3"": ""R09.81""}, ""procedures"": {""1"": ""2""}, ""actual_procedures"": {""1"": ""Z23""}}",1: Z23,,,,,,,,,,,,ANTHEM BCBS HEALTHCARE SOLUTIONS,mco_medicaid,PRIMARY,540.05,288.64,0.53,1073015541,0,4
67,10,23,35831,50937,90680,vaccine,HC,,,,,,0,0.01,0,18-07-2025,18-07-2025,19-08-2025,15-08-2025,"{""icd_10"": {""1"": ""Z00.129"", ""2"": ""Z23"", ""3"": ""R09.81""}, ""procedures"": {""1"": ""2""}, ""actual_procedures"": {""1"": ""Z23""}}",1: Z23,CO,45,45,,N381,N381,,45,,N381,,ANTHEM BCBS HEALTHCARE SOLUTIONS,mco_medicaid,PRIMARY,540.05,288.64,0.53,1073015541,0,4
68,1,24,1152877,26634,90460,vaccine_administration,HC,,,,,,3,75,62.99,24-07-2025,24-07-2025,19-08-2025,15-08-2025,"{""icd_10"": {""1"": ""Z00.129"", ""2"": ""Z68.54"", ""3"": ""Z71.3"", ""4"": ""Z71.82"", ""5"": ""Z29.3"", ""6"": ""Z23""}, ""procedures"": {""1"": ""6""}, ""actual_procedures"": {""1"": ""Z23""}}",1: Z23,CO,45,45,,N381,N381,,45,,N381,,ANTHEM BCBS HEALTHCARE SOLUTIONS,mco_medicaid,PRIMARY,395.03,193.76,0.49,1073015541,11,133
68,2,25,1152877,26634,99393,well_visit,HC,EP,25,,,,1,230,98.33,24-07-2025,24-07-2025,19-08-2025,15-08-2025,"{""icd_10"": {""1"": ""Z00.129"", ""2"": ""Z68.54"", ""3"": ""Z71.3"", ""4"": ""Z71.82"", ""5"": ""Z29.3"", ""6"": ""Z23""}, ""procedures"": {""1"": ""1"", ""2"": ""2"", ""3"": ""3"", ""4"": ""4""}, ""actual_procedures"": {""1"": ""Z00.129"", ""2"": ""Z68.54"", ""3"": ""Z71.3"", ""4"": ""Z71.82""}}","1: Z00.129 | 2: Z68.54
3: Z71.3 | 4: Z71.82",CO,45,45,,N381,N381,,45,,N381,,ANTHEM BCBS HEALTHCARE SOLUTIONS,mco_medicaid,PRIMARY,395.03,193.76,0.49,1073015541,11,133
68,3,26,1152877,26634,99188,procedure,HC,,,,,,1,40,11.63,24-07-2025,24-07-2025,19-08-2025,15-08-2025,"{""icd_10"": {""1"": ""Z00.129"", ""2"": ""Z68.54"", ""3"": ""Z71.3"", ""4"": ""Z71.82"", ""5"": ""Z29.3"", ""6"": ""Z23""}, ""procedures"": {""1"": ""5""}, ""actual_procedures"": {""1"": ""Z29.3""}}",1: Z29.3,CO,45,45,,N381,N381,,45,,N381,,ANTHEM BCBS HEALTHCARE SOLUTIONS,mco_medicaid,PRIMARY,395.03,193.76,0.49,1073015541,11,133
68,4,27,1152877,26634,90715,vaccine,HC,,,,,,0,0.01,0,24-07-2025,24-07-2025,19-08-2025,15-08-2025,"{""icd_10"": {""1"": ""Z00.129"", ""2"": ""Z68.54"", ""3"": ""Z71.3"", ""4"": ""Z71.82"", ""5"": ""Z29.3"", ""6"": ""Z23""}, ""procedures"": {""1"": ""6""}, ""actual_procedures"": {""1"": ""Z23""}}",1: Z23,CO,97,97,,N19,N19,,97,,N19,,ANTHEM BCBS HEALTHCARE SOLUTIONS,mco_medicaid,PRIMARY,395.03,193.76,0.49,1073015541,11,133
68,5,28,1152877,26634,90619,vaccine,HC,,,,,,0,0.01,0,24-07-2025,24-07-2025,19-08-2025,15-08-2025,"{""icd_10"": {""1"": ""Z00.129"", ""2"": ""Z68.54"", ""3"": ""Z71.3"", ""4"": ""Z71.82"", ""5"": ""Z29.3"", ""6"": ""Z23""}, ""procedures"": {""1"": ""6""}, ""actual_procedures"": {""1"": ""Z23""}}",1: Z23,CO,256,256,,N448,N448,,256,,N448,,ANTHEM BCBS HEALTHCARE SOLUTIONS,mco_medicaid,PRIMARY,395.03,193.76,0.49,1073015541,11,133
68,6,29,1152877,26634,90651,vaccine,HC,,,,,,0,0.01,0,24-07-2025,24-07-2025,19-08-2025,15-08-2025,"{""icd_10"": {""1"": ""Z00.129"", ""2"": ""Z68.54"", ""3"": ""Z71.3"", ""4"": ""Z71.82"", ""5"": ""Z29.3"", ""6"": ""Z23""}, ""procedures"": {""1"": ""6""}, ""actual_procedures"": {""1"": ""Z23""}}",1: Z23,CO,45,45,,N381,N381,,45,,N381,,ANTHEM BCBS HEALTHCARE SOLUTIONS,mco_medicaid,PRIMARY,395.03,193.76,0.49,1073015541,11,133
68,7,30,1152877,26634,90472,vaccine_administration,HC,,,,,,2,50,20.81,24-07-2025,24-07-2025,19-08-2025,15-08-2025,"{""icd_10"": {""1"": ""Z00.129"", ""2"": ""Z68.54"", ""3"": ""Z71.3"", ""4"": ""Z71.82"", ""5"": ""Z29.3"", ""6"": ""Z23""}, ""procedures"": {""1"": ""6""}, ""actual_procedures"": {""1"": ""Z23""}}",1: Z23,CO,45,45,,N381,N381,,45,,N381,,ANTHEM BCBS HEALTHCARE SOLUTIONS,mco_medicaid,PRIMARY,395.03,193.76,0.49,1073015541,11,133
69,1,31,31469,46575,99212,,HC,U6,25,,,,1,95,40.63,17-07-2025,17-07-2025,19-08-2025,15-08-2025,"{""icd_10"": {""1"": ""Z00.129"", ""2"": ""Z68.53"", ""3"": ""Z71.3"", ""4"": ""Z71.82"", ""5"": ""Z29.3"", ""6"": ""Z23"", ""7"": ""L20.89""}, ""procedures"": {""1"": ""7""}, ""actual_procedures"": {""1"": ""L20.89""}}",1: L20.89,CO,45,45,,N381,N381,,45,,N381,,ANTHEM BCBS HEALTHCARE SOLUTIONS,mco_medicaid,PRIMARY,520.03,247.61,0.48,1073015541,11,142
69,2,32,31469,46575,99383,well_visit,HC,EP,25,,,,1,260,111.55,17-07-2025,17-07-2025,19-08-2025,15-08-2025,"{""icd_10"": {""1"": ""Z00.129"", ""2"": ""Z68.53"", ""3"": ""Z71.3"", ""4"": ""Z71.82"", ""5"": ""Z29.3"", ""6"": ""Z23"", ""7"": ""L20.89""}, ""procedures"": {""1"": ""1"", ""2"": ""2"", ""3"": ""3"", ""4"": ""4""}, ""actual_procedures"": {""1"": ""Z00.129"", ""2"": ""Z68.53"", ""3"": ""Z71.3"", ""4"": ""Z71.82""}}","1: Z00.129 | 2: Z68.53
3: Z71.3 | 4: Z71.82",CO,45,45,,N381,N381,,45,,N381,,ANTHEM BCBS HEALTHCARE SOLUTIONS,mco_medicaid,PRIMARY,520.03,247.61,0.48,1073015541,11,142
69,3,33,31469,46575,90460,vaccine_administration,HC,,,,,,3,75,62.99,17-07-2025,17-07-2025,19-08-2025,15-08-2025,"{""icd_10"": {""1"": ""Z00.129"", ""2"": ""Z68.53"", ""3"": ""Z71.3"", ""4"": ""Z71.82"", ""5"": ""Z29.3"", ""6"": ""Z23"", ""7"": ""L20.89""}, ""procedures"": {""1"": ""6""}, ""actual_procedures"": {""1"": ""Z23""}}",1: Z23,CO,45,45,,N381,N381,,45,,N381,,ANTHEM BCBS HEALTHCARE SOLUTIONS,mco_medicaid,PRIMARY,520.03,247.61,0.48,1073015541,11,142
69,4,34,31469,46575,90715,vaccine,HC,,,,,,0,0.01,0,17-07-2025,17-07-2025,19-08-2025,15-08-2025,"{""icd_10"": {""1"": ""Z00.129"", ""2"": ""Z68.53"", ""3"": ""Z71.3"", ""4"": ""Z71.82"", ""5"": ""Z29.3"", ""6"": ""Z23"", ""7"": ""L20.89""}, ""procedures"": {""1"": ""6""}, ""actual_procedures"": {""1"": ""Z23""}}",1: Z23,CO,97,97,,N19,N19,,97,,N19,,ANTHEM BCBS HEALTHCARE SOLUTIONS,mco_medicaid,PRIMARY,520.03,247.61,0.48,1073015541,11,142
69,5,35,31469,46575,90619,vaccine,HC,,,,,,0,0.01,0,17-07-2025,17-07-2025,19-08-2025,15-08-2025,"{""icd_10"": {""1"": ""Z00.129"", ""2"": ""Z68.53"", ""3"": ""Z71.3"", ""4"": ""Z71.82"", ""5"": ""Z29.3"", ""6"": ""Z23"", ""7"": ""L20.89""}, ""procedures"": {""1"": ""6""}, ""actual_procedures"": {""1"": ""Z23""}}",1: Z23,CO,256,256,,N448,N448,,256,,N448,,ANTHEM BCBS HEALTHCARE SOLUTIONS,mco_medicaid,PRIMARY,520.03,247.61,0.48,1073015541,11,142
69,6,36,31469,46575,90651,vaccine,HC,,,,,,0,0.01,0,17-07-2025,17-07-2025,19-08-2025,15-08-2025,"{""icd_10"": {""1"": ""Z00.129"", ""2"": ""Z68.53"", ""3"": ""Z71.3"", ""4"": ""Z71.82"", ""5"": ""Z29.3"", ""6"": ""Z23"", ""7"": ""L20.89""}, ""procedures"": {""1"": ""6""}, ""actual_procedures"": {""1"": ""Z23""}}",1: Z23,CO,45,45,,N381,N381,,45,,N381,,ANTHEM BCBS HEALTHCARE SOLUTIONS,mco_medicaid,PRIMARY,520.03,247.61,0.48,1073015541,11,142
69,7,37,31469,46575,90472,vaccine_administration,HC,,,,,,2,50,20.81,17-07-2025,17-07-2025,19-08-2025,15-08-2025,"{""icd_10"": {""1"": ""Z00.129"", ""2"": ""Z68.53"", ""3"": ""Z71.3"", ""4"": ""Z71.82"", ""5"": ""Z29.3"", ""6"": ""Z23"", ""7"": ""L20.89""}, ""procedures"": {""1"": ""6""}, ""actual_procedures"": {""1"": ""Z23""}}",1: Z23,CO,45,45,,N381,N381,,45,,N381,,ANTHEM BCBS HEALTHCARE SOLUTIONS,mco_medicaid,PRIMARY,520.03,247.61,0.48,1073015541,11,142
69,8,38,31469,46575,99188,procedure,HC,,,,,,1,40,11.63,17-07-2025,17-07-2025,19-08-2025,15-08-2025,"{""icd_10"": {""1"": ""Z00.129"", ""2"": ""Z68.53"", ""3"": ""Z71.3"", ""4"": ""Z71.82"", ""5"": ""Z29.3"", ""6"": ""Z23"", ""7"": ""L20.89""}, ""procedures"": {""1"": ""5""}, ""actual_procedures"": {""1"": ""Z29.3""}}",1: Z29.3,CO,45,45,,N381,N381,,45,,N381,,ANTHEM BCBS HEALTHCARE SOLUTIONS,mco_medicaid,PRIMARY,520.03,247.61,0.48,1073015541,11,142
70,1,39,35936CSDSD,51042,99213,sick_visit,HC,U6,25,,,,1,150,67.64,21-07-2025,21-07-2025,19-08-2025,15-08-2025,"{""icd_10"": {""1"": ""Z00.129"", ""2"": ""Z23"", ""3"": ""R09.81""}, ""procedures"": {""1"": ""3""}, ""actual_procedures"": {""1"": ""R09.81""}}",1: R09.81,CO,45,45,,N381,N381,,45,,N381,,ANTHEM BCBS HEALTHCARE SOLUTIONS,mco_medicaid,PRIMARY,525.05,285.89,0.54,1073015541,0,2
70,2,40,35936CSDSD,51042,99391,well_visit,HC,EP,25,,,,1,200,92.43,21-07-2025,21-07-2025,19-08-2025,15-08-2025,"{""icd_10"": {""1"": ""Z00.129"", ""2"": ""Z23"", ""3"": ""R09.81""}, ""procedures"": {""1"": ""1""}, ""actual_procedures"": {""1"": ""Z00.129""}}",1: Z00.129,CO,45,45,,N381,N381,,45,,N381,,ANTHEM BCBS HEALTHCARE SOLUTIONS,mco_medicaid,PRIMARY,525.05,285.89,0.54,1073015541,0,2
70,3,41,35936CSDSD,51042,90460,vaccine_administration,HC,,,,,,5,125,104.99,21-07-2025,21-07-2025,19-08-2025,15-08-2025,"{""icd_10"": {""1"": ""Z00.129"", ""2"": ""Z23"", ""3"": ""R09.81""}, ""procedures"": {""1"": ""2""}, ""actual_procedures"": {""1"": ""Z23""}}",1: Z23,CO,45,45,,N381,N381,,45,,N381,,ANTHEM BCBS HEALTHCARE SOLUTIONS,mco_medicaid,PRIMARY,525.05,285.89,0.54,1073015541,0,2
70,4,42,35936CSDSD,51042,90700,vaccine,HC,,,,,,0,0.01,0,21-07-2025,21-07-2025,19-08-2025,15-08-2025,"{""icd_10"": {""1"": ""Z00.129"", ""2"": ""Z23"", ""3"": ""R09.81""}, ""procedures"": {""1"": ""2""}, ""actual_procedures"": {""1"": ""Z23""}}",1: Z23,CO,45,45,,N381,N381,,45,,N381,,ANTHEM BCBS HEALTHCARE SOLUTIONS,mco_medicaid,PRIMARY,525.05,285.89,0.54,1073015541,0,2
70,5,43,35936CSDSD,51042,90647,vaccine,HC,,,,,,0,0.01,0,21-07-2025,21-07-2025,19-08-2025,15-08-2025,"{""icd_10"": {""1"": ""Z00.129"", ""2"": ""Z23"", ""3"": ""R09.81""}, ""procedures"": {""1"": ""2""}, ""actual_procedures"": {""1"": ""Z23""}}",1: Z23,CO,45,45,,N381,N381,,45,,N381,,ANTHEM BCBS HEALTHCARE SOLUTIONS,mco_medicaid,PRIMARY,525.05,285.89,0.54,1073015541,0,2
70,6,44,35936CSDSD,51042,90713,vaccine,HC,,,,,,1,0.01,0.01,21-07-2025,21-07-2025,19-08-2025,15-08-2025,"{""icd_10"": {""1"": ""Z00.129"", ""2"": ""Z23"", ""3"": ""R09.81""}, ""procedures"": {""1"": ""2""}, ""actual_procedures"": {""1"": ""Z23""}}",1: Z23,,,,,,,,,,,,ANTHEM BCBS HEALTHCARE SOLUTIONS,mco_medicaid,PRIMARY,525.05,285.89,0.54,1073015541,0,2
70,7,45,35936CSDSD,51042,90671,vaccine,HC,,,,,,1,0.01,0.01,21-07-2025,21-07-2025,19-08-2025,15-08-2025,"{""icd_10"": {""1"": ""Z00.129"", ""2"": ""Z23"", ""3"": ""R09.81""}, ""procedures"": {""1"": ""2""}, ""actual_procedures"": {""1"": ""Z23""}}",1: Z23,,,,,,,,,,,,ANTHEM BCBS HEALTHCARE SOLUTIONS,mco_medicaid,PRIMARY,525.05,285.89,0.54,1073015541,0,2
70,8,46,35936CSDSD,51042,90472,vaccine_administration,HC,,,,,,2,50,20.81,21-07-2025,21-07-2025,19-08-2025,15-08-2025,"{""icd_10"": {""1"": ""Z00.129"", ""2"": ""Z23"", ""3"": ""R09.81""}, ""procedures"": {""1"": ""2""}, ""actual_procedures"": {""1"": ""Z23""}}",1: Z23,CO,45,45,,N381,N381,,45,,N381,,ANTHEM BCBS HEALTHCARE SOLUTIONS,mco_medicaid,PRIMARY,525.05,285.89,0.54,1073015541,0,2
70,9,47,35936CSDSD,51042,90680,vaccine,HC,,,,,,0,0.01,0,21-07-2025,21-07-2025,19-08-2025,15-08-2025,"{""icd_10"": {""1"": ""Z00.129"", ""2"": ""Z23"", ""3"": ""R09.81""}, ""procedures"": {""1"": ""2""}, ""actual_procedures"": {""1"": ""Z23""}}",1: Z23,CO,45,45,,N381,N381,,45,,N381,,ANTHEM BCBS HEALTHCARE SOLUTIONS,mco_medicaid,PRIMARY,525.05,285.89,0.54,1073015541,0,2
71,1,48,35615,50721,99213,sick_visit,HC,U6,25,,,,1,150,67.64,16-07-2025,16-07-2025,19-08-2025,15-08-2025,"{""icd_10"": {""1"": ""Z00.129"", ""2"": ""Z23"", ""3"": ""K59.00""}, ""procedures"": {""1"": ""3""}, ""actual_procedures"": {""1"": ""K59.00""}}",1: K59.00,CO,45,45,,N381,N381,,45,,N381,,ANTHEM BCBS HEALTHCARE SOLUTIONS,mco_medicaid,PRIMARY,400.02,202.08,0.51,1073015541,0,7
71,2,49,35615,50721,99391,well_visit,HC,EP,25,,,,1,200,92.43,16-07-2025,16-07-2025,19-08-2025,15-08-2025,"{""icd_10"": {""1"": ""Z00.129"", ""2"": ""Z23"", ""3"": ""K59.00""}, ""procedures"": {""1"": ""1""}, ""actual_procedures"": {""1"": ""Z00.129""}}",1: Z00.129,CO,45,45,,N381,N381,,45,,N381,,ANTHEM BCBS HEALTHCARE SOLUTIONS,mco_medicaid,PRIMARY,400.02,202.08,0.51,1073015541,0,7
71,3,50,35615,50721,90460,vaccine_administration,HC,,,,,,2,50,41.99,16-07-2025,16-07-2025,19-08-2025,15-08-2025,"{""icd_10"": {""1"": ""Z00.129"", ""2"": ""Z23"", ""3"": ""K59.00""}, ""procedures"": {""1"": ""2""}, ""actual_procedures"": {""1"": ""Z23""}}",1: Z23,CO,45,45,,N381,N381,,45,,N381,,ANTHEM BCBS HEALTHCARE SOLUTIONS,mco_medicaid,PRIMARY,400.02,202.08,0.51,1073015541,0,7
71,4,51,35615,50721,90671,vaccine,HC,,,,,,1,0.01,0.01,16-07-2025,16-07-2025,19-08-2025,15-08-2025,"{""icd_10"": {""1"": ""Z00.129"", ""2"": ""Z23"", ""3"": ""K59.00""}, ""procedures"": {""1"": ""2""}, ""actual_procedures"": {""1"": ""Z23""}}",1: Z23,,,,,,,,,,,,ANTHEM BCBS HEALTHCARE SOLUTIONS,mco_medicaid,PRIMARY,400.02,202.08,0.51,1073015541,0,7
71,5,52,35615,50721,90713,vaccine,HC,,,,,,1,0.01,0.01,16-07-2025,16-07-2025,19-08-2025,15-08-2025,"{""icd_10"": {""1"": ""Z00.129"", ""2"": ""Z23"", ""3"": ""K59.00""}, ""procedures"": {""1"": ""2""}, ""actual_procedures"": {""1"": ""Z23""}}",1: Z23,,,,,,,,,,,,ANTHEM BCBS HEALTHCARE SOLUTIONS,mco_medicaid,PRIMARY,400.02,202.08,0.51,1073015541,0,7
72,1,53,339771,49083,99392,well_visit,HC,EP,25,,,,1,220,98.67,17-07-2025,17-07-2025,19-08-2025,15-08-2025,"{""icd_10"": {""1"": ""Z00.129"", ""2"": ""Z29.3"", ""3"": ""Z23""}, ""procedures"": {""1"": ""1""}, ""actual_procedures"": {""1"": ""Z00.129""}}",1: Z00.129,CO,45,45,,N381,N381,,45,,N381,,ANTHEM BCBS HEALTHCARE SOLUTIONS,mco_medicaid,PRIMARY,385.03,194.11,0.5,1073015541,1,16
72,2,54,339771,49083,90460,vaccine_administration,HC,,,,,,3,75,62.99,17-07-2025,17-07-2025,19-08-2025,15-08-2025,"{""icd_10"": {""1"": ""Z00.129"", ""2"": ""Z29.3"", ""3"": ""Z23""}, ""procedures"": {""1"": ""3""}, ""actual_procedures"": {""1"": ""Z23""}}",1: Z23,CO,45,45,,N381,N381,,45,,N381,,ANTHEM BCBS HEALTHCARE SOLUTIONS,mco_medicaid,PRIMARY,385.03,194.11,0.5,1073015541,1,16
72,3,55,339771,49083,99188,procedure,HC,,,,,,1,40,11.63,17-07-2025,17-07-2025,19-08-2025,15-08-2025,"{""icd_10"": {""1"": ""Z00.129"", ""2"": ""Z29.3"", ""3"": ""Z23""}, ""procedures"": {""1"": ""2""}, ""actual_procedures"": {""1"": ""Z29.3""}}",1: Z29.3,CO,45,45,,N381,N381,,45,,N381,,ANTHEM BCBS HEALTHCARE SOLUTIONS,mco_medicaid,PRIMARY,385.03,194.11,0.5,1073015541,1,16
72,4,56,339771,49083,90700,vaccine,HC,,,,,,0,0.01,0,17-07-2025,17-07-2025,19-08-2025,15-08-2025,"{""icd_10"": {""1"": ""Z00.129"", ""2"": ""Z29.3"", ""3"": ""Z23""}, ""procedures"": {""1"": ""3""}, ""actual_procedures"": {""1"": ""Z23""}}",1: Z23,CO,45,45,,N381,N381,,45,,N381,,ANTHEM BCBS HEALTHCARE SOLUTIONS,mco_medicaid,PRIMARY,385.03,194.11,0.5,1073015541,1,16
72,5,57,339771,49083,90647,vaccine,HC,,,,,,0,0.01,0,17-07-2025,17-07-2025,19-08-2025,15-08-2025,"{""icd_10"": {""1"": ""Z00.129"", ""2"": ""Z29.3"", ""3"": ""Z23""}, ""procedures"": {""1"": ""3""}, ""actual_procedures"": {""1"": ""Z23""}}",1: Z23,CO,45,45,,N381,N381,,45,,N381,,ANTHEM BCBS HEALTHCARE SOLUTIONS,mco_medicaid,PRIMARY,385.03,194.11,0.5,1073015541,1,16
72,6,58,339771,49083,90671,vaccine,HC,,,,,,1,0.01,0.01,17-07-2025,17-07-2025,19-08-2025,15-08-2025,"{""icd_10"": {""1"": ""Z00.129"", ""2"": ""Z29.3"", ""3"": ""Z23""}, ""procedures"": {""1"": ""3""}, ""actual_procedures"": {""1"": ""Z23""}}",1: Z23,,,,,,,,,,,,ANTHEM BCBS HEALTHCARE SOLUTIONS,mco_medicaid,PRIMARY,385.03,194.11,0.5,1073015541,1,16
72,7,59,339771,49083,90472,vaccine_administration,HC,,,,,,2,50,20.81,17-07-2025,17-07-2025,19-08-2025,15-08-2025,"{""icd_10"": {""1"": ""Z00.129"", ""2"": ""Z29.3"", ""3"": ""Z23""}, ""procedures"": {""1"": ""3""}, ""actual_procedures"": {""1"": ""Z23""}}",1: Z23,CO,45,45,,N381,N381,,45,,N381,,ANTHEM BCBS HEALTHCARE SOLUTIONS,mco_medicaid,PRIMARY,385.03,194.11,0.5,1073015541,1,16
73,1,60,35604,50710,99213,sick_visit,HC,U6,25,,,,1,150,67.64,16-07-2025,16-07-2025,19-08-2025,15-08-2025,"{""icd_10"": {""1"": ""Z00.129"", ""2"": ""Z23"", ""3"": ""L22"", ""4"": ""R21"", ""5"": ""Z29.3""}, ""procedures"": {""1"": ""3"", ""2"": ""4""}, ""actual_procedures"": {""1"": ""L22"", ""2"": ""R21""}}",1: L22 | 2: R21,CO,45,45,,N381,N381,,45,,N381,,ANTHEM BCBS HEALTHCARE SOLUTIONS,mco_medicaid,PRIMARY,535.03,261.75,0.49,1073015541,1,15
73,2,61,35604,50710,99392,well_visit,HC,EP,25,,,,1,220,98.67,16-07-2025,16-07-2025,19-08-2025,15-08-2025,"{""icd_10"": {""1"": ""Z00.129"", ""2"": ""Z23"", ""3"": ""L22"", ""4"": ""R21"", ""5"": ""Z29.3""}, ""procedures"": {""1"": ""1""}, ""actual_procedures"": {""1"": ""Z00.129""}}",1: Z00.129,CO,45,45,,N381,N381,,45,,N381,,ANTHEM BCBS HEALTHCARE SOLUTIONS,mco_medicaid,PRIMARY,535.03,261.75,0.49,1073015541,1,15
73,3,62,35604,50710,90460,vaccine_administration,HC,,,,,,3,75,62.99,16-07-2025,16-07-2025,19-08-2025,15-08-2025,"{""icd_10"": {""1"": ""Z00.129"", ""2"": ""Z23"", ""3"": ""L22"", ""4"": ""R21"", ""5"": ""Z29.3""}, ""procedures"": {""1"": ""2""}, ""actual_procedures"": {""1"": ""Z23""}}",1: Z23,CO,45,45,,N381,N381,,45,,N381,,ANTHEM BCBS HEALTHCARE SOLUTIONS,mco_medicaid,PRIMARY,535.03,261.75,0.49,1073015541,1,15
73,4,63,35604,50710,90647,vaccine,HC,,,,,,0,0.01,0,16-07-2025,16-07-2025,19-08-2025,15-08-2025,"{""icd_10"": {""1"": ""Z00.129"", ""2"": ""Z23"", ""3"": ""L22"", ""4"": ""R21"", ""5"": ""Z29.3""}, ""procedures"": {""1"": ""2""}, ""actual_procedures"": {""1"": ""Z23""}}",1: Z23,CO,45,45,,N381,N381,,45,,N381,,ANTHEM BCBS HEALTHCARE SOLUTIONS,mco_medicaid,PRIMARY,535.03,261.75,0.49,1073015541,1,15
73,5,64,35604,50710,90671,vaccine,HC,,,,,,1,0.01,0.01,16-07-2025,16-07-2025,19-08-2025,15-08-2025,"{""icd_10"": {""1"": ""Z00.129"", ""2"": ""Z23"", ""3"": ""L22"", ""4"": ""R21"", ""5"": ""Z29.3""}, ""procedures"": {""1"": ""2""}, ""actual_procedures"": {""1"": ""Z23""}}",1: Z23,,,,,,,,,,,,ANTHEM BCBS HEALTHCARE SOLUTIONS,mco_medicaid,PRIMARY,535.03,261.75,0.49,1073015541,1,15
73,6,65,35604,50710,90700,vaccine,HC,,,,,,0,0.01,0,16-07-2025,16-07-2025,19-08-2025,15-08-2025,"{""icd_10"": {""1"": ""Z00.129"", ""2"": ""Z23"", ""3"": ""L22"", ""4"": ""R21"", ""5"": ""Z29.3""}, ""procedures"": {""1"": ""2""}, ""actual_procedures"": {""1"": ""Z23""}}",1: Z23,CO,45,45,,N381,N381,,45,,N381,,ANTHEM BCBS HEALTHCARE SOLUTIONS,mco_medicaid,PRIMARY,535.03,261.75,0.49,1073015541,1,15
73,7,66,35604,50710,90472,vaccine_administration,HC,,,,,,2,50,20.81,16-07-2025,16-07-2025,19-08-2025,15-08-2025,"{""icd_10"": {""1"": ""Z00.129"", ""2"": ""Z23"", ""3"": ""L22"", ""4"": ""R21"", ""5"": ""Z29.3""}, ""procedures"": {""1"": ""2""}, ""actual_procedures"": {""1"": ""Z23""}}",1: Z23,CO,45,45,,N381,N381,,45,,N381,,ANTHEM BCBS HEALTHCARE SOLUTIONS,mco_medicaid,PRIMARY,535.03,261.75,0.49,1073015541,1,15
73,8,67,35604,50710,99188,procedure,HC,,,,,,1,40,11.63,16-07-2025,16-07-2025,19-08-2025,15-08-2025,"{""icd_10"": {""1"": ""Z00.129"", ""2"": ""Z23"", ""3"": ""L22"", ""4"": ""R21"", ""5"": ""Z29.3""}, ""procedures"": {""1"": ""5""}, ""actual_procedures"": {""1"": ""Z29.3""}}",1: Z29.3,CO,45,45,,N381,N381,,45,,N381,,ANTHEM BCBS HEALTHCARE SOLUTIONS,mco_medicaid,PRIMARY,535.03,261.75,0.49,1073015541,1,15
74,1,68,33259,48365,90472,vaccine_administration,HC,,,,,,4,100,41.62,18-07-2025,18-07-2025,19-08-2025,15-08-2025,"{""icd_10"": {""1"": ""Z00.129"", ""2"": ""Z71.3"", ""3"": ""Z68.52"", ""4"": ""Z71.82"", ""5"": ""Z23"", ""6"": ""F80.89""}, ""procedures"": {""1"": ""5""}, ""actual_procedures"": {""1"": ""Z23""}}",1: Z23,CO,45,45,,N381,N381,,45,,N381,,ANTHEM BCBS HEALTHCARE SOLUTIONS,mco_medicaid,PRIMARY,620.06,333.92,0.54,1073015541,4,48
74,2,69,33259,48365,99213,sick_visit,HC,U6,25,,,,1,150,67.64,18-07-2025,18-07-2025,19-08-2025,15-08-2025,"{""icd_10"": {""1"": ""Z00.129"", ""2"": ""Z71.3"", ""3"": ""Z68.52"", ""4"": ""Z71.82"", ""5"": ""Z23"", ""6"": ""F80.89""}, ""procedures"": {""1"": ""6""}, ""actual_procedures"": {""1"": ""F80.89""}}",1: F80.89,CO,45,45,,N381,N381,,45,,N381,,ANTHEM BCBS HEALTHCARE SOLUTIONS,mco_medicaid,PRIMARY,620.06,333.92,0.54,1073015541,4,48
74,3,70,33259,48365,99392,well_visit,HC,EP,25,,,,1,220,98.67,18-07-2025,18-07-2025,19-08-2025,15-08-2025,"{""icd_10"": {""1"": ""Z00.129"", ""2"": ""Z71.3"", ""3"": ""Z68.52"", ""4"": ""Z71.82"", ""5"": ""Z23"", ""6"": ""F80.89""}, ""procedures"": {""1"": ""1"", ""2"": ""2"", ""3"": ""3"", ""4"": ""4""}, ""actual_procedures"": {""1"": ""Z00.129"", ""2"": ""Z71.3"", ""3"": ""Z68.52"", ""4"": ""Z71.82""}}","1: Z00.129 | 2: Z71.3
3: Z68.52 | 4: Z71.82",CO,45,45,,N381,N381,,45,,N381,,ANTHEM BCBS HEALTHCARE SOLUTIONS,mco_medicaid,PRIMARY,620.06,333.92,0.54,1073015541,4,48
74,4,71,33259,48365,90460,vaccine_administration,HC,,,,,,6,150,125.98,18-07-2025,18-07-2025,19-08-2025,15-08-2025,"{""icd_10"": {""1"": ""Z00.129"", ""2"": ""Z71.3"", ""3"": ""Z68.52"", ""4"": ""Z71.82"", ""5"": ""Z23"", ""6"": ""F80.89""}, ""procedures"": {""1"": ""5""}, ""actual_procedures"": {""1"": ""Z23""}}",1: Z23,CO,45,45,,N381,N381,,45,,N381,,ANTHEM BCBS HEALTHCARE SOLUTIONS,mco_medicaid,PRIMARY,620.06,333.92,0.54,1073015541,4,48
74,5,72,33259,48365,90700,vaccine,HC,,,,,,0,0.01,0,18-07-2025,18-07-2025,19-08-2025,15-08-2025,"{""icd_10"": {""1"": ""Z00.129"", ""2"": ""Z71.3"", ""3"": ""Z68.52"", ""4"": ""Z71.82"", ""5"": ""Z23"", ""6"": ""F80.89""}, ""procedures"": {""1"": ""5""}, ""actual_procedures"": {""1"": ""Z23""}}",1: Z23,CO,45,45,,N381,N381,,45,,N381,,ANTHEM BCBS HEALTHCARE SOLUTIONS,mco_medicaid,PRIMARY,620.06,333.92,0.54,1073015541,4,48
74,6,73,33259,48365,90743,vaccine,HC,,,,,,0,0.01,0,18-07-2025,18-07-2025,19-08-2025,15-08-2025,"{""icd_10"": {""1"": ""Z00.129"", ""2"": ""Z71.3"", ""3"": ""Z68.52"", ""4"": ""Z71.82"", ""5"": ""Z23"", ""6"": ""F80.89""}, ""procedures"": {""1"": ""5""}, ""actual_procedures"": {""1"": ""Z23""}}",1: Z23,CO,16,16,,M119,M119,,16,,M119,,ANTHEM BCBS HEALTHCARE SOLUTIONS,mco_medicaid,PRIMARY,620.06,333.92,0.54,1073015541,4,48
74,7,74,33259,48365,90713,vaccine,HC,,,,,,1,0.01,0.01,18-07-2025,18-07-2025,19-08-2025,15-08-2025,"{""icd_10"": {""1"": ""Z00.129"", ""2"": ""Z71.3"", ""3"": ""Z68.52"", ""4"": ""Z71.82"", ""5"": ""Z23"", ""6"": ""F80.89""}, ""procedures"": {""1"": ""5""}, ""actual_procedures"": {""1"": ""Z23""}}",1: Z23,,,,,,,,,,,,ANTHEM BCBS HEALTHCARE SOLUTIONS,mco_medicaid,PRIMARY,620.06,333.92,0.54,1073015541,4,48
74,8,75,33259,48365,90707,vaccine,HC,,,,,,0,0.01,0,18-07-2025,18-07-2025,19-08-2025,15-08-2025,"{""icd_10"": {""1"": ""Z00.129"", ""2"": ""Z71.3"", ""3"": ""Z68.52"", ""4"": ""Z71.82"", ""5"": ""Z23"", ""6"": ""F80.89""}, ""procedures"": {""1"": ""5""}, ""actual_procedures"": {""1"": ""Z23""}}",1: Z23,CO,45,45,,N381,N381,,45,,N381,,ANTHEM BCBS HEALTHCARE SOLUTIONS,mco_medicaid,PRIMARY,620.06,333.92,0.54,1073015541,4,48
74,9,76,33259,48365,90716,vaccine,HC,,,,,,0,0.01,0,18-07-2025,18-07-2025,19-08-2025,15-08-2025,"{""icd_10"": {""1"": ""Z00.129"", ""2"": ""Z71.3"", ""3"": ""Z68.52"", ""4"": ""Z71.82"", ""5"": ""Z23"", ""6"": ""F80.89""}, ""procedures"": {""1"": ""5""}, ""actual_procedures"": {""1"": ""Z23""}}",1: Z23,CO,45,45,,N381,N381,,45,,N381,,ANTHEM BCBS HEALTHCARE SOLUTIONS,mco_medicaid,PRIMARY,620.06,333.92,0.54,1073015541,4,48
74,10,77,33259,48365,90633,vaccine,HC,,,,,,0,0.01,0,18-07-2025,18-07-2025,19-08-2025,15-08-2025,"{""icd_10"": {""1"": ""Z00.129"", ""2"": ""Z71.3"", ""3"": ""Z68.52"", ""4"": ""Z71.82"", ""5"": ""Z23"", ""6"": ""F80.89""}, ""procedures"": {""1"": ""5""}, ""actual_procedures"": {""1"": ""Z23""}}",1: Z23,CO,45,45,,N381,N381,,45,,N381,,ANTHEM BCBS HEALTHCARE SOLUTIONS,mco_medicaid,PRIMARY,620.06,333.92,0.54,1073015541,4,48
75,1,78,32978,48084,99213,sick_visit,HC,U6,25,,,,1,150,67.64,18-07-2025,18-07-2025,19-08-2025,15-08-2025,"{""icd_10"": {""1"": ""Z00.129"", ""2"": ""Z68.52"", ""3"": ""Z71.3"", ""4"": ""Z71.82"", ""5"": ""Z23"", ""6"": ""Z29.3"", ""7"": ""G24.5"", ""8"": ""R68.89"", ""9"": ""Z13.31"", ""10"": ""Z30.2""}, ""procedures"": {""1"": ""7"", ""2"": ""8""}, ""actual_procedures"": {""1"": ""G24.5"", ""2"": ""R68.89""}}",1: G24.5 | 2: R68.89,CO,45,45,,N381,N381,,45,,N381,,ANTHEM BCBS HEALTHCARE SOLUTIONS,mco_medicaid,PRIMARY,545.01,226.26,0.42,1073015541,12,144
75,2,79,32978,48084,99384,well_visit,HC,EP,25,,,,1,285,125.99,18-07-2025,18-07-2025,19-08-2025,15-08-2025,"{""icd_10"": {""1"": ""Z00.129"", ""2"": ""Z68.52"", ""3"": ""Z71.3"", ""4"": ""Z71.82"", ""5"": ""Z23"", ""6"": ""Z29.3"", ""7"": ""G24.5"", ""8"": ""R68.89"", ""9"": ""Z13.31"", ""10"": ""Z30.2""}, ""procedures"": {""1"": ""1"", ""2"": ""2"", ""3"": ""3"", ""4"": ""4""}, ""actual_procedures"": {""1"": ""Z00.129"", ""2"": ""Z68.52"", ""3"": ""Z71.3"", ""4"": ""Z71.82""}}","1: Z00.129 | 2: Z68.52
3: Z71.3 | 4: Z71.82",CO,45,45,,N381,N381,,45,,N381,,ANTHEM BCBS HEALTHCARE SOLUTIONS,mco_medicaid,PRIMARY,545.01,226.26,0.42,1073015541,12,144
75,3,80,32978,48084,99188,procedure,HC,,,,,,1,40,11.63,18-07-2025,18-07-2025,19-08-2025,15-08-2025,"{""icd_10"": {""1"": ""Z00.129"", ""2"": ""Z68.52"", ""3"": ""Z71.3"", ""4"": ""Z71.82"", ""5"": ""Z23"", ""6"": ""Z29.3"", ""7"": ""G24.5"", ""8"": ""R68.89"", ""9"": ""Z13.31"", ""10"": ""Z30.2""}, ""procedures"": {""1"": ""6""}, ""actual_procedures"": {""1"": ""Z29.3""}}",1: Z29.3,CO,45,45,,N381,N381,,45,,N381,,ANTHEM BCBS HEALTHCARE SOLUTIONS,mco_medicaid,PRIMARY,545.01,226.26,0.42,1073015541,12,144
75,4,81,32978,48084,90460,vaccine_administration,HC,,,,,,1,25,21,18-07-2025,18-07-2025,19-08-2025,15-08-2025,"{""icd_10"": {""1"": ""Z00.129"", ""2"": ""Z68.52"", ""3"": ""Z71.3"", ""4"": ""Z71.82"", ""5"": ""Z23"", ""6"": ""Z29.3"", ""7"": ""G24.5"", ""8"": ""R68.89"", ""9"": ""Z13.31"", ""10"": ""Z30.2""}, ""procedures"": {""1"": ""5""}, ""actual_procedures"": {""1"": ""Z23""}}",1: Z23,CO,45,45,,N381,N381,,45,,N381,,ANTHEM BCBS HEALTHCARE SOLUTIONS,mco_medicaid,PRIMARY,545.01,226.26,0.42,1073015541,12,144
75,5,82,32978,48084,99173,diagnostic,HC,,,,,,0,20,0,18-07-2025,18-07-2025,19-08-2025,15-08-2025,"{""icd_10"": {""1"": ""Z00.129"", ""2"": ""Z68.52"", ""3"": ""Z71.3"", ""4"": ""Z71.82"", ""5"": ""Z23"", ""6"": ""Z29.3"", ""7"": ""G24.5"", ""8"": ""R68.89"", ""9"": ""Z13.31"", ""10"": ""Z30.2""}, ""procedures"": {""1"": ""7""}, ""actual_procedures"": {""1"": ""G24.5""}}",1: G24.5,CO,97,97,,N19,N19,,97,,N19,,ANTHEM BCBS HEALTHCARE SOLUTIONS,mco_medicaid,PRIMARY,545.01,226.26,0.42,1073015541,12,144
75,6,83,32978,48084,96127,procedure,HC,25,,,,,0,25,0,18-07-2025,18-07-2025,19-08-2025,15-08-2025,"{""icd_10"": {""1"": ""Z00.129"", ""2"": ""Z68.52"", ""3"": ""Z71.3"", ""4"": ""Z71.82"", ""5"": ""Z23"", ""6"": ""Z29.3"", ""7"": ""G24.5"", ""8"": ""R68.89"", ""9"": ""Z13.31"", ""10"": ""Z30.2""}, ""procedures"": {""1"": ""9""}, ""actual_procedures"": {""1"": ""Z13.31""}}",1: Z13.31,CO,4,4,,,,,4,,,,ANTHEM BCBS HEALTHCARE SOLUTIONS,mco_medicaid,PRIMARY,545.01,226.26,0.42,1073015541,12,144
75,7,84,32978,48084,90651,vaccine,HC,,,,,,0,0.01,0,18-07-2025,18-07-2025,19-08-2025,15-08-2025,"{""icd_10"": {""1"": ""Z00.129"", ""2"": ""Z68.52"", ""3"": ""Z71.3"", ""4"": ""Z71.82"", ""5"": ""Z23"", ""6"": ""Z29.3"", ""7"": ""G24.5"", ""8"": ""R68.89"", ""9"": ""Z13.31"", ""10"": ""Z30.2""}, ""procedures"": {""1"": ""5""}, ""actual_procedures"": {""1"": ""Z23""}}",1: Z23,CO,45,45,,N381,N381,,45,,N381,,ANTHEM BCBS HEALTHCARE SOLUTIONS,mco_medicaid,PRIMARY,545.01,226.26,0.42,1073015541,12,144
76,1,85,32775,47881,99213,sick_visit,HC,U6,25,,,,1,150,67.64,25-07-2025,25-07-2025,19-08-2025,15-08-2025,"{""icd_10"": {""1"": ""Z00.121"", ""2"": ""Z71.3"", ""3"": ""Z71.82"", ""4"": ""Z68.54"", ""5"": ""Z23"", ""6"": ""S91.202A"", ""7"": ""N92.5"", ""8"": ""Z30.02""}, ""procedures"": {""1"": ""6"", ""2"": ""7""}, ""actual_procedures"": {""1"": ""S91.202A"", ""2"": ""N92.5""}}",1: S91.202A | 2: N92.5,CO,45,45,,N381,N381,,45,,N381,,ANTHEM BCBS HEALTHCARE SOLUTIONS,mco_medicaid,PRIMARY,555.18,268.77,0.48,1073015541,16,192
76,2,86,32775,47881,99384,well_visit,HC,EP,25,,,,1,285,125.99,25-07-2025,25-07-2025,19-08-2025,15-08-2025,"{""icd_10"": {""1"": ""Z00.121"", ""2"": ""Z71.3"", ""3"": ""Z71.82"", ""4"": ""Z68.54"", ""5"": ""Z23"", ""6"": ""S91.202A"", ""7"": ""N92.5"", ""8"": ""Z30.02""}, ""procedures"": {""1"": ""1"", ""2"": ""2"", ""3"": ""3"", ""4"": ""4""}, ""actual_procedures"": {""1"": ""Z00.121"", ""2"": ""Z71.3"", ""3"": ""Z71.82"", ""4"": ""Z68.54""}}","1: Z00.121 | 2: Z71.3
3: Z71.82 | 4: Z68.54",CO,45,45,,N381,N381,,45,,N381,,ANTHEM BCBS HEALTHCARE SOLUTIONS,mco_medicaid,PRIMARY,555.18,268.77,0.48,1073015541,16,192
76,3,87,32775,47881,90460,vaccine_administration,HC,,,,,,2,50,41.99,25-07-2025,25-07-2025,19-08-2025,15-08-2025,"{""icd_10"": {""1"": ""Z00.121"", ""2"": ""Z71.3"", ""3"": ""Z71.82"", ""4"": ""Z68.54"", ""5"": ""Z23"", ""6"": ""S91.202A"", ""7"": ""N92.5"", ""8"": ""Z30.02""}, ""procedures"": {""1"": ""5""}, ""actual_procedures"": {""1"": ""Z23""}}",1: Z23,CO,45,45,,N381,N381,,45,,N381,,ANTHEM BCBS HEALTHCARE SOLUTIONS,mco_medicaid,PRIMARY,555.18,268.77,0.48,1073015541,16,192
76,4,88,32775,47881,99401,Counseling - Preventive Counseling,HC,FP,25,,,,1,70.16,33.15,25-07-2025,25-07-2025,19-08-2025,15-08-2025,"{""icd_10"": {""1"": ""Z00.121"", ""2"": ""Z71.3"", ""3"": ""Z71.82"", ""4"": ""Z68.54"", ""5"": ""Z23"", ""6"": ""S91.202A"", ""7"": ""N92.5"", ""8"": ""Z30.02""}, ""procedures"": {""1"": ""8""}, ""actual_procedures"": {""1"": ""Z30.02""}}",1: Z30.02,CO,45,45,,N381,N381,,45,,N381,,ANTHEM BCBS HEALTHCARE SOLUTIONS,mco_medicaid,PRIMARY,555.18,268.77,0.48,1073015541,16,192
76,5,89,32775,47881,90619,vaccine,HC,,,,,,0,0.01,0,25-07-2025,25-07-2025,19-08-2025,15-08-2025,"{""icd_10"": {""1"": ""Z00.121"", ""2"": ""Z71.3"", ""3"": ""Z71.82"", ""4"": ""Z68.54"", ""5"": ""Z23"", ""6"": ""S91.202A"", ""7"": ""N92.5"", ""8"": ""Z30.02""}, ""procedures"": {""1"": ""5""}, ""actual_procedures"": {""1"": ""Z23""}}",1: Z23,CO,256,256,,N448,N448,,256,,N448,,ANTHEM BCBS HEALTHCARE SOLUTIONS,mco_medicaid,PRIMARY,555.18,268.77,0.48,1073015541,16,192
76,6,90,32775,47881,90621,vaccine,HC,,,,,,0,0.01,0,25-07-2025,25-07-2025,19-08-2025,15-08-2025,"{""icd_10"": {""1"": ""Z00.121"", ""2"": ""Z71.3"", ""3"": ""Z71.82"", ""4"": ""Z68.54"", ""5"": ""Z23"", ""6"": ""S91.202A"", ""7"": ""N92.5"", ""8"": ""Z30.02""}, ""procedures"": {""1"": ""5"", ""2"": ""1""}, ""actual_procedures"": {""1"": ""Z23"", ""2"": ""Z00.121""}}",1: Z23 | 2: Z00.121,CO,45,45,,N381,N381,,45,,N381,,ANTHEM BCBS HEALTHCARE SOLUTIONS,mco_medicaid,PRIMARY,555.18,268.77,0.48,1073015541,16,192
77,1,91,33319,48425,90633,vaccine,HC,,,,,,0,0.01,0,18-07-2025,18-07-2025,19-08-2025,15-08-2025,"{""icd_10"": {""1"": ""Z00.129"", ""2"": ""Z23"", ""3"": ""Z13.41""}, ""procedures"": {""1"": ""2""}, ""actual_procedures"": {""1"": ""Z23""}}",1: Z23,"CO,OA","45,94",45,94,N381,N381,,45,94,N381,,ANTHEM BCBS HEALTHCARE SOLUTIONS,mco_medicaid,PRIMARY,529.87,249.13,0.47,1073015541,1,23
77,2,92,33319,48425,90472,vaccine_administration,HC,,,,,,4,100,41.62,18-07-2025,18-07-2025,19-08-2025,15-08-2025,"{""icd_10"": {""1"": ""Z00.129"", ""2"": ""Z23"", ""3"": ""Z13.41""}, ""procedures"": {""1"": ""2""}, ""actual_procedures"": {""1"": ""Z23""}}",1: Z23,CO,45,45,,N381,N381,,45,,N381,,ANTHEM BCBS HEALTHCARE SOLUTIONS,mco_medicaid,PRIMARY,529.87,249.13,0.47,1073015541,1,23
77,3,93,33319,48425,99382,well_visit,HC,,,,,,0,240,0,18-07-2025,18-07-2025,19-08-2025,15-08-2025,"{""icd_10"": {""1"": ""Z00.129"", ""2"": ""Z23"", ""3"": ""Z13.41""}, ""procedures"": {""1"": ""1""}, ""actual_procedures"": {""1"": ""Z00.129""}}",1: Z00.129,CO,97,97,,N19,N19,,97,,N19,,ANTHEM BCBS HEALTHCARE SOLUTIONS,mco_medicaid,PRIMARY,529.87,249.13,0.47,1073015541,1,23
77,4,94,33319,48425,96110,procedure,HC,,,,,,1,14.8,6.99,18-07-2025,18-07-2025,19-08-2025,15-08-2025,"{""icd_10"": {""1"": ""Z00.129"", ""2"": ""Z23"", ""3"": ""Z13.41""}, ""procedures"": {""1"": ""3""}, ""actual_procedures"": {""1"": ""Z13.41""}}",1: Z13.41,CO,45,45,,N381,N381,,45,,N381,,ANTHEM BCBS HEALTHCARE SOLUTIONS,mco_medicaid,PRIMARY,529.87,249.13,0.47,1073015541,1,23
77,5,95,33319,48425,90460,vaccine_administration,HC,,,,,,7,175,146.98,18-07-2025,18-07-2025,19-08-2025,15-08-2025,"{""icd_10"": {""1"": ""Z00.129"", ""2"": ""Z23"", ""3"": ""Z13.41""}, ""procedures"": {""1"": ""2""}, ""actual_procedures"": {""1"": ""Z23""}}",1: Z23,CO,45,45,,N381,N381,,45,,N381,,ANTHEM BCBS HEALTHCARE SOLUTIONS,mco_medicaid,PRIMARY,529.87,249.13,0.47,1073015541,1,23
77,6,96,33319,48425,90713,vaccine,HC,,,,,,1,0.01,53.53,18-07-2025,18-07-2025,19-08-2025,15-08-2025,"{""icd_10"": {""1"": ""Z00.129"", ""2"": ""Z23"", ""3"": ""Z13.41""}, ""procedures"": {""1"": ""2""}, ""actual_procedures"": {""1"": ""Z23""}}",1: Z23,OA,94,94,,,,,94,,,,ANTHEM BCBS HEALTHCARE SOLUTIONS,mco_medicaid,PRIMARY,529.87,249.13,0.47,1073015541,1,23
77,7,97,33319,48425,90707,vaccine,HC,,,,,,0,0.01,0,18-07-2025,18-07-2025,19-08-2025,15-08-2025,"{""icd_10"": {""1"": ""Z00.129"", ""2"": ""Z23"", ""3"": ""Z13.41""}, ""procedures"": {""1"": ""2""}, ""actual_procedures"": {""1"": ""Z23""}}",1: Z23,"CO,OA","45,94",45,94,N381,N381,,45,94,N381,,ANTHEM BCBS HEALTHCARE SOLUTIONS,mco_medicaid,PRIMARY,529.87,249.13,0.47,1073015541,1,23
77,8,98,33319,48425,90700,vaccine,HC,,,,,,0,0.01,0,18-07-2025,18-07-2025,19-08-2025,15-08-2025,"{""icd_10"": {""1"": ""Z00.129"", ""2"": ""Z23"", ""3"": ""Z13.41""}, ""procedures"": {""1"": ""2""}, ""actual_procedures"": {""1"": ""Z23""}}",1: Z23,"CO,OA","45,94",45,94,N381,N381,,45,94,N381,,ANTHEM BCBS HEALTHCARE SOLUTIONS,mco_medicaid,PRIMARY,529.87,249.13,0.47,1073015541,1,23
77,9,99,33319,48425,90716,vaccine,HC,,,,,,0,0.01,0,18-07-2025,18-07-2025,19-08-2025,15-08-2025,"{""icd_10"": {""1"": ""Z00.129"", ""2"": ""Z23"", ""3"": ""Z13.41""}, ""procedures"": {""1"": ""2""}, ""actual_procedures"": {""1"": ""Z23""}}",1: Z23,"CO,OA","45,94",45,94,N381,N381,,45,94,N381,,ANTHEM BCBS HEALTHCARE SOLUTIONS,mco_medicaid,PRIMARY,529.87,249.13,0.47,1073015541,1,23
77,10,100,33319,48425,90743,vaccine,HC,,,,,,0,0.01,0,18-07-2025,18-07-2025,19-08-2025,15-08-2025,"{""icd_10"": {""1"": ""Z00.129"", ""2"": ""Z23"", ""3"": ""Z13.41""}, ""procedures"": {""1"": ""2""}, ""actual_procedures"": {""1"": ""Z23""}}",1: Z23,CO,16,16,,M119,M119,,16,,M119,,ANTHEM BCBS HEALTHCARE SOLUTIONS,mco_medicaid,PRIMARY,529.87,249.13,0.47,1073015541,1,23
77,11,101,33319,48425,90671,vaccine,HC,,,,,,1,0.01,0.01,18-07-2025,18-07-2025,19-08-2025,15-08-2025,"{""icd_10"": {""1"": ""Z00.129"", ""2"": ""Z23"", ""3"": ""Z13.41""}, ""procedures"": {""1"": ""2""}, ""actual_procedures"": {""1"": ""Z23""}}",1: Z23,,,,,,,,,,,,ANTHEM BCBS HEALTHCARE SOLUTIONS,mco_medicaid,PRIMARY,529.87,249.13,0.47,1073015541,1,23
78,1,102,32694,47800,99213,sick_visit,HC,U6,25,,,,1,150,67.64,18-07-2025,18-07-2025,19-08-2025,15-08-2025,"{""icd_10"": {""1"": ""Z00.121"", ""2"": ""Z71.82"", ""3"": ""Z68.54"", ""4"": ""Z71.3"", ""5"": ""Z23"", ""6"": ""E78.2"", ""7"": ""L20.89"", ""8"": ""Z13.31""}, ""procedures"": {""1"": ""6"", ""2"": ""7""}, ""actual_procedures"": {""1"": ""E78.2"", ""2"": ""L20.89""}}",1: E78.2 | 2: L20.89,CO,45,45,,N381,N381,,45,,N381,,ANTHEM BCBS HEALTHCARE SOLUTIONS,mco_medicaid,PRIMARY,560.03,267.54,0.48,1073015541,11,132
78,2,103,32694,47800,99383,well_visit,HC,EP,25,,,,1,260,111.55,18-07-2025,18-07-2025,19-08-2025,15-08-2025,"{""icd_10"": {""1"": ""Z00.121"", ""2"": ""Z71.82"", ""3"": ""Z68.54"", ""4"": ""Z71.3"", ""5"": ""Z23"", ""6"": ""E78.2"", ""7"": ""L20.89"", ""8"": ""Z13.31""}, ""procedures"": {""1"": ""1"", ""2"": ""2"", ""3"": ""3"", ""4"": ""4""}, ""actual_procedures"": {""1"": ""Z00.121"", ""2"": ""Z71.82"", ""3"": ""Z68.54"", ""4"": ""Z71.3""}}","1: Z00.121 | 2: Z71.82
3: Z68.54 | 4: Z71.3",CO,45,45,,N381,N381,,45,,N381,,ANTHEM BCBS HEALTHCARE SOLUTIONS,mco_medicaid,PRIMARY,560.03,267.54,0.48,1073015541,11,132
78,3,104,32694,47800,90460,vaccine_administration,HC,,,,,,3,75,62.99,18-07-2025,18-07-2025,19-08-2025,15-08-2025,"{""icd_10"": {""1"": ""Z00.121"", ""2"": ""Z71.82"", ""3"": ""Z68.54"", ""4"": ""Z71.3"", ""5"": ""Z23"", ""6"": ""E78.2"", ""7"": ""L20.89"", ""8"": ""Z13.31""}, ""procedures"": {""1"": ""5""}, ""actual_procedures"": {""1"": ""Z23""}}",1: Z23,CO,45,45,,N381,N381,,45,,N381,,ANTHEM BCBS HEALTHCARE SOLUTIONS,mco_medicaid,PRIMARY,560.03,267.54,0.48,1073015541,11,132
78,4,105,32694,47800,96127,procedure,HC,59,,,,,1,25,4.55,18-07-2025,18-07-2025,19-08-2025,15-08-2025,"{""icd_10"": {""1"": ""Z00.121"", ""2"": ""Z71.82"", ""3"": ""Z68.54"", ""4"": ""Z71.3"", ""5"": ""Z23"", ""6"": ""E78.2"", ""7"": ""L20.89"", ""8"": ""Z13.31""}, ""procedures"": {""1"": ""8""}, ""actual_procedures"": {""1"": ""Z13.31""}}",1: Z13.31,CO,45,45,,N381,N381,,45,,N381,,ANTHEM BCBS HEALTHCARE SOLUTIONS,mco_medicaid,PRIMARY,560.03,267.54,0.48,1073015541,11,132
78,5,106,32694,47800,90651,vaccine,HC,,,,,,0,0.01,0,18-07-2025,18-07-2025,19-08-2025,15-08-2025,"{""icd_10"": {""1"": ""Z00.121"", ""2"": ""Z71.82"", ""3"": ""Z68.54"", ""4"": ""Z71.3"", ""5"": ""Z23"", ""6"": ""E78.2"", ""7"": ""L20.89"", ""8"": ""Z13.31""}, ""procedures"": {""1"": ""5""}, ""actual_procedures"": {""1"": ""Z23""}}",1: Z23,CO,45,45,,N381,N381,,45,,N381,,ANTHEM BCBS HEALTHCARE SOLUTIONS,mco_medicaid,PRIMARY,560.03,267.54,0.48,1073015541,11,132
78,6,107,32694,47800,90715,vaccine,HC,,,,,,0,0.01,0,18-07-2025,18-07-2025,19-08-2025,15-08-2025,"{""icd_10"": {""1"": ""Z00.121"", ""2"": ""Z71.82"", ""3"": ""Z68.54"", ""4"": ""Z71.3"", ""5"": ""Z23"", ""6"": ""E78.2"", ""7"": ""L20.89"", ""8"": ""Z13.31""}, ""procedures"": {""1"": ""5""}, ""actual_procedures"": {""1"": ""Z23""}}",1: Z23,CO,97,97,,N19,N19,,97,,N19,,ANTHEM BCBS HEALTHCARE SOLUTIONS,mco_medicaid,PRIMARY,560.03,267.54,0.48,1073015541,11,132
78,7,108,32694,47800,90619,vaccine,HC,,,,,,0,0.01,0,18-07-2025,18-07-2025,19-08-2025,15-08-2025,"{""icd_10"": {""1"": ""Z00.121"", ""2"": ""Z71.82"", ""3"": ""Z68.54"", ""4"": ""Z71.3"", ""5"": ""Z23"", ""6"": ""E78.2"", ""7"": ""L20.89"", ""8"": ""Z13.31""}, ""procedures"": {""1"": ""5""}, ""actual_procedures"": {""1"": ""Z23""}}",1: Z23,CO,256,256,,N448,N448,,256,,N448,,ANTHEM BCBS HEALTHCARE SOLUTIONS,mco_medicaid,PRIMARY,560.03,267.54,0.48,1073015541,11,132
78,8,109,32694,47800,90472,vaccine_administration,HC,,,,,,2,50,20.81,18-07-2025,18-07-2025,19-08-2025,15-08-2025,"{""icd_10"": {""1"": ""Z00.121"", ""2"": ""Z71.82"", ""3"": ""Z68.54"", ""4"": ""Z71.3"", ""5"": ""Z23"", ""6"": ""E78.2"", ""7"": ""L20.89"", ""8"": ""Z13.31""}, ""procedures"": {""1"": ""5""}, ""actual_procedures"": {""1"": ""Z23""}}",1: Z23,CO,45,45,,N381,N381,,45,,N381,,ANTHEM BCBS HEALTHCARE SOLUTIONS,mco_medicaid,PRIMARY,560.03,267.54,0.48,1073015541,11,132
79,1,110,1.11E+13,26204,99213,sick_visit,HC,U6,25,,,,1,150,67.64,16-07-2025,16-07-2025,19-08-2025,15-08-2025,"{""icd_10"": {""1"": ""Z00.129"", ""2"": ""Z29.3"", ""3"": ""J30.2"", ""4"": ""F80.89"", ""5"": ""Z23""}, ""procedures"": {""1"": ""1""}, ""actual_procedures"": {""1"": ""Z00.129""}}",1: Z00.129,CO,45,45,,N381,N381,,45,,N381,,ANTHEM BCBS HEALTHCARE SOLUTIONS,mco_medicaid,PRIMARY,630.04,311.85,0.49,1073015541,4,48
79,2,111,1.11E+13,26204,99382,well_visit,HC,EP,25,,,,1,240,106.96,16-07-2025,16-07-2025,19-08-2025,15-08-2025,"{""icd_10"": {""1"": ""Z00.129"", ""2"": ""Z29.3"", ""3"": ""J30.2"", ""4"": ""F80.89"", ""5"": ""Z23""}, ""procedures"": {""1"": ""1""}, ""actual_procedures"": {""1"": ""Z00.129""}}",1: Z00.129,CO,45,45,,N381,N381,,45,,N381,,ANTHEM BCBS HEALTHCARE SOLUTIONS,mco_medicaid,PRIMARY,630.04,311.85,0.49,1073015541,4,48
79,3,112,1.11E+13,26204,90460,vaccine_administration,HC,,,,,,4,100,83.99,16-07-2025,16-07-2025,19-08-2025,15-08-2025,"{""icd_10"": {""1"": ""Z00.129"", ""2"": ""Z29.3"", ""3"": ""J30.2"", ""4"": ""F80.89"", ""5"": ""Z23""}, ""procedures"": {""1"": ""5""}, ""actual_procedures"": {""1"": ""Z23""}}",1: Z23,CO,45,45,,N381,N381,,45,,N381,,ANTHEM BCBS HEALTHCARE SOLUTIONS,mco_medicaid,PRIMARY,630.04,311.85,0.49,1073015541,4,48
79,4,113,1.11E+13,26204,99188,procedure,HC,,,,,,1,40,11.63,16-07-2025,16-07-2025,19-08-2025,15-08-2025,"{""icd_10"": {""1"": ""Z00.129"", ""2"": ""Z29.3"", ""3"": ""J30.2"", ""4"": ""F80.89"", ""5"": ""Z23""}, ""procedures"": {""1"": ""2""}, ""actual_procedures"": {""1"": ""Z29.3""}}",1: Z29.3,CO,45,45,,N381,N381,,45,,N381,,ANTHEM BCBS HEALTHCARE SOLUTIONS,mco_medicaid,PRIMARY,630.04,311.85,0.49,1073015541,4,48
79,5,114,1.11E+13,26204,90700,vaccine,HC,,,,,,0,0.01,0,16-07-2025,16-07-2025,19-08-2025,15-08-2025,"{""icd_10"": {""1"": ""Z00.129"", ""2"": ""Z29.3"", ""3"": ""J30.2"", ""4"": ""F80.89"", ""5"": ""Z23""}, ""procedures"": {""1"": ""5""}, ""actual_procedures"": {""1"": ""Z23""}}",1: Z23,CO,45,45,,N381,N381,,45,,N381,,ANTHEM BCBS HEALTHCARE SOLUTIONS,mco_medicaid,PRIMARY,630.04,311.85,0.49,1073015541,4,48
79,6,115,1.11E+13,26204,90713,vaccine,HC,,,,,,1,0.01,0.01,16-07-2025,16-07-2025,19-08-2025,15-08-2025,"{""icd_10"": {""1"": ""Z00.129"", ""2"": ""Z29.3"", ""3"": ""J30.2"", ""4"": ""F80.89"", ""5"": ""Z23""}, ""procedures"": {""1"": ""5""}, ""actual_procedures"": {""1"": ""Z23""}}",1: Z23,,,,,,,,,,,,ANTHEM BCBS HEALTHCARE SOLUTIONS,mco_medicaid,PRIMARY,630.04,311.85,0.49,1073015541,4,48
79,7,116,1.11E+13,26204,90707,vaccine,HC,,,,,,0,0.01,0,16-07-2025,16-07-2025,19-08-2025,15-08-2025,"{""icd_10"": {""1"": ""Z00.129"", ""2"": ""Z29.3"", ""3"": ""J30.2"", ""4"": ""F80.89"", ""5"": ""Z23""}, ""procedures"": {""1"": ""5""}, ""actual_procedures"": {""1"": ""Z23""}}",1: Z23,CO,45,45,,N381,N381,,45,,N381,,ANTHEM BCBS HEALTHCARE SOLUTIONS,mco_medicaid,PRIMARY,630.04,311.85,0.49,1073015541,4,48
79,8,117,1.11E+13,26204,90716,vaccine,HC,,,,,,0,0.01,0,16-07-2025,16-07-2025,19-08-2025,15-08-2025,"{""icd_10"": {""1"": ""Z00.129"", ""2"": ""Z29.3"", ""3"": ""J30.2"", ""4"": ""F80.89"", ""5"": ""Z23""}, ""procedures"": {""1"": ""5""}, ""actual_procedures"": {""1"": ""Z23""}}",1: Z23,CO,45,45,,N381,N381,,45,,N381,,ANTHEM BCBS HEALTHCARE SOLUTIONS,mco_medicaid,PRIMARY,630.04,311.85,0.49,1073015541,4,48
79,9,118,1.11E+13,26204,90472,vaccine_administration,HC,,,,,,4,100,41.62,16-07-2025,16-07-2025,19-08-2025,15-08-2025,"{""icd_10"": {""1"": ""Z00.129"", ""2"": ""Z29.3"", ""3"": ""J30.2"", ""4"": ""F80.89"", ""5"": ""Z23""}, ""procedures"": {""1"": ""5""}, ""actual_procedures"": {""1"": ""Z23""}}",1: Z23,CO,45,45,,N381,N381,,45,,N381,,ANTHEM BCBS HEALTHCARE SOLUTIONS,mco_medicaid,PRIMARY,630.04,311.85,0.49,1073015541,4,48
80,1,119,3620325,51309,99213,sick_visit,HC,U6,25,,,,1,150,67.64,29-07-2025,29-07-2025,19-08-2025,15-08-2025,"{""icd_10"": {""1"": ""Z00.129"", ""2"": ""Z23"", ""3"": ""Q67.3"", ""4"": ""R62.50""}, ""procedures"": {""1"": ""3"", ""2"": ""4""}, ""actual_procedures"": {""1"": ""Q67.3"", ""2"": ""R62.50""}}",1: Q67.3 | 2: R62.50,CO,45,45,,N381,N381,,45,,N381,,ANTHEM BCBS HEALTHCARE SOLUTIONS,mco_medicaid,PRIMARY,505.03,254.19,0.5,1861707069,0,6
80,2,120,3620325,51309,99381,well_visit,HC,EP,25,,,,1,230,102.74,29-07-2025,29-07-2025,19-08-2025,15-08-2025,"{""icd_10"": {""1"": ""Z00.129"", ""2"": ""Z23"", ""3"": ""Q67.3"", ""4"": ""R62.50""}, ""procedures"": {""1"": ""1""}, ""actual_procedures"": {""1"": ""Z00.129""}}",1: Z00.129,CO,45,45,,N381,N381,,45,,N381,,ANTHEM BCBS HEALTHCARE SOLUTIONS,mco_medicaid,PRIMARY,505.03,254.19,0.5,1861707069,0,6
80,3,121,3620325,51309,90460,vaccine_administration,HC,,,,,,3,75,62.99,29-07-2025,29-07-2025,19-08-2025,15-08-2025,"{""icd_10"": {""1"": ""Z00.129"", ""2"": ""Z23"", ""3"": ""Q67.3"", ""4"": ""R62.50""}, ""procedures"": {""1"": ""2""}, ""actual_procedures"": {""1"": ""Z23""}}",1: Z23,CO,45,45,,N381,N381,,45,,N381,,ANTHEM BCBS HEALTHCARE SOLUTIONS,mco_medicaid,PRIMARY,505.03,254.19,0.5,1861707069,0,6
80,4,122,3620325,51309,90700,vaccine,HC,,,,,,0,0.01,0,29-07-2025,29-07-2025,19-08-2025,15-08-2025,"{""icd_10"": {""1"": ""Z00.129"", ""2"": ""Z23"", ""3"": ""Q67.3"", ""4"": ""R62.50""}, ""procedures"": {""1"": ""2""}, ""actual_procedures"": {""1"": ""Z23""}}",1: Z23,CO,45,45,,N381,N381,,45,,N381,,ANTHEM BCBS HEALTHCARE SOLUTIONS,mco_medicaid,PRIMARY,505.03,254.19,0.5,1861707069,0,6
80,5,123,3620325,51309,90713,vaccine,HC,,,,,,1,0.01,0.01,29-07-2025,29-07-2025,19-08-2025,15-08-2025,"{""icd_10"": {""1"": ""Z00.129"", ""2"": ""Z23"", ""3"": ""Q67.3"", ""4"": ""R62.50""}, ""procedures"": {""1"": ""2""}, ""actual_procedures"": {""1"": ""Z23""}}",1: Z23,,,,,,,,,,,,ANTHEM BCBS HEALTHCARE SOLUTIONS,mco_medicaid,PRIMARY,505.03,254.19,0.5,1861707069,0,6
80,6,124,3620325,51309,90743,vaccine,HC,,,,,,0,0.01,0,29-07-2025,29-07-2025,19-08-2025,15-08-2025,"{""icd_10"": {""1"": ""Z00.129"", ""2"": ""Z23"", ""3"": ""Q67.3"", ""4"": ""R62.50""}, ""procedures"": {""1"": ""2""}, ""actual_procedures"": {""1"": ""Z23""}}",1: Z23,CO,16,16,,M119,M119,,16,,M119,,ANTHEM BCBS HEALTHCARE SOLUTIONS,mco_medicaid,PRIMARY,505.03,254.19,0.5,1861707069,0,6
80,7,125,3620325,51309,90472,vaccine_administration,HC,,,,,,2,50,20.81,29-07-2025,29-07-2025,19-08-2025,15-08-2025,"{""icd_10"": {""1"": ""Z00.129"", ""2"": ""Z23"", ""3"": ""Q67.3"", ""4"": ""R62.50""}, ""procedures"": {""1"": ""2""}, ""actual_procedures"": {""1"": ""Z23""}}",1: Z23,CO,45,45,,N381,N381,,45,,N381,,ANTHEM BCBS HEALTHCARE SOLUTIONS,mco_medicaid,PRIMARY,505.03,254.19,0.5,1861707069,0,6
81,1,126,33057,48163,99392,well_visit,HC,EP,25,,,,1,220,98.67,29-07-2025,29-07-2025,19-08-2025,15-08-2025,"{""icd_10"": {""1"": ""Z00.129"", ""2"": ""Z71.3"", ""3"": ""Z71.82"", ""4"": ""Z68.52"", ""5"": ""Z23"", ""6"": ""Z29.3""}, ""procedures"": {""1"": ""1"", ""2"": ""2"", ""3"": ""3"", ""4"": ""4""}, ""actual_procedures"": {""1"": ""Z00.129"", ""2"": ""Z71.3"", ""3"": ""Z71.82"", ""4"": ""Z68.52""}}","1: Z00.129 | 2: Z71.3
3: Z71.82 | 4: Z68.52",CO,45,45,,N381,N381,,45,,N381,,ANTHEM BCBS HEALTHCARE SOLUTIONS,mco_medicaid,PRIMARY,460.04,235.92,0.51,1861707069,4,58
81,2,127,33057,48163,90460,vaccine_administration,HC,,,,,,4,100,83.99,29-07-2025,29-07-2025,19-08-2025,15-08-2025,"{""icd_10"": {""1"": ""Z00.129"", ""2"": ""Z71.3"", ""3"": ""Z71.82"", ""4"": ""Z68.52"", ""5"": ""Z23"", ""6"": ""Z29.3""}, ""procedures"": {""1"": ""5""}, ""actual_procedures"": {""1"": ""Z23""}}",1: Z23,CO,45,45,,N381,N381,,45,,N381,,ANTHEM BCBS HEALTHCARE SOLUTIONS,mco_medicaid,PRIMARY,460.04,235.92,0.51,1861707069,4,58
81,3,128,33057,48163,99188,procedure,HC,,,,,,1,40,11.63,29-07-2025,29-07-2025,19-08-2025,15-08-2025,"{""icd_10"": {""1"": ""Z00.129"", ""2"": ""Z71.3"", ""3"": ""Z71.82"", ""4"": ""Z68.52"", ""5"": ""Z23"", ""6"": ""Z29.3""}, ""procedures"": {""1"": ""6""}, ""actual_procedures"": {""1"": ""Z29.3""}}",1: Z29.3,CO,45,45,,N381,N381,,45,,N381,,ANTHEM BCBS HEALTHCARE SOLUTIONS,mco_medicaid,PRIMARY,460.04,235.92,0.51,1861707069,4,58
81,4,129,33057,48163,90700,vaccine,HC,,,,,,0,0.01,0,29-07-2025,29-07-2025,19-08-2025,15-08-2025,"{""icd_10"": {""1"": ""Z00.129"", ""2"": ""Z71.3"", ""3"": ""Z71.82"", ""4"": ""Z68.52"", ""5"": ""Z23"", ""6"": ""Z29.3""}, ""procedures"": {""1"": ""5""}, ""actual_procedures"": {""1"": ""Z23""}}",1: Z23,CO,45,45,,N381,N381,,45,,N381,,ANTHEM BCBS HEALTHCARE SOLUTIONS,mco_medicaid,PRIMARY,460.04,235.92,0.51,1861707069,4,58
81,5,130,33057,48163,90713,vaccine,HC,,,,,,1,0.01,0.01,29-07-2025,29-07-2025,19-08-2025,15-08-2025,"{""icd_10"": {""1"": ""Z00.129"", ""2"": ""Z71.3"", ""3"": ""Z71.82"", ""4"": ""Z68.52"", ""5"": ""Z23"", ""6"": ""Z29.3""}, ""procedures"": {""1"": ""5""}, ""actual_procedures"": {""1"": ""Z23""}}",1: Z23,,,,,,,,,,,,ANTHEM BCBS HEALTHCARE SOLUTIONS,mco_medicaid,PRIMARY,460.04,235.92,0.51,1861707069,4,58
81,6,131,33057,48163,90707,vaccine,HC,,,,,,0,0.01,0,29-07-2025,29-07-2025,19-08-2025,15-08-2025,"{""icd_10"": {""1"": ""Z00.129"", ""2"": ""Z71.3"", ""3"": ""Z71.82"", ""4"": ""Z68.52"", ""5"": ""Z23"", ""6"": ""Z29.3""}, ""procedures"": {""1"": ""5""}, ""actual_procedures"": {""1"": ""Z23""}}",1: Z23,CO,45,45,,N381,N381,,45,,N381,,ANTHEM BCBS HEALTHCARE SOLUTIONS,mco_medicaid,PRIMARY,460.04,235.92,0.51,1861707069,4,58
81,7,132,33057,48163,90472,vaccine_administration,HC,,,,,,4,100,41.62,29-07-2025,29-07-2025,19-08-2025,15-08-2025,"{""icd_10"": {""1"": ""Z00.129"", ""2"": ""Z71.3"", ""3"": ""Z71.82"", ""4"": ""Z68.52"", ""5"": ""Z23"", ""6"": ""Z29.3""}, ""procedures"": {""1"": ""5""}, ""actual_procedures"": {""1"": ""Z23""}}",1: Z23,CO,45,45,,N381,N381,,45,,N381,,ANTHEM BCBS HEALTHCARE SOLUTIONS,mco_medicaid,PRIMARY,460.04,235.92,0.51,1861707069,4,58
81,8,133,33057,48163,90716,vaccine,HC,,,,,,0,0.01,0,29-07-2025,29-07-2025,19-08-2025,15-08-2025,"{""icd_10"": {""1"": ""Z00.129"", ""2"": ""Z71.3"", ""3"": ""Z71.82"", ""4"": ""Z68.52"", ""5"": ""Z23"", ""6"": ""Z29.3""}, ""procedures"": {""1"": ""5""}, ""actual_procedures"": {""1"": ""Z23""}}",1: Z23,CO,45,45,,N381,N381,,45,,N381,,ANTHEM BCBS HEALTHCARE SOLUTIONS,mco_medicaid,PRIMARY,460.04,235.92,0.51,1861707069,4,58
82,1,134,21065,17212,99392,well_visit,HC,EP,25,,,,1,220,98.67,29-07-2025,29-07-2025,19-08-2025,15-08-2025,"{""icd_10"": {""1"": ""Z00.129"", ""2"": ""Z29.3"", ""3"": ""Z23"", ""4"": ""M21.169""}, ""procedures"": {""1"": ""1""}, ""actual_procedures"": {""1"": ""Z00.129""}}",1: Z00.129,CO,45,45,,N381,N381,,45,,N381,,ANTHEM BCBS HEALTHCARE SOLUTIONS,mco_medicaid,PRIMARY,535.03,261.75,0.49,1861707069,1,15
82,2,135,21065,17212,99213,sick_visit,HC,U6,25,,,,1,150,67.64,29-07-2025,29-07-2025,19-08-2025,15-08-2025,"{""icd_10"": {""1"": ""Z00.129"", ""2"": ""Z29.3"", ""3"": ""Z23"", ""4"": ""M21.169""}, ""procedures"": {""1"": ""4""}, ""actual_procedures"": {""1"": ""M21.169""}}",1: M21.169,CO,45,45,,N381,N381,,45,,N381,,ANTHEM BCBS HEALTHCARE SOLUTIONS,mco_medicaid,PRIMARY,535.03,261.75,0.49,1861707069,1,15
82,3,136,21065,17212,99188,procedure,HC,,,,,,1,40,11.63,29-07-2025,29-07-2025,19-08-2025,15-08-2025,"{""icd_10"": {""1"": ""Z00.129"", ""2"": ""Z29.3"", ""3"": ""Z23"", ""4"": ""M21.169""}, ""procedures"": {""1"": ""2""}, ""actual_procedures"": {""1"": ""Z29.3""}}",1: Z29.3,CO,45,45,,N381,N381,,45,,N381,,ANTHEM BCBS HEALTHCARE SOLUTIONS,mco_medicaid,PRIMARY,535.03,261.75,0.49,1861707069,1,15
82,4,137,21065,17212,90671,vaccine,HC,,,,,,1,0.01,0.01,29-07-2025,29-07-2025,19-08-2025,15-08-2025,"{""icd_10"": {""1"": ""Z00.129"", ""2"": ""Z29.3"", ""3"": ""Z23"", ""4"": ""M21.169""}, ""procedures"": {""1"": ""3""}, ""actual_procedures"": {""1"": ""Z23""}}",1: Z23,,,,,,,,,,,,ANTHEM BCBS HEALTHCARE SOLUTIONS,mco_medicaid,PRIMARY,535.03,261.75,0.49,1861707069,1,15
82,5,138,21065,17212,90700,vaccine,HC,,,,,,0,0.01,0,29-07-2025,29-07-2025,19-08-2025,15-08-2025,"{""icd_10"": {""1"": ""Z00.129"", ""2"": ""Z29.3"", ""3"": ""Z23"", ""4"": ""M21.169""}, ""procedures"": {""1"": ""3""}, ""actual_procedures"": {""1"": ""Z23""}}",1: Z23,CO,45,45,,N381,N381,,45,,N381,,ANTHEM BCBS HEALTHCARE SOLUTIONS,mco_medicaid,PRIMARY,535.03,261.75,0.49,1861707069,1,15
82,6,139,21065,17212,90460,vaccine_administration,HC,,,,,,3,75,62.99,29-07-2025,29-07-2025,19-08-2025,15-08-2025,"{""icd_10"": {""1"": ""Z00.129"", ""2"": ""Z29.3"", ""3"": ""Z23"", ""4"": ""M21.169""}, ""procedures"": {""1"": ""3""}, ""actual_procedures"": {""1"": ""Z23""}}",1: Z23,CO,45,45,,N381,N381,,45,,N381,,ANTHEM BCBS HEALTHCARE SOLUTIONS,mco_medicaid,PRIMARY,535.03,261.75,0.49,1861707069,1,15
82,7,140,21065,17212,90647,vaccine,HC,,,,,,0,0.01,0,29-07-2025,29-07-2025,19-08-2025,15-08-2025,"{""icd_10"": {""1"": ""Z00.129"", ""2"": ""Z29.3"", ""3"": ""Z23"", ""4"": ""M21.169""}, ""procedures"": {""1"": ""3""}, ""actual_procedures"": {""1"": ""Z23""}}",1: Z23,CO,45,45,,N381,N381,,45,,N381,,ANTHEM BCBS HEALTHCARE SOLUTIONS,mco_medicaid,PRIMARY,535.03,261.75,0.49,1861707069,1,15
82,8,141,21065,17212,90472,vaccine_administration,HC,,,,,,2,50,20.81,29-07-2025,29-07-2025,19-08-2025,15-08-2025,"{""icd_10"": {""1"": ""Z00.129"", ""2"": ""Z29.3"", ""3"": ""Z23"", ""4"": ""M21.169""}, ""procedures"": {""1"": ""3""}, ""actual_procedures"": {""1"": ""Z23""}}",1: Z23,CO,45,45,,N381,N381,,45,,N381,,ANTHEM BCBS HEALTHCARE SOLUTIONS,mco_medicaid,PRIMARY,535.03,261.75,0.49,1861707069,1,15
83,1,142,36129,51235,99392,well_visit,HC,EP,25,,,,1,220,98.67,11-07-2025,11-07-2025,19-08-2025,15-08-2025,"{""icd_10"": {""1"": ""Z00.129"", ""2"": ""Z29.3"", ""3"": ""Z13.41"", ""4"": ""Z23""}, ""procedures"": {""1"": ""1""}, ""actual_procedures"": {""1"": ""Z00.129""}}",1: Z00.129,CO,45,45,,N381,N381,,45,,N381,,ANTHEM BCBS HEALTHCARE SOLUTIONS,mco_medicaid,PRIMARY,303.05,138.29,0.46,1861707069,1,19
83,2,143,36129,51235,90633,vaccine,HC,,,,,,0,0.01,0,11-07-2025,11-07-2025,19-08-2025,15-08-2025,"{""icd_10"": {""1"": ""Z00.129"", ""2"": ""Z29.3"", ""3"": ""Z13.41"", ""4"": ""Z23""}, ""procedures"": {""1"": ""4""}, ""actual_procedures"": {""1"": ""Z23""}}",1: Z23,CO,45,45,,N381,N381,,45,,N381,,ANTHEM BCBS HEALTHCARE SOLUTIONS,mco_medicaid,PRIMARY,303.05,138.29,0.46,1861707069,1,19
83,3,144,36129,51235,96110,procedure,HC,59,,,,,1,14.8,6.99,11-07-2025,11-07-2025,19-08-2025,15-08-2025,"{""icd_10"": {""1"": ""Z00.129"", ""2"": ""Z29.3"", ""3"": ""Z13.41"", ""4"": ""Z23""}, ""procedures"": {""1"": ""3""}, ""actual_procedures"": {""1"": ""Z13.41""}}",1: Z13.41,CO,45,45,,N381,N381,,45,,N381,,ANTHEM BCBS HEALTHCARE SOLUTIONS,mco_medicaid,PRIMARY,303.05,138.29,0.46,1861707069,1,19
83,4,145,36129,51235,90460,vaccine_administration,HC,,,,,,1,25,21,11-07-2025,11-07-2025,19-08-2025,15-08-2025,"{""icd_10"": {""1"": ""Z00.129"", ""2"": ""Z29.3"", ""3"": ""Z13.41"", ""4"": ""Z23""}, ""procedures"": {""1"": ""4""}, ""actual_procedures"": {""1"": ""Z23""}}",1: Z23,CO,45,45,,N381,N381,,45,,N381,,ANTHEM BCBS HEALTHCARE SOLUTIONS,mco_medicaid,PRIMARY,303.05,138.29,0.46,1861707069,1,19
83,5,146,36129,51235,99188,procedure,HC,,,,,,1,40,11.63,11-07-2025,11-07-2025,19-08-2025,15-08-2025,"{""icd_10"": {""1"": ""Z00.129"", ""2"": ""Z29.3"", ""3"": ""Z13.41"", ""4"": ""Z23""}, ""procedures"": {""1"": ""2""}, ""actual_procedures"": {""1"": ""Z29.3""}}",1: Z29.3,CO,45,45,,N381,N381,,45,,N381,,ANTHEM BCBS HEALTHCARE SOLUTIONS,mco_medicaid,PRIMARY,303.05,138.29,0.46,1861707069,1,19
83,6,147,36129,51235,85018,poc,HC,QW,,,,,0,3.24,0,11-07-2025,11-07-2025,19-08-2025,15-08-2025,"{""icd_10"": {""1"": ""Z00.129"", ""2"": ""Z29.3"", ""3"": ""Z13.41"", ""4"": ""Z23""}, ""procedures"": {""1"": ""3""}, ""actual_procedures"": {""1"": ""Z13.41""}}",1: Z13.41,CO,97,97,,N19,N19,,97,,N19,,ANTHEM BCBS HEALTHCARE SOLUTIONS,mco_medicaid,PRIMARY,303.05,138.29,0.46,1861707069,1,19
84,1,148,36191,51297,99214,sick_visit,HC,25,,,,,1,215,99.68,25-07-2025,25-07-2025,19-08-2025,15-08-2025,"{""icd_10"": {""1"": ""R30.9"", ""2"": ""N48.89"", ""3"": ""F51.3"", ""4"": ""E66.9""}, ""procedures"": {""1"": ""1"", ""2"": ""2"", ""3"": ""3"", ""4"": ""4""}, ""actual_procedures"": {""1"": ""R30.9"", ""2"": ""N48.89"", ""3"": ""F51.3"", ""4"": ""E66.9""}}","1: R30.9 | 2: N48.89
3: F51.3 | 4: E66.9",CO,45,45,,N381,N381,,45,,N381,,ANTHEM BCBS HEALTHCARE SOLUTIONS,mco_medicaid,PRIMARY,218.5,101.77,0.47,1861707069,10,128
84,2,149,36191,51297,81002,poc,HC,,,,,,1,3.5,2.09,25-07-2025,25-07-2025,19-08-2025,15-08-2025,"{""icd_10"": {""1"": ""R30.9"", ""2"": ""N48.89"", ""3"": ""F51.3"", ""4"": ""E66.9""}, ""procedures"": {""1"": ""1"", ""2"": ""2"", ""3"": ""3"", ""4"": ""4""}, ""actual_procedures"": {""1"": ""R30.9"", ""2"": ""N48.89"", ""3"": ""F51.3"", ""4"": ""E66.9""}}","1: R30.9 | 2: N48.89
3: F51.3 | 4: E66.9",CO,45,45,,N381,N381,,45,,N381,,ANTHEM BCBS HEALTHCARE SOLUTIONS,mco_medicaid,PRIMARY,218.5,101.77,0.47,1861707069,10,128
85,1,150,13655217,16423,99213,sick_visit,HC,,,,,,1,150,67.64,28-07-2025,28-07-2025,19-08-2025,15-08-2025,"{""icd_10"": {""1"": ""K59.00"", ""2"": ""R11.0""}, ""procedures"": {""1"": ""1"", ""2"": ""2""}, ""actual_procedures"": {""1"": ""K59.00"", ""2"": ""R11.0""}}",1: K59.00 | 2: R11.0,CO,45,45,,N381,N381,,45,,N381,,ANTHEM BCBS HEALTHCARE SOLUTIONS,mco_medicaid,PRIMARY,150,67.64,0.45,1861707069,9,118
86,1,151,160426,16710,99213,sick_visit,HC,,,,,,1,150,67.64,25-07-2025,25-07-2025,19-08-2025,15-08-2025,"{""icd_10"": {""1"": ""L30.9"", ""2"": ""L29.9"", ""3"": ""E66.9""}, ""procedures"": {""1"": ""1"", ""2"": ""2"", ""3"": ""3""}, ""actual_procedures"": {""1"": ""L30.9"", ""2"": ""L29.9"", ""3"": ""E66.9""}}","1: L30.9 | 2: L29.9
3: E66.9",CO,45,45,,N381,N381,,45,,N381,,ANTHEM BCBS HEALTHCARE SOLUTIONS,mco_medicaid,PRIMARY,150,67.64,0.45,1861707069,3,42
87,1,152,35829,50935,99213,sick_visit,HC,,,,,,1,150,67.64,28-07-2025,28-07-2025,19-08-2025,15-08-2025,"{""icd_10"": {""1"": ""B35.3"", ""2"": ""E66.3""}, ""procedures"": {""1"": ""1"", ""2"": ""2""}, ""actual_procedures"": {""1"": ""B35.3"", ""2"": ""E66.3""}}",1: B35.3 | 2: E66.3,CO,45,45,,N381,N381,,45,,N381,,ANTHEM BCBS HEALTHCARE SOLUTIONS,mco_medicaid,PRIMARY,150,67.64,0.45,1861707069,13,161
88,1,1,31163,46269,99213,sick_visit,HC,,,,,,1,150,72.14,10-07-2025,10-07-2025,20-08-2025,18-08-2025,"{""icd_10"": {""1"": ""R09.81"", ""2"": ""R05.1"", ""3"": ""B34.9"", ""4"": ""H66.92""}, ""procedures"": {""1"": ""1"", ""2"": ""2"", ""3"": ""3"", ""4"": ""4""}, ""actual_procedures"": {""1"": ""R09.81"", ""2"": ""R05.1"", ""3"": ""B34.9"", ""4"": ""H66.92""}}","1: R09.81 | 2: R05.1
3: B34.9 | 4: H66.92","CO,PR","45,3",45,3,,,,45,3,,,"RMHMS, INC. NV",private,PRIMARY,150,72.14,0.48,1073015541,1,22
89,1,1,1160211,4664,99211,,HC,25,,,,,1,39.58,0,28-07-2025,28-07-2025,20-08-2025,18-08-2025,"{""icd_10"": {""1"": ""Z23""}, ""procedures"": {""1"": ""1""}, ""actual_procedures"": {""1"": ""Z23""}}",1: Z23,CO,4,4,,N657,N657,,4,,N657,,"RMHMS, INC. NV",private,PRIMARY,364.58,316.06,0.87,1861707069,12,151
89,2,2,1160211,4664,90460,vaccine_administration,HC,,,,,,1,25,16.06,28-07-2025,28-07-2025,20-08-2025,18-08-2025,"{""icd_10"": {""1"": ""Z23""}, ""procedures"": {""1"": ""1""}, ""actual_procedures"": {""1"": ""Z23""}}",1: Z23,CO,45,45,,,,,45,,,,"RMHMS, INC. NV",private,PRIMARY,364.58,316.06,0.87,1861707069,12,151
89,3,3,1160211,4664,90651,vaccine,HC,,,,,,1,300,300,28-07-2025,28-07-2025,20-08-2025,18-08-2025,"{""icd_10"": {""1"": ""Z23""}, ""procedures"": {""1"": ""1""}, ""actual_procedures"": {""1"": ""Z23""}}",1: Z23,,,,,,,,,,,,"RMHMS, INC. NV",private,PRIMARY,364.58,316.06,0.87,1861707069,12,151
90,1,1,1790,16896,99392,well_visit,HC,EP,25,,,,1,220,98.67,28-07-2025,28-07-2025,21-08-2025,19-08-2025,"{""icd_10"": {""1"": ""Z00.129"", ""2"": ""Z23"", ""3"": ""Z29.3"", ""4"": ""K42.0""}, ""procedures"": {""1"": ""1""}, ""actual_procedures"": {""1"": ""Z00.129""}}",1: Z00.129,CO,45,45,,N381,N381,,45,,N381,,ANTHEM BCBS HEALTHCARE SOLUTIONS,mco_medicaid,PRIMARY,480.03,234.73,0.49,1861707069,1,12
90,2,2,1790,16896,99212,,HC,U6,25,,,,1,95,40.63,28-07-2025,28-07-2025,21-08-2025,19-08-2025,"{""icd_10"": {""1"": ""Z00.129"", ""2"": ""Z23"", ""3"": ""Z29.3"", ""4"": ""K42.0""}, ""procedures"": {""1"": ""4""}, ""actual_procedures"": {""1"": ""K42.0""}}",1: K42.0,CO,45,45,,N381,N381,,45,,N381,,ANTHEM BCBS HEALTHCARE SOLUTIONS,mco_medicaid,PRIMARY,480.03,234.73,0.49,1861707069,1,12
90,3,3,1790,16896,90460,vaccine_administration,HC,,,,,,3,75,62.99,28-07-2025,28-07-2025,21-08-2025,19-08-2025,"{""icd_10"": {""1"": ""Z00.129"", ""2"": ""Z23"", ""3"": ""Z29.3"", ""4"": ""K42.0""}, ""procedures"": {""1"": ""2""}, ""actual_procedures"": {""1"": ""Z23""}}",1: Z23,CO,45,45,,N381,N381,,45,,N381,,ANTHEM BCBS HEALTHCARE SOLUTIONS,mco_medicaid,PRIMARY,480.03,234.73,0.49,1861707069,1,12
90,4,4,1790,16896,99188,procedure,HC,,,,,,1,40,11.63,28-07-2025,28-07-2025,21-08-2025,19-08-2025,"{""icd_10"": {""1"": ""Z00.129"", ""2"": ""Z23"", ""3"": ""Z29.3"", ""4"": ""K42.0""}, ""procedures"": {""1"": ""3""}, ""actual_procedures"": {""1"": ""Z29.3""}}",1: Z29.3,CO,45,45,,N381,N381,,45,,N381,,ANTHEM BCBS HEALTHCARE SOLUTIONS,mco_medicaid,PRIMARY,480.03,234.73,0.49,1861707069,1,12
90,5,5,1790,16896,90633,vaccine,HC,,,,,,0,0.01,0,28-07-2025,28-07-2025,21-08-2025,19-08-2025,"{""icd_10"": {""1"": ""Z00.129"", ""2"": ""Z23"", ""3"": ""Z29.3"", ""4"": ""K42.0""}, ""procedures"": {""1"": ""2""}, ""actual_procedures"": {""1"": ""Z23""}}",1: Z23,CO,45,45,,N381,N381,,45,,N381,,ANTHEM BCBS HEALTHCARE SOLUTIONS,mco_medicaid,PRIMARY,480.03,234.73,0.49,1861707069,1,12
90,6,6,1790,16896,90707,vaccine,HC,,,,,,0,0.01,0,28-07-2025,28-07-2025,21-08-2025,19-08-2025,"{""icd_10"": {""1"": ""Z00.129"", ""2"": ""Z23"", ""3"": ""Z29.3"", ""4"": ""K42.0""}, ""procedures"": {""1"": ""2""}, ""actual_procedures"": {""1"": ""Z23""}}",1: Z23,CO,45,45,,N381,N381,,45,,N381,,ANTHEM BCBS HEALTHCARE SOLUTIONS,mco_medicaid,PRIMARY,480.03,234.73,0.49,1861707069,1,12
90,7,7,1790,16896,90472,vaccine_administration,HC,,,,,,2,50,20.81,28-07-2025,28-07-2025,21-08-2025,19-08-2025,"{""icd_10"": {""1"": ""Z00.129"", ""2"": ""Z23"", ""3"": ""Z29.3"", ""4"": ""K42.0""}, ""procedures"": {""1"": ""2""}, ""actual_procedures"": {""1"": ""Z23""}}",1: Z23,CO,45,45,,N381,N381,,45,,N381,,ANTHEM BCBS HEALTHCARE SOLUTIONS,mco_medicaid,PRIMARY,480.03,234.73,0.49,1861707069,1,12
90,8,8,1790,16896,90716,vaccine,HC,,,,,,0,0.01,0,28-07-2025,28-07-2025,21-08-2025,19-08-2025,"{""icd_10"": {""1"": ""Z00.129"", ""2"": ""Z23"", ""3"": ""Z29.3"", ""4"": ""K42.0""}, ""procedures"": {""1"": ""2""}, ""actual_procedures"": {""1"": ""Z23""}}",1: Z23,CO,45,45,,N381,N381,,45,,N381,,ANTHEM BCBS HEALTHCARE SOLUTIONS,mco_medicaid,PRIMARY,480.03,234.73,0.49,1861707069,1,12
91,1,9,1352645,16451,99393,well_visit,HC,EP,25,,,,1,230,98.33,25-07-2025,25-07-2025,21-08-2025,19-08-2025,"{""icd_10"": {""1"": ""Z00.129"", ""2"": ""Z71.3"", ""3"": ""Z71.82"", ""4"": ""Z68.52"", ""5"": ""Z23"", ""6"": ""Z29.3""}, ""procedures"": {""1"": ""1"", ""2"": ""2"", ""3"": ""3"", ""4"": ""4""}, ""actual_procedures"": {""1"": ""Z00.129"", ""2"": ""Z71.3"", ""3"": ""Z71.82"", ""4"": ""Z68.52""}}","1: Z00.129 | 2: Z71.3
3: Z71.82 | 4: Z68.52",CO,45,45,,N381,N381,,45,,N381,,ANTHEM BCBS HEALTHCARE SOLUTIONS,mco_medicaid,PRIMARY,470.03,224.97,0.48,1861707069,5,71
91,2,10,1352645,16451,99188,procedure,HC,,,,,,1,40,11.63,25-07-2025,25-07-2025,21-08-2025,19-08-2025,"{""icd_10"": {""1"": ""Z00.129"", ""2"": ""Z71.3"", ""3"": ""Z71.82"", ""4"": ""Z68.52"", ""5"": ""Z23"", ""6"": ""Z29.3""}, ""procedures"": {""1"": ""6""}, ""actual_procedures"": {""1"": ""Z29.3""}}",1: Z29.3,CO,45,45,,N381,N381,,45,,N381,,ANTHEM BCBS HEALTHCARE SOLUTIONS,mco_medicaid,PRIMARY,470.03,224.97,0.48,1861707069,5,71
91,3,11,1352645,16451,90696,vaccine,HC,,,,,,0,0.01,0,25-07-2025,25-07-2025,21-08-2025,19-08-2025,"{""icd_10"": {""1"": ""Z00.129"", ""2"": ""Z71.3"", ""3"": ""Z71.82"", ""4"": ""Z68.52"", ""5"": ""Z23"", ""6"": ""Z29.3""}, ""procedures"": {""1"": ""5""}, ""actual_procedures"": {""1"": ""Z23""}}",1: Z23,CO,45,45,,N381,N381,,45,,N381,,ANTHEM BCBS HEALTHCARE SOLUTIONS,mco_medicaid,PRIMARY,470.03,224.97,0.48,1861707069,5,71
91,4,12,1352645,16451,90707,vaccine,HC,,,,,,0,0.01,0,25-07-2025,25-07-2025,21-08-2025,19-08-2025,"{""icd_10"": {""1"": ""Z00.129"", ""2"": ""Z71.3"", ""3"": ""Z71.82"", ""4"": ""Z68.52"", ""5"": ""Z23"", ""6"": ""Z29.3""}, ""procedures"": {""1"": ""5""}, ""actual_procedures"": {""1"": ""Z23""}}",1: Z23,CO,45,45,,N381,N381,,45,,N381,,ANTHEM BCBS HEALTHCARE SOLUTIONS,mco_medicaid,PRIMARY,470.03,224.97,0.48,1861707069,5,71
91,5,13,1352645,16451,90716,vaccine,HC,,,,,,0,0.01,0,25-07-2025,25-07-2025,21-08-2025,19-08-2025,"{""icd_10"": {""1"": ""Z00.129"", ""2"": ""Z71.3"", ""3"": ""Z71.82"", ""4"": ""Z68.52"", ""5"": ""Z23"", ""6"": ""Z29.3""}, ""procedures"": {""1"": ""5""}, ""actual_procedures"": {""1"": ""Z23""}}",1: Z23,CO,45,45,,N381,N381,,45,,N381,,ANTHEM BCBS HEALTHCARE SOLUTIONS,mco_medicaid,PRIMARY,470.03,224.97,0.48,1861707069,5,71
91,6,14,1352645,16451,90460,vaccine_administration,HC,,,,,,3,75,62.99,25-07-2025,25-07-2025,21-08-2025,19-08-2025,"{""icd_10"": {""1"": ""Z00.129"", ""2"": ""Z71.3"", ""3"": ""Z71.82"", ""4"": ""Z68.52"", ""5"": ""Z23"", ""6"": ""Z29.3""}, ""procedures"": {""1"": ""5""}, ""actual_procedures"": {""1"": ""Z23""}}",1: Z23,CO,45,45,,N381,N381,,45,,N381,,ANTHEM BCBS HEALTHCARE SOLUTIONS,mco_medicaid,PRIMARY,470.03,224.97,0.48,1861707069,5,71
91,7,15,1352645,16451,90472,vaccine_administration,HC,,,,,,5,125,52.02,25-07-2025,25-07-2025,21-08-2025,19-08-2025,"{""icd_10"": {""1"": ""Z00.129"", ""2"": ""Z71.3"", ""3"": ""Z71.82"", ""4"": ""Z68.52"", ""5"": ""Z23"", ""6"": ""Z29.3""}, ""procedures"": {""1"": ""5""}, ""actual_procedures"": {""1"": ""Z23""}}",1: Z23,CO,45,45,,N381,N381,,45,,N381,,ANTHEM BCBS HEALTHCARE SOLUTIONS,mco_medicaid,PRIMARY,470.03,224.97,0.48,1861707069,5,71
92,1,1,3924,15238,99394,well_visit,HC,25,,,,,1,260,110.07,07-08-2025,07-08-2025,25-08-2025,21-08-2025,"{""icd_10"": {""1"": ""Z00.129"", ""2"": ""Z30.02"", ""3"": ""Z71.3"", ""4"": ""Z71.82"", ""5"": ""Z13.31"", ""6"": ""F90.9"", ""7"": ""F41.9"", ""8"": ""Z68.52""}, ""procedures"": {""1"": ""1"", ""2"": ""3"", ""3"": ""4"", ""4"": ""8""}, ""actual_procedures"": {""1"": ""Z00.129"", ""2"": ""Z71.3"", ""3"": ""Z71.82"", ""4"": ""Z68.52""}}","1: Z00.129 | 2: Z71.3
3: Z71.82 | 4: Z68.52",CO,45,45,,,,,45,,,,BCBS FEP,private,PRIMARY,355.16,114.66,0.32,1861707069,15,190
92,2,2,3924,15238,99401,Counseling - Preventive Counseling,HC,FP,,,,,1,70.16,0,07-08-2025,07-08-2025,25-08-2025,21-08-2025,"{""icd_10"": {""1"": ""Z00.129"", ""2"": ""Z30.02"", ""3"": ""Z71.3"", ""4"": ""Z71.82"", ""5"": ""Z13.31"", ""6"": ""F90.9"", ""7"": ""F41.9"", ""8"": ""Z68.52""}, ""procedures"": {""1"": ""2""}, ""actual_procedures"": {""1"": ""Z30.02""}}",1: Z30.02,CO,97,97,,,,,97,,,,BCBS FEP,private,PRIMARY,355.16,114.66,0.32,1861707069,15,190
92,3,3,3924,15238,96127,procedure,HC,,,,,,1,25,4.59,07-08-2025,07-08-2025,25-08-2025,21-08-2025,"{""icd_10"": {""1"": ""Z00.129"", ""2"": ""Z30.02"", ""3"": ""Z71.3"", ""4"": ""Z71.82"", ""5"": ""Z13.31"", ""6"": ""F90.9"", ""7"": ""F41.9"", ""8"": ""Z68.52""}, ""procedures"": {""1"": ""5""}, ""actual_procedures"": {""1"": ""Z13.31""}}",1: Z13.31,CO,45,45,,,,,45,,,,BCBS FEP,private,PRIMARY,355.16,114.66,0.32,1861707069,15,190
93,1,1,163012,16736,99213,sick_visit,HC,,,,,,1,150,67.64,13-08-2025,13-08-2025,26-08-2025,22-08-2025,"{""icd_10"": {""1"": ""F80.89""}, ""procedures"": {""1"": ""1""}, ""actual_procedures"": {""1"": ""F80.89""}}",1: F80.89,CO,45,45,,N381,N381,,45,,N381,,ANTHEM BCBS HEALTHCARE SOLUTIONS,mco_medicaid,PRIMARY,150,67.64,0.45,1861707069,2,32
94,1,2,12227,15823,99394,well_visit,HC,EP,25,,,,1,260,107.48,07-08-2025,07-08-2025,26-08-2025,22-08-2025,"{""icd_10"": {""1"": ""Z00.129"", ""2"": ""Z71.3"", ""3"": ""Z71.82"", ""4"": ""Z23"", ""5"": ""Z13.31"", ""6"": ""Z68.53""}, ""procedures"": {""1"": ""1"", ""2"": ""2"", ""3"": ""3"", ""4"": ""6""}, ""actual_procedures"": {""1"": ""Z00.129"", ""2"": ""Z71.3"", ""3"": ""Z71.82"", ""4"": ""Z68.53""}}","1: Z00.129 | 2: Z71.3
3: Z71.82 | 4: Z68.53",CO,45,45,,N381,N381,,45,,N381,,ANTHEM BCBS HEALTHCARE SOLUTIONS,mco_medicaid,PRIMARY,335,154.02,0.46,1861707069,16,195
94,2,3,12227,15823,90460,vaccine_administration,HC,,,,,,2,50,41.99,07-08-2025,07-08-2025,26-08-2025,22-08-2025,"{""icd_10"": {""1"": ""Z00.129"", ""2"": ""Z71.3"", ""3"": ""Z71.82"", ""4"": ""Z23"", ""5"": ""Z13.31"", ""6"": ""Z68.53""}, ""procedures"": {""1"": ""4""}, ""actual_procedures"": {""1"": ""Z23""}}",1: Z23,CO,45,45,,N381,N381,,45,,N381,,ANTHEM BCBS HEALTHCARE SOLUTIONS,mco_medicaid,PRIMARY,335,154.02,0.46,1861707069,16,195
94,3,4,12227,15823,96127,procedure,HC,,,,,,1,25,4.55,07-08-2025,07-08-2025,26-08-2025,22-08-2025,"{""icd_10"": {""1"": ""Z00.129"", ""2"": ""Z71.3"", ""3"": ""Z71.82"", ""4"": ""Z23"", ""5"": ""Z13.31"", ""6"": ""Z68.53""}, ""procedures"": {""1"": ""5""}, ""actual_procedures"": {""1"": ""Z13.31""}}",1: Z13.31,CO,45,45,,N381,N381,,45,,N381,,ANTHEM BCBS HEALTHCARE SOLUTIONS,mco_medicaid,PRIMARY,335,154.02,0.46,1861707069,16,195
94,4,5,12227,15823,90620,vaccine,HC,,,,,,0,0,0,07-08-2025,07-08-2025,26-08-2025,22-08-2025,"{""icd_10"": {""1"": ""Z00.129"", ""2"": ""Z71.3"", ""3"": ""Z71.82"", ""4"": ""Z23"", ""5"": ""Z13.31"", ""6"": ""Z68.53""}, ""procedures"": {""1"": ""4""}, ""actual_procedures"": {""1"": ""Z23""}}",1: Z23,,,,,,,,,,,,ANTHEM BCBS HEALTHCARE SOLUTIONS,mco_medicaid,PRIMARY,335,154.02,0.46,1861707069,16,195
94,5,6,12227,15823,90734,vaccine,HC,,,,,,0,0,0,07-08-2025,07-08-2025,26-08-2025,22-08-2025,"{""icd_10"": {""1"": ""Z00.129"", ""2"": ""Z71.3"", ""3"": ""Z71.82"", ""4"": ""Z23"", ""5"": ""Z13.31"", ""6"": ""Z68.53""}, ""procedures"": {""1"": ""4""}, ""actual_procedures"": {""1"": ""Z23""}}",1: Z23,,,,,,,,,,,,ANTHEM BCBS HEALTHCARE SOLUTIONS,mco_medicaid,PRIMARY,335,154.02,0.46,1861707069,16,195
95,1,7,151610112,16622,99392,well_visit,HC,EP,25,,,,1,220,98.67,13-08-2025,13-08-2025,26-08-2025,22-08-2025,"{""icd_10"": {""1"": ""Z00.129"", ""2"": ""Z71.3"", ""3"": ""Z13.41"", ""4"": ""Z29.3""}, ""procedures"": {""1"": ""1"", ""2"": ""2""}, ""actual_procedures"": {""1"": ""Z00.129"", ""2"": ""Z71.3""}}",1: Z00.129 | 2: Z71.3,CO,45,45,,N381,N381,,45,,N381,,ANTHEM BCBS HEALTHCARE SOLUTIONS,mco_medicaid,PRIMARY,274.8,117.29,0.43,1861707069,2,24
95,2,8,151610112,16622,99188,procedure,HC,,,,,,1,40,11.63,13-08-2025,13-08-2025,26-08-2025,22-08-2025,"{""icd_10"": {""1"": ""Z00.129"", ""2"": ""Z71.3"", ""3"": ""Z13.41"", ""4"": ""Z29.3""}, ""procedures"": {""1"": ""4""}, ""actual_procedures"": {""1"": ""Z29.3""}}",1: Z29.3,CO,45,45,,N381,N381,,45,,N381,,ANTHEM BCBS HEALTHCARE SOLUTIONS,mco_medicaid,PRIMARY,274.8,117.29,0.43,1861707069,2,24
95,3,9,151610112,16622,96110,procedure,HC,59,,,,,1,14.8,6.99,13-08-2025,13-08-2025,26-08-2025,22-08-2025,"{""icd_10"": {""1"": ""Z00.129"", ""2"": ""Z71.3"", ""3"": ""Z13.41"", ""4"": ""Z29.3""}, ""procedures"": {""1"": ""3""}, ""actual_procedures"": {""1"": ""Z13.41""}}",1: Z13.41,CO,45,45,,N381,N381,,45,,N381,,ANTHEM BCBS HEALTHCARE SOLUTIONS,mco_medicaid,PRIMARY,274.8,117.29,0.43,1861707069,2,24
96,1,10,1862,16968,99213,sick_visit,HC,25,,,,,0,150,0,13-08-2025,13-08-2025,26-08-2025,22-08-2025,"{""icd_10"": {""1"": ""Z00.129"", ""2"": ""L85.8""}, ""procedures"": {""1"": ""2""}, ""actual_procedures"": {""1"": ""L85.8""}, ""icd_10_procedures_mismatch"": false}",1: L85.8,CO,4,4,,,,,4,,,,ANTHEM BCBS HEALTHCARE SOLUTIONS,mco_medicaid,PRIMARY,350,92.43,0.26,1861707069,0,10
96,2,11,1862,16968,99391,well_visit,HC,EP,25,,,,1,200,92.43,13-08-2025,13-08-2025,26-08-2025,22-08-2025,"{""icd_10"": {""1"": ""Z00.129"", ""2"": ""L85.8""}, ""procedures"": {""1"": ""1""}, ""actual_procedures"": {""1"": ""Z00.129""}, ""icd_10_procedures_mismatch"": false}",1: Z00.129,CO,45,45,,N381,N381,,45,,N381,,ANTHEM BCBS HEALTHCARE SOLUTIONS,mco_medicaid,PRIMARY,350,92.43,0.26,1861707069,0,10
97,1,12,36141,51247,99384,well_visit,HC,EP,25,,,,1,285,125.99,17-07-2025,17-07-2025,26-08-2025,22-08-2025,"{""icd_10"": {""1"": ""Z00.129"", ""2"": ""Z71.3"", ""3"": ""Z71.82"", ""4"": ""J45.909"", ""5"": ""D68.00"", ""6"": ""Z23"", ""7"": ""Z68.52"", ""8"": ""Z13.31""}, ""procedures"": {""1"": ""1"", ""2"": ""2"", ""3"": ""3"", ""4"": ""7""}, ""actual_procedures"": {""1"": ""Z00.129"", ""2"": ""Z71.3"", ""3"": ""Z71.82"", ""4"": ""Z68.52""}}","1: Z00.129 | 2: Z71.3
3: Z71.82 | 4: Z68.52",CO,45,45,,N381,N381,,45,,N381,,ANTHEM BCBS HEALTHCARE SOLUTIONS,mco_medicaid,PRIMARY,485,219.18,0.45,1861707069,15,191
97,2,13,36141,51247,99213,sick_visit,HC,U6,25,,,,1,150,67.64,17-07-2025,17-07-2025,26-08-2025,22-08-2025,"{""icd_10"": {""1"": ""Z00.129"", ""2"": ""Z71.3"", ""3"": ""Z71.82"", ""4"": ""J45.909"", ""5"": ""D68.00"", ""6"": ""Z23"", ""7"": ""Z68.52"", ""8"": ""Z13.31""}, ""procedures"": {""1"": ""4"", ""2"": ""5""}, ""actual_procedures"": {""1"": ""J45.909"", ""2"": ""D68.00""}}",1: J45.909 | 2: D68.00,CO,45,45,,N381,N381,,45,,N381,,ANTHEM BCBS HEALTHCARE SOLUTIONS,mco_medicaid,PRIMARY,485,219.18,0.45,1861707069,15,191
97,3,14,36141,51247,90460,vaccine_administration,HC,,,,,,1,25,21,17-07-2025,17-07-2025,26-08-2025,22-08-2025,"{""icd_10"": {""1"": ""Z00.129"", ""2"": ""Z71.3"", ""3"": ""Z71.82"", ""4"": ""J45.909"", ""5"": ""D68.00"", ""6"": ""Z23"", ""7"": ""Z68.52"", ""8"": ""Z13.31""}, ""procedures"": {""1"": ""6""}, ""actual_procedures"": {""1"": ""Z23""}}",1: Z23,CO,45,45,,N381,N381,,45,,N381,,ANTHEM BCBS HEALTHCARE SOLUTIONS,mco_medicaid,PRIMARY,485,219.18,0.45,1861707069,15,191
97,4,15,36141,51247,90633,vaccine,HC,,,,,,0,0,0,17-07-2025,17-07-2025,26-08-2025,22-08-2025,"{""icd_10"": {""1"": ""Z00.129"", ""2"": ""Z71.3"", ""3"": ""Z71.82"", ""4"": ""J45.909"", ""5"": ""D68.00"", ""6"": ""Z23"", ""7"": ""Z68.52"", ""8"": ""Z13.31""}, ""procedures"": {""1"": ""6""}, ""actual_procedures"": {""1"": ""Z23""}}",1: Z23,,,,,,,,,,,,ANTHEM BCBS HEALTHCARE SOLUTIONS,mco_medicaid,PRIMARY,485,219.18,0.45,1861707069,15,191
97,5,16,36141,51247,96127,procedure,HC,,,,,,1,25,4.55,17-07-2025,17-07-2025,26-08-2025,22-08-2025,"{""icd_10"": {""1"": ""Z00.129"", ""2"": ""Z71.3"", ""3"": ""Z71.82"", ""4"": ""J45.909"", ""5"": ""D68.00"", ""6"": ""Z23"", ""7"": ""Z68.52"", ""8"": ""Z13.31""}, ""procedures"": {""1"": ""8""}, ""actual_procedures"": {""1"": ""Z13.31""}}",1: Z13.31,CO,45,45,,N381,N381,,45,,N381,,ANTHEM BCBS HEALTHCARE SOLUTIONS,mco_medicaid,PRIMARY,485,219.18,0.45,1861707069,15,191
98,1,17,12130,7000,99393,well_visit,HC,EP,25,,,,1,230,98.33,07-08-2025,07-08-2025,26-08-2025,22-08-2025,"{""icd_10"": {""1"": ""Z00.129"", ""2"": ""Z71.3"", ""3"": ""Z71.82"", ""4"": ""Z23"", ""5"": ""Z13.31"", ""6"": ""Z68.52""}, ""procedures"": {""1"": ""1"", ""2"": ""2"", ""3"": ""3"", ""4"": ""6""}, ""actual_procedures"": {""1"": ""Z00.129"", ""2"": ""Z71.3"", ""3"": ""Z71.82"", ""4"": ""Z68.52""}}","1: Z00.129 | 2: Z71.3
3: Z71.82 | 4: Z68.52",CO,45,45,,N381,N381,,45,,N381,,ANTHEM BCBS HEALTHCARE SOLUTIONS,mco_medicaid,PRIMARY,280,123.88,0.44,1861707069,11,140
98,2,18,12130,7000,90460,vaccine_administration,HC,,,,,,1,25,21,07-08-2025,07-08-2025,26-08-2025,22-08-2025,"{""icd_10"": {""1"": ""Z00.129"", ""2"": ""Z71.3"", ""3"": ""Z71.82"", ""4"": ""Z23"", ""5"": ""Z13.31"", ""6"": ""Z68.52""}, ""procedures"": {""1"": ""4""}, ""actual_procedures"": {""1"": ""Z23""}}",1: Z23,CO,45,45,,N381,N381,,45,,N381,,ANTHEM BCBS HEALTHCARE SOLUTIONS,mco_medicaid,PRIMARY,280,123.88,0.44,1861707069,11,140
98,3,19,12130,7000,96127,procedure,HC,,,,,,1,25,4.55,07-08-2025,07-08-2025,26-08-2025,22-08-2025,"{""icd_10"": {""1"": ""Z00.129"", ""2"": ""Z71.3"", ""3"": ""Z71.82"", ""4"": ""Z23"", ""5"": ""Z13.31"", ""6"": ""Z68.52""}, ""procedures"": {""1"": ""5""}, ""actual_procedures"": {""1"": ""Z13.31""}}",1: Z13.31,CO,45,45,,N381,N381,,45,,N381,,ANTHEM BCBS HEALTHCARE SOLUTIONS,mco_medicaid,PRIMARY,280,123.88,0.44,1861707069,11,140
98,4,20,12130,7000,90651,vaccine,HC,,,,,,0,0,0,07-08-2025,07-08-2025,26-08-2025,22-08-2025,"{""icd_10"": {""1"": ""Z00.129"", ""2"": ""Z71.3"", ""3"": ""Z71.82"", ""4"": ""Z23"", ""5"": ""Z13.31"", ""6"": ""Z68.52""}, ""procedures"": {""1"": ""4""}, ""actual_procedures"": {""1"": ""Z23""}}",1: Z23,,,,,,,,,,,,ANTHEM BCBS HEALTHCARE SOLUTIONS,mco_medicaid,PRIMARY,280,123.88,0.44,1861707069,11,140
99,1,21,12126,15531,99395,well_visit,HC,EP,25,,,,1,275,109.77,07-08-2025,07-08-2025,26-08-2025,22-08-2025,"{""icd_10"": {""1"": ""Z00.00"", ""2"": ""Z30.02"", ""3"": ""Z13.31""}, ""procedures"": {""1"": ""1""}, ""actual_procedures"": {""1"": ""Z00.00""}}",1: Z00.00,CO,45,45,,N381,N381,,45,,N381,,ANTHEM BCBS HEALTHCARE SOLUTIONS,mco_medicaid,PRIMARY,370.16,147.47,0.4,1861707069,18,216
99,2,22,12126,15531,99401,Counseling - Preventive Counseling,HC,FP,,,,,1,70.16,33.15,07-08-2025,07-08-2025,26-08-2025,22-08-2025,"{""icd_10"": {""1"": ""Z00.00"", ""2"": ""Z30.02"", ""3"": ""Z13.31""}, ""procedures"": {""1"": ""2""}, ""actual_procedures"": {""1"": ""Z30.02""}}",1: Z30.02,CO,45,45,,N381,N381,,45,,N381,,ANTHEM BCBS HEALTHCARE SOLUTIONS,mco_medicaid,PRIMARY,370.16,147.47,0.4,1861707069,18,216
99,3,23,12126,15531,96127,procedure,HC,,,,,,1,25,4.55,07-08-2025,07-08-2025,26-08-2025,22-08-2025,"{""icd_10"": {""1"": ""Z00.00"", ""2"": ""Z30.02"", ""3"": ""Z13.31""}, ""procedures"": {""1"": ""3""}, ""actual_procedures"": {""1"": ""Z13.31""}}",1: Z13.31,CO,45,45,,N381,N381,,45,,N381,,ANTHEM BCBS HEALTHCARE SOLUTIONS,mco_medicaid,PRIMARY,370.16,147.47,0.4,1861707069,18,216
100,1,24,11702,11505,99213,sick_visit,HC,,,,,,1,150,67.64,07-08-2025,07-08-2025,26-08-2025,22-08-2025,"{""icd_10"": {""1"": ""R73.09"", ""2"": ""R73.03"", ""3"": ""Z71.2""}, ""procedures"": {""1"": ""1"", ""2"": ""2"", ""3"": ""3""}, ""actual_procedures"": {""1"": ""R73.09"", ""2"": ""R73.03"", ""3"": ""Z71.2""}}","1: R73.09 | 2: R73.03
3: Z71.2",CO,45,45,,N381,N381,,45,,N381,,ANTHEM BCBS HEALTHCARE SOLUTIONS,mco_medicaid,PRIMARY,150,67.64,0.45,1861707069,16,201
101,1,25,1819,16925,99213,sick_visit,HC,25,,,,,1,150,67.64,31-07-2025,31-07-2025,26-08-2025,22-08-2025,"{""icd_10"": {""1"": ""H05.012"", ""2"": ""H02.89""}, ""procedures"": {""1"": ""1"", ""2"": ""2""}, ""actual_procedures"": {""1"": ""H05.012"", ""2"": ""H02.89""}}",1: H05.012 | 2: H02.89,CO,45,45,,N381,N381,,45,,N381,,ANTHEM BCBS HEALTHCARE SOLUTIONS,mco_medicaid,PRIMARY,200,86.24,0.43,1861707069,5,64
101,2,26,1819,16925,99058,Walk-In,HC,59,,,,,1,50,18.6,31-07-2025,31-07-2025,26-08-2025,22-08-2025,"{""icd_10"": {""1"": ""H05.012"", ""2"": ""H02.89""}, ""procedures"": {""1"": ""1"", ""2"": ""2""}, ""actual_procedures"": {""1"": ""H05.012"", ""2"": ""H02.89""}}",1: H05.012 | 2: H02.89,CO,45,45,,N381,N381,,45,,N381,,ANTHEM BCBS HEALTHCARE SOLUTIONS,mco_medicaid,PRIMARY,200,86.24,0.43,1861707069,5,64
102,1,27,11701,11307,99394,well_visit,HC,EP,,,,,1,260,107.48,17-07-2025,17-07-2025,26-08-2025,22-08-2025,"{""icd_10"": {""1"": ""Z00.129"", ""2"": ""Z71.3"", ""3"": ""Z71.82"", ""4"": ""Z02.5""}, ""procedures"": {""1"": ""1"", ""2"": ""2"", ""3"": ""3"", ""4"": ""4""}, ""actual_procedures"": {""1"": ""Z00.129"", ""2"": ""Z71.3"", ""3"": ""Z71.82"", ""4"": ""Z02.5""}}","1: Z00.129 | 2: Z71.3
3: Z71.82 | 4: Z02.5",CO,45,45,,N381,N381,,45,,N381,,ANTHEM BCBS HEALTHCARE SOLUTIONS,mco_medicaid,PRIMARY,260,107.48,0.41,1861707069,14,179
103,1,28,36247,51353,99213,sick_visit,HC,25,,,,,0,150,0,13-08-2025,13-08-2025,26-08-2025,22-08-2025,"{""icd_10"": {""1"": ""Z00.129"", ""2"": ""Z71.3"", ""3"": ""Z71.82"", ""4"": ""E66.9"", ""5"": ""Z68.54""}, ""procedures"": {""1"": ""4""}, ""actual_procedures"": {""1"": ""E66.9""}, ""icd_10_procedures_mismatch"": false}",1: E66.9,CO,4,4,,,,,4,,,,ANTHEM BCBS HEALTHCARE SOLUTIONS,mco_medicaid,PRIMARY,410,111.55,0.27,1861707069,9,115
103,2,29,36247,51353,99383,well_visit,HC,EP,25,,,,1,260,111.55,13-08-2025,13-08-2025,26-08-2025,22-08-2025,"{""icd_10"": {""1"": ""Z00.129"", ""2"": ""Z71.3"", ""3"": ""Z71.82"", ""4"": ""E66.9"", ""5"": ""Z68.54""}, ""procedures"": {""1"": ""1"", ""2"": ""2"", ""3"": ""3"", ""4"": ""5""}, ""actual_procedures"": {""1"": ""Z00.129"", ""2"": ""Z71.3"", ""3"": ""Z71.82"", ""4"": ""Z68.54""}, ""icd_10_procedures_mismatch"": false}","1: Z00.129 | 2: Z71.3
3: Z71.82 | 4: Z68.54",CO,45,45,,N381,N381,,45,,N381,,ANTHEM BCBS HEALTHCARE SOLUTIONS,mco_medicaid,PRIMARY,410,111.55,0.27,1861707069,9,115
104,1,30,11702,11505,99213,sick_visit,HC,,,,,,1,150,67.64,17-07-2025,17-07-2025,26-08-2025,22-08-2025,"{""icd_10"": {""1"": ""Z02.5"", ""2"": ""R03.0"", ""3"": ""Z68.52""}, ""procedures"": {""1"": ""1"", ""2"": ""2"", ""3"": ""3""}, ""actual_procedures"": {""1"": ""Z02.5"", ""2"": ""R03.0"", ""3"": ""Z68.52""}}","1: Z02.5 | 2: R03.0
3: Z68.52",CO,45,45,,N381,N381,,45,,N381,,ANTHEM BCBS HEALTHCARE SOLUTIONS,mco_medicaid,PRIMARY,150,67.64,0.45,1861707069,16,201
105,1,31,1377112,16483,99394,well_visit,HC,EP,25,,,,1,260,107.48,08-08-2025,08-08-2025,26-08-2025,22-08-2025,"{""icd_10"": {""1"": ""Z00.129"", ""2"": ""Z30.02"", ""3"": ""Z71.3"", ""4"": ""Z71.82"", ""5"": ""Z23"", ""6"": ""Z13.31"", ""7"": ""Z68.53""}, ""procedures"": {""1"": ""1"", ""2"": ""3"", ""3"": ""4"", ""4"": ""7""}, ""actual_procedures"": {""1"": ""Z00.129"", ""2"": ""Z71.3"", ""3"": ""Z71.82"", ""4"": ""Z68.53""}}","1: Z00.129 | 2: Z71.3
3: Z71.82 | 4: Z68.53",CO,45,45,,N381,N381,,45,,N381,,ANTHEM BCBS HEALTHCARE SOLUTIONS,mco_medicaid,PRIMARY,405.16,187.17,0.46,1861707069,16,196
105,2,32,1377112,16483,99401,Counseling - Preventive Counseling,HC,FP,,,,,1,70.16,33.15,08-08-2025,08-08-2025,26-08-2025,22-08-2025,"{""icd_10"": {""1"": ""Z00.129"", ""2"": ""Z30.02"", ""3"": ""Z71.3"", ""4"": ""Z71.82"", ""5"": ""Z23"", ""6"": ""Z13.31"", ""7"": ""Z68.53""}, ""procedures"": {""1"": ""2""}, ""actual_procedures"": {""1"": ""Z30.02""}}",1: Z30.02,CO,45,45,,N381,N381,,45,,N381,,ANTHEM BCBS HEALTHCARE SOLUTIONS,mco_medicaid,PRIMARY,405.16,187.17,0.46,1861707069,16,196
105,3,33,1377112,16483,96127,procedure,HC,,,,,,1,25,4.55,08-08-2025,08-08-2025,26-08-2025,22-08-2025,"{""icd_10"": {""1"": ""Z00.129"", ""2"": ""Z30.02"", ""3"": ""Z71.3"", ""4"": ""Z71.82"", ""5"": ""Z23"", ""6"": ""Z13.31"", ""7"": ""Z68.53""}, ""procedures"": {""1"": ""6""}, ""actual_procedures"": {""1"": ""Z13.31""}}",1: Z13.31,CO,45,45,,N381,N381,,45,,N381,,ANTHEM BCBS HEALTHCARE SOLUTIONS,mco_medicaid,PRIMARY,405.16,187.17,0.46,1861707069,16,196
105,4,34,1377112,16483,90460,vaccine_administration,HC,,,,,,2,50,41.99,08-08-2025,08-08-2025,26-08-2025,22-08-2025,"{""icd_10"": {""1"": ""Z00.129"", ""2"": ""Z30.02"", ""3"": ""Z71.3"", ""4"": ""Z71.82"", ""5"": ""Z23"", ""6"": ""Z13.31"", ""7"": ""Z68.53""}, ""procedures"": {""1"": ""5""}, ""actual_procedures"": {""1"": ""Z23""}}",1: Z23,CO,45,45,,N381,N381,,45,,N381,,ANTHEM BCBS HEALTHCARE SOLUTIONS,mco_medicaid,PRIMARY,405.16,187.17,0.46,1861707069,16,196
105,5,35,1377112,16483,90620,vaccine,HC,,,,,,0,0,0,08-08-2025,08-08-2025,26-08-2025,22-08-2025,"{""icd_10"": {""1"": ""Z00.129"", ""2"": ""Z30.02"", ""3"": ""Z71.3"", ""4"": ""Z71.82"", ""5"": ""Z23"", ""6"": ""Z13.31"", ""7"": ""Z68.53""}, ""procedures"": {""1"": ""5""}, ""actual_procedures"": {""1"": ""Z23""}}",1: Z23,,,,,,,,,,,,ANTHEM BCBS HEALTHCARE SOLUTIONS,mco_medicaid,PRIMARY,405.16,187.17,0.46,1861707069,16,196
105,6,36,1377112,16483,90734,vaccine,HC,,,,,,0,0,0,08-08-2025,08-08-2025,26-08-2025,22-08-2025,"{""icd_10"": {""1"": ""Z00.129"", ""2"": ""Z30.02"", ""3"": ""Z71.3"", ""4"": ""Z71.82"", ""5"": ""Z23"", ""6"": ""Z13.31"", ""7"": ""Z68.53""}, ""procedures"": {""1"": ""5""}, ""actual_procedures"": {""1"": ""Z23""}}",1: Z23,,,,,,,,,,,,ANTHEM BCBS HEALTHCARE SOLUTIONS,mco_medicaid,PRIMARY,405.16,187.17,0.46,1861707069,16,196
106,1,37,13841,246,99213,sick_visit,HC,U6,25,,,,1,150,67.64,17-07-2025,17-07-2025,26-08-2025,22-08-2025,"{""icd_10"": {""1"": ""Z00.129"", ""2"": ""Z71.3"", ""3"": ""Z71.82"", ""4"": ""Z13.31"", ""5"": ""H10.13"", ""6"": ""Z68.53"", ""7"": ""Z23"", ""8"": ""Z29.3""}, ""procedures"": {""1"": ""5""}, ""actual_procedures"": {""1"": ""H10.13""}}",1: H10.13,CO,45,45,,N381,N381,,45,,N381,,ANTHEM BCBS HEALTHCARE SOLUTIONS,mco_medicaid,PRIMARY,500,212.3,0.42,1861707069,12,147
106,2,38,13841,246,99394,well_visit,HC,EP,25,,,,1,260,107.48,17-07-2025,17-07-2025,26-08-2025,22-08-2025,"{""icd_10"": {""1"": ""Z00.129"", ""2"": ""Z71.3"", ""3"": ""Z71.82"", ""4"": ""Z13.31"", ""5"": ""H10.13"", ""6"": ""Z68.53"", ""7"": ""Z23"", ""8"": ""Z29.3""}, ""procedures"": {""1"": ""1"", ""2"": ""2"", ""3"": ""3"", ""4"": ""6""}, ""actual_procedures"": {""1"": ""Z00.129"", ""2"": ""Z71.3"", ""3"": ""Z71.82"", ""4"": ""Z68.53""}}","1: Z00.129 | 2: Z71.3
3: Z71.82 | 4: Z68.53",CO,45,45,,N381,N381,,45,,N381,,ANTHEM BCBS HEALTHCARE SOLUTIONS,mco_medicaid,PRIMARY,500,212.3,0.42,1861707069,12,147
106,3,39,13841,246,90460,vaccine_administration,HC,,,,,,1,25,21,17-07-2025,17-07-2025,26-08-2025,22-08-2025,"{""icd_10"": {""1"": ""Z00.129"", ""2"": ""Z71.3"", ""3"": ""Z71.82"", ""4"": ""Z13.31"", ""5"": ""H10.13"", ""6"": ""Z68.53"", ""7"": ""Z23"", ""8"": ""Z29.3""}, ""procedures"": {""1"": ""7""}, ""actual_procedures"": {""1"": ""Z23""}}",1: Z23,CO,45,45,,N381,N381,,45,,N381,,ANTHEM BCBS HEALTHCARE SOLUTIONS,mco_medicaid,PRIMARY,500,212.3,0.42,1861707069,12,147
106,4,40,13841,246,99188,procedure,HC,,,,,,1,40,11.63,17-07-2025,17-07-2025,26-08-2025,22-08-2025,"{""icd_10"": {""1"": ""Z00.129"", ""2"": ""Z71.3"", ""3"": ""Z71.82"", ""4"": ""Z13.31"", ""5"": ""H10.13"", ""6"": ""Z68.53"", ""7"": ""Z23"", ""8"": ""Z29.3""}, ""procedures"": {""1"": ""8""}, ""actual_procedures"": {""1"": ""Z29.3""}}",1: Z29.3,CO,45,45,,N381,N381,,45,,N381,,ANTHEM BCBS HEALTHCARE SOLUTIONS,mco_medicaid,PRIMARY,500,212.3,0.42,1861707069,12,147
106,5,41,13841,246,96127,procedure,HC,,,,,,1,25,4.55,17-07-2025,17-07-2025,26-08-2025,22-08-2025,"{""icd_10"": {""1"": ""Z00.129"", ""2"": ""Z71.3"", ""3"": ""Z71.82"", ""4"": ""Z13.31"", ""5"": ""H10.13"", ""6"": ""Z68.53"", ""7"": ""Z23"", ""8"": ""Z29.3""}, ""procedures"": {""1"": ""4""}, ""actual_procedures"": {""1"": ""Z13.31""}}",1: Z13.31,CO,45,45,,N381,N381,,45,,N381,,ANTHEM BCBS HEALTHCARE SOLUTIONS,mco_medicaid,PRIMARY,500,212.3,0.42,1861707069,12,147
106,6,42,13841,246,90651,vaccine,HC,,,,,,0,0,0,17-07-2025,17-07-2025,26-08-2025,22-08-2025,"{""icd_10"": {""1"": ""Z00.129"", ""2"": ""Z71.3"", ""3"": ""Z71.82"", ""4"": ""Z13.31"", ""5"": ""H10.13"", ""6"": ""Z68.53"", ""7"": ""Z23"", ""8"": ""Z29.3""}, ""procedures"": {""1"": ""7""}, ""actual_procedures"": {""1"": ""Z23""}}",1: Z23,,,,,,,,,,,,ANTHEM BCBS HEALTHCARE SOLUTIONS,mco_medicaid,PRIMARY,500,212.3,0.42,1861707069,12,147
107,1,1,3084,7792,99394,well_visit,HC,25,,,,,0,260,0,21-07-2025,21-07-2025,27-08-2025,25-08-2025,"{""icd_10"": {""1"": ""Z00.129"", ""2"": ""Z71.3"", ""3"": ""Z71.82"", ""4"": ""Z02.5"", ""5"": ""Z23"", ""6"": ""Z13.31""}, ""procedures"": {""1"": ""1"", ""2"": ""2"", ""3"": ""3""}, ""actual_procedures"": {""1"": ""Z00.129"", ""2"": ""Z71.3"", ""3"": ""Z71.82""}}","1: Z00.129 | 2: Z71.3
3: Z71.82",PR,200,200,,,,,200,,,,"RMHMS, INC. NV",private,DENIED,610,0,0,1861707069,12,144
107,2,2,3084,7792,90460,vaccine_administration,HC,,,,,,0,25,0,21-07-2025,21-07-2025,27-08-2025,25-08-2025,"{""icd_10"": {""1"": ""Z00.129"", ""2"": ""Z71.3"", ""3"": ""Z71.82"", ""4"": ""Z02.5"", ""5"": ""Z23"", ""6"": ""Z13.31""}, ""procedures"": {""1"": ""5""}, ""actual_procedures"": {""1"": ""Z23""}}",1: Z23,PR,200,200,,,,,200,,,,"RMHMS, INC. NV",private,DENIED,610,0,0,1861707069,12,144
107,3,3,3084,7792,96127,procedure,HC,,,,,,0,25,0,21-07-2025,21-07-2025,27-08-2025,25-08-2025,"{""icd_10"": {""1"": ""Z00.129"", ""2"": ""Z71.3"", ""3"": ""Z71.82"", ""4"": ""Z02.5"", ""5"": ""Z23"", ""6"": ""Z13.31""}, ""procedures"": {""1"": ""6""}, ""actual_procedures"": {""1"": ""Z13.31""}}",1: Z13.31,PR,200,200,,,,,200,,,,"RMHMS, INC. NV",private,DENIED,610,0,0,1861707069,12,144
107,4,4,3084,7792,90651,vaccine,HC,,,,,,0,300,0,21-07-2025,21-07-2025,27-08-2025,25-08-2025,"{""icd_10"": {""1"": ""Z00.129"", ""2"": ""Z71.3"", ""3"": ""Z71.82"", ""4"": ""Z02.5"", ""5"": ""Z23"", ""6"": ""Z13.31""}, ""procedures"": {""1"": ""4""}, ""actual_procedures"": {""1"": ""Z02.5""}}",1: Z02.5,PR,200,200,,,,,200,,,,"RMHMS, INC. NV",private,DENIED,610,0,0,1861707069,12,144
108,1,5,131871,15177,99394,well_visit,HC,,,,,,1,260,110.07,07-08-2025,07-08-2025,27-08-2025,25-08-2025,"{""icd_10"": {""1"": ""Z00.129"", ""2"": ""Z71.3"", ""3"": ""Z71.82"", ""4"": ""F90.9"", ""5"": ""Z68.52""}, ""procedures"": {""1"": ""1"", ""2"": ""2"", ""3"": ""3"", ""4"": ""4""}, ""actual_procedures"": {""1"": ""Z00.129"", ""2"": ""Z71.3"", ""3"": ""Z71.82"", ""4"": ""F90.9""}}","1: Z00.129 | 2: Z71.3
3: Z71.82 | 4: F90.9",CO,45,45,,,,,45,,,,"RMHMS, INC. NV",private,PRIMARY,260,110.07,0.42,1861707069,14,169
109,1,6,10194,4720,99394,well_visit,HC,25,,,,,1,260,110.07,08-08-2025,08-08-2025,27-08-2025,25-08-2025,"{""icd_10"": {""1"": ""Z00.129"", ""2"": ""Z71.3"", ""3"": ""Z71.82"", ""4"": ""Z23"", ""5"": ""Z13.31"", ""6"": ""Z68.52""}, ""procedures"": {""1"": ""1"", ""2"": ""2"", ""3"": ""3"", ""4"": ""6""}, ""actual_procedures"": {""1"": ""Z00.129"", ""2"": ""Z71.3"", ""3"": ""Z71.82"", ""4"": ""Z68.52""}}","1: Z00.129 | 2: Z71.3
3: Z71.82 | 4: Z68.52",CO,45,45,,,,,45,,,,"RMHMS, INC. NV",private,PRIMARY,790,584.71,0.74,1861707069,17,206
109,2,7,10194,4720,96127,procedure,HC,,,,,,1,25,4.59,08-08-2025,08-08-2025,27-08-2025,25-08-2025,"{""icd_10"": {""1"": ""Z00.129"", ""2"": ""Z71.3"", ""3"": ""Z71.82"", ""4"": ""Z23"", ""5"": ""Z13.31"", ""6"": ""Z68.52""}, ""procedures"": {""1"": ""5""}, ""actual_procedures"": {""1"": ""Z13.31""}}",1: Z13.31,CO,45,45,,,,,45,,,,"RMHMS, INC. NV",private,PRIMARY,790,584.71,0.74,1861707069,17,206
109,3,8,10194,4720,99173,diagnostic,HC,,,,,,1,20,2.95,08-08-2025,08-08-2025,27-08-2025,25-08-2025,"{""icd_10"": {""1"": ""Z00.129"", ""2"": ""Z71.3"", ""3"": ""Z71.82"", ""4"": ""Z23"", ""5"": ""Z13.31"", ""6"": ""Z68.52""}, ""procedures"": {""1"": ""1""}, ""actual_procedures"": {""1"": ""Z00.129""}}",1: Z00.129,CO,45,45,,,,,45,,,,"RMHMS, INC. NV",private,PRIMARY,790,584.71,0.74,1861707069,17,206
109,4,9,10194,4720,90460,vaccine_administration,HC,,,,,,2,50,32.1,08-08-2025,08-08-2025,27-08-2025,25-08-2025,"{""icd_10"": {""1"": ""Z00.129"", ""2"": ""Z71.3"", ""3"": ""Z71.82"", ""4"": ""Z23"", ""5"": ""Z13.31"", ""6"": ""Z68.52""}, ""procedures"": {""1"": ""4""}, ""actual_procedures"": {""1"": ""Z23""}}",1: Z23,CO,45,45,,,,,45,,,,"RMHMS, INC. NV",private,PRIMARY,790,584.71,0.74,1861707069,17,206
109,5,10,10194,4720,90619,vaccine,HC,,,,,,1,160,160,08-08-2025,08-08-2025,27-08-2025,25-08-2025,"{""icd_10"": {""1"": ""Z00.129"", ""2"": ""Z71.3"", ""3"": ""Z71.82"", ""4"": ""Z23"", ""5"": ""Z13.31"", ""6"": ""Z68.52""}, ""procedures"": {""1"": ""4""}, ""actual_procedures"": {""1"": ""Z23""}}",1: Z23,,,,,,,,,,,,"RMHMS, INC. NV",private,PRIMARY,790,584.71,0.74,1861707069,17,206
109,6,11,10194,4720,90620,vaccine,HC,,,,,,1,275,275,08-08-2025,08-08-2025,27-08-2025,25-08-2025,"{""icd_10"": {""1"": ""Z00.129"", ""2"": ""Z71.3"", ""3"": ""Z71.82"", ""4"": ""Z23"", ""5"": ""Z13.31"", ""6"": ""Z68.52""}, ""procedures"": {""1"": ""4""}, ""actual_procedures"": {""1"": ""Z23""}}",1: Z23,,,,,,,,,,,,"RMHMS, INC. NV",private,PRIMARY,790,584.71,0.74,1861707069,17,206
110,1,12,169610,16802,99213,sick_visit,HC,,,,,,1,150,72.14,14-08-2025,14-08-2025,27-08-2025,25-08-2025,"{""icd_10"": {""1"": ""E78.00"", ""2"": ""Z71.2"", ""3"": ""S89.91XA""}, ""procedures"": {""1"": ""1"", ""2"": ""2"", ""3"": ""3""}, ""actual_procedures"": {""1"": ""E78.00"", ""2"": ""Z71.2"", ""3"": ""S89.91XA""}}","1: E78.00 | 2: Z71.2
3: S89.91XA","CO,PR","45,3",45,3,,,,45,3,,,"RMHMS, INC. NV",private,PRIMARY,150,72.14,0.48,1861707069,15,191
111,1,1,15011,4282,99213,sick_visit,HC,,,,,,1,150,75.16,17-07-2025,17-07-2025,29-08-2025,22-08-2025,"{""icd_10"": {""1"": ""Z02.5"", ""2"": ""Z71.2"", ""3"": ""Z68.54""}, ""procedures"": {""1"": ""1"", ""2"": ""2"", ""3"": ""3""}, ""actual_procedures"": {""1"": ""Z02.5"", ""2"": ""Z71.2"", ""3"": ""Z68.54""}}","1: Z02.5 | 2: Z71.2
3: Z68.54",CO,45,45,,N130,N130,,45,,N130,,DIVISON OF HEALTH CARE FINANCING AND POLICY,mco_medicaid,PRIMARY,150,75.16,0.5,1861707069,15,186
112,1,2,126331,3695,99213,sick_visit,HC,25,,,,,1,150,75.16,17-07-2025,17-07-2025,29-08-2025,22-08-2025,"{""icd_10"": {""1"": ""Z00.129"", ""2"": ""Z71.3"", ""3"": ""Z71.82"", ""4"": ""F95.9"", ""5"": ""E66.9"", ""6"": ""Z68.54""}, ""procedures"": {""1"": ""4"", ""2"": ""5""}, ""actual_procedures"": {""1"": ""F95.9"", ""2"": ""E66.9""}}",1: F95.9 | 2: E66.9,CO,45,45,,N130,N130,,45,,N130,,DIVISON OF HEALTH CARE FINANCING AND POLICY,mco_medicaid,PRIMARY,380,75.16,0.2,1861707069,9,110
112,2,3,126331,3695,99393,well_visit,HC,EP,25,,,,0,230,0,17-07-2025,17-07-2025,29-08-2025,22-08-2025,"{""icd_10"": {""1"": ""Z00.129"", ""2"": ""Z71.3"", ""3"": ""Z71.82"", ""4"": ""F95.9"", ""5"": ""E66.9"", ""6"": ""Z68.54""}, ""procedures"": {""1"": ""1"", ""2"": ""2"", ""3"": ""3"", ""4"": ""6""}, ""actual_procedures"": {""1"": ""Z00.129"", ""2"": ""Z71.3"", ""3"": ""Z71.82"", ""4"": ""Z68.54""}}","1: Z00.129 | 2: Z71.3
3: Z71.82 | 4: Z68.54",CO,119,119,,N130,N130,,119,,N130,,DIVISON OF HEALTH CARE FINANCING AND POLICY,mco_medicaid,PRIMARY,380,75.16,0.2,1861707069,9,110
113,1,4,13761,7018,99394,well_visit,HC,EP,,,,,1,260,119.42,12-08-2025,12-08-2025,29-08-2025,22-08-2025,"{""icd_10"": {""1"": ""Z00.129"", ""2"": ""Z71.3"", ""3"": ""Z71.82"", ""4"": ""Z23"", ""5"": ""E66.9"", ""6"": ""Z68.54""}, ""procedures"": {""1"": ""1"", ""2"": ""2"", ""3"": ""3"", ""4"": ""4""}, ""actual_procedures"": {""1"": ""Z00.129"", ""2"": ""Z71.3"", ""3"": ""Z71.82"", ""4"": ""Z23""}}","1: Z00.129 | 2: Z71.3
3: Z71.82 | 4: Z23",CO,45,45,,N130,N130,,45,,N130,,DIVISON OF HEALTH CARE FINANCING AND POLICY,mco_medicaid,PRIMARY,260,119.42,0.46,1861707069,13,157
114,1,5,13760,7625,99394,well_visit,HC,EP,25,,,,1,260,119.42,12-08-2025,12-08-2025,29-08-2025,22-08-2025,"{""icd_10"": {""1"": ""Z00.129"", ""2"": ""Z71.3"", ""3"": ""Z71.82"", ""4"": ""Z02.5"", ""5"": ""Z68.54"", ""6"": ""Z13.31""}, ""procedures"": {""1"": ""1"", ""2"": ""2"", ""3"": ""3"", ""4"": ""4""}, ""actual_procedures"": {""1"": ""Z00.129"", ""2"": ""Z71.3"", ""3"": ""Z71.82"", ""4"": ""Z02.5""}}","1: Z00.129 | 2: Z71.3
3: Z71.82 | 4: Z02.5",CO,45,45,,N130,N130,,45,,N130,,DIVISON OF HEALTH CARE FINANCING AND POLICY,mco_medicaid,PRIMARY,285,124.48,0.44,1861707069,15,188
114,2,6,13760,7625,96127,procedure,HC,,,,,,1,25,5.06,12-08-2025,12-08-2025,29-08-2025,22-08-2025,"{""icd_10"": {""1"": ""Z00.129"", ""2"": ""Z71.3"", ""3"": ""Z71.82"", ""4"": ""Z02.5"", ""5"": ""Z68.54"", ""6"": ""Z13.31""}, ""procedures"": {""1"": ""6""}, ""actual_procedures"": {""1"": ""Z13.31""}}",1: Z13.31,CO,45,45,,N130,N130,,45,,N130,,DIVISON OF HEALTH CARE FINANCING AND POLICY,mco_medicaid,PRIMARY,285,124.48,0.44,1861707069,15,188
115,1,7,3625220,51358,99383,well_visit,HC,EP,25,,,,1,260,123.94,08-08-2025,08-08-2025,29-08-2025,22-08-2025,"{""icd_10"": {""1"": ""Z00.129"", ""2"": ""Z71.3"", ""3"": ""Z71.82"", ""4"": ""Z23"", ""5"": ""F41.9"", ""6"": ""Z13.31"", ""7"": ""E66.9"", ""8"": ""Z68.54"", ""9"": ""Z29.3""}, ""procedures"": {""1"": ""1"", ""2"": ""2"", ""3"": ""3"", ""4"": ""8""}, ""actual_procedures"": {""1"": ""Z00.129"", ""2"": ""Z71.3"", ""3"": ""Z71.82"", ""4"": ""Z68.54""}}","1: Z00.129 | 2: Z71.3
3: Z71.82 | 4: Z68.54",CO,45,45,,N130,N130,,45,,N130,,DIVISON OF HEALTH CARE FINANCING AND POLICY,mco_medicaid,PRIMARY,475,246.59,0.52,1861707069,11,135
115,2,8,3625220,51358,90460,vaccine_administration,HC,,,,,,3,75,69.99,08-08-2025,08-08-2025,29-08-2025,22-08-2025,"{""icd_10"": {""1"": ""Z00.129"", ""2"": ""Z71.3"", ""3"": ""Z71.82"", ""4"": ""Z23"", ""5"": ""F41.9"", ""6"": ""Z13.31"", ""7"": ""E66.9"", ""8"": ""Z68.54"", ""9"": ""Z29.3""}, ""procedures"": {""1"": ""4""}, ""actual_procedures"": {""1"": ""Z23""}}",1: Z23,CO,45,45,,N130,N130,,45,,N130,,DIVISON OF HEALTH CARE FINANCING AND POLICY,mco_medicaid,PRIMARY,475,246.59,0.52,1861707069,11,135
115,3,9,3625220,51358,90472,vaccine_administration,HC,,,,,,3,75,34.68,08-08-2025,08-08-2025,29-08-2025,22-08-2025,"{""icd_10"": {""1"": ""Z00.129"", ""2"": ""Z71.3"", ""3"": ""Z71.82"", ""4"": ""Z23"", ""5"": ""F41.9"", ""6"": ""Z13.31"", ""7"": ""E66.9"", ""8"": ""Z68.54"", ""9"": ""Z29.3""}, ""procedures"": {""1"": ""4""}, ""actual_procedures"": {""1"": ""Z23""}}",1: Z23,CO,45,45,,N130,N130,,45,,N130,,DIVISON OF HEALTH CARE FINANCING AND POLICY,mco_medicaid,PRIMARY,475,246.59,0.52,1861707069,11,135
115,4,10,3625220,51358,99188,procedure,HC,,,,,,1,40,12.92,08-08-2025,08-08-2025,29-08-2025,22-08-2025,"{""icd_10"": {""1"": ""Z00.129"", ""2"": ""Z71.3"", ""3"": ""Z71.82"", ""4"": ""Z23"", ""5"": ""F41.9"", ""6"": ""Z13.31"", ""7"": ""E66.9"", ""8"": ""Z68.54"", ""9"": ""Z29.3""}, ""procedures"": {""1"": ""9""}, ""actual_procedures"": {""1"": ""Z29.3""}}",1: Z29.3,CO,45,45,,N130,N130,,45,,N130,,DIVISON OF HEALTH CARE FINANCING AND POLICY,mco_medicaid,PRIMARY,475,246.59,0.52,1861707069,11,135
115,5,11,3625220,51358,96127,procedure,HC,,,,,,1,25,5.06,08-08-2025,08-08-2025,29-08-2025,22-08-2025,"{""icd_10"": {""1"": ""Z00.129"", ""2"": ""Z71.3"", ""3"": ""Z71.82"", ""4"": ""Z23"", ""5"": ""F41.9"", ""6"": ""Z13.31"", ""7"": ""E66.9"", ""8"": ""Z68.54"", ""9"": ""Z29.3""}, ""procedures"": {""1"": ""6""}, ""actual_procedures"": {""1"": ""Z13.31""}}",1: Z13.31,CO,45,45,,N130,N130,,45,,N130,,DIVISON OF HEALTH CARE FINANCING AND POLICY,mco_medicaid,PRIMARY,475,246.59,0.52,1861707069,11,135
115,6,12,3625220,51358,90715,vaccine,HC,,,,,,0,0,0,08-08-2025,08-08-2025,29-08-2025,22-08-2025,"{""icd_10"": {""1"": ""Z00.129"", ""2"": ""Z71.3"", ""3"": ""Z71.82"", ""4"": ""Z23"", ""5"": ""F41.9"", ""6"": ""Z13.31"", ""7"": ""E66.9"", ""8"": ""Z68.54"", ""9"": ""Z29.3""}, ""procedures"": {""1"": ""4""}, ""actual_procedures"": {""1"": ""Z23""}}",1: Z23,,,,,"N362,M119,M41",N362,M119,,,N362,M119,DIVISON OF HEALTH CARE FINANCING AND POLICY,mco_medicaid,PRIMARY,475,246.59,0.52,1861707069,11,135
115,7,13,3625220,51358,90734,vaccine,HC,,,,,,0,0,0,08-08-2025,08-08-2025,29-08-2025,22-08-2025,"{""icd_10"": {""1"": ""Z00.129"", ""2"": ""Z71.3"", ""3"": ""Z71.82"", ""4"": ""Z23"", ""5"": ""F41.9"", ""6"": ""Z13.31"", ""7"": ""E66.9"", ""8"": ""Z68.54"", ""9"": ""Z29.3""}, ""procedures"": {""1"": ""4""}, ""actual_procedures"": {""1"": ""Z23""}}",1: Z23,,,,,"M119,M41",M119,M41,,,M119,M41,DIVISON OF HEALTH CARE FINANCING AND POLICY,mco_medicaid,PRIMARY,475,246.59,0.52,1861707069,11,135
115,8,14,3625220,51358,90651,vaccine,HC,,,,,,0,0,0,08-08-2025,08-08-2025,29-08-2025,22-08-2025,"{""icd_10"": {""1"": ""Z00.129"", ""2"": ""Z71.3"", ""3"": ""Z71.82"", ""4"": ""Z23"", ""5"": ""F41.9"", ""6"": ""Z13.31"", ""7"": ""E66.9"", ""8"": ""Z68.54"", ""9"": ""Z29.3""}, ""procedures"": {""1"": ""4""}, ""actual_procedures"": {""1"": ""Z23""}}",1: Z23,,,,,"N362,M119,M41",N362,M119,,,N362,M119,DIVISON OF HEALTH CARE FINANCING AND POLICY,mco_medicaid,PRIMARY,475,246.59,0.52,1861707069,11,135
116,1,15,13287,82,99213,sick_visit,HC,,,,,,1,150,75.16,08-08-2025,08-08-2025,29-08-2025,22-08-2025,"{""icd_10"": {""1"": ""R79.9"", ""2"": ""Z71.2"", ""3"": ""E66.9""}, ""procedures"": {""1"": ""1"", ""2"": ""2"", ""3"": ""3""}, ""actual_procedures"": {""1"": ""R79.9"", ""2"": ""Z71.2"", ""3"": ""E66.9""}}","1: R79.9 | 2: Z71.2
3: E66.9",CO,45,45,,N130,N130,,45,,N130,,DIVISON OF HEALTH CARE FINANCING AND POLICY,mco_medicaid,PRIMARY,150,75.16,0.5,1861707069,7,84
117,1,16,1354912,2047,99214,sick_visit,HC,,,,,,1,215,110.75,21-07-2025,21-07-2025,29-08-2025,22-08-2025,"{""icd_10"": {""1"": ""Z09"", ""2"": ""W57.XXXA""}, ""procedures"": {""1"": ""1"", ""2"": ""2""}, ""actual_procedures"": {""1"": ""Z09"", ""2"": ""W57.XXXA""}}",1: Z09 | 2: W57.XXXA,CO,45,45,,N130,N130,,45,,N130,,DIVISON OF HEALTH CARE FINANCING AND POLICY,mco_medicaid,PRIMARY,215,110.75,0.52,1861707069,5,66
118,1,17,11467,560,99394,well_visit,HC,EP,25,,,,1,260,119.42,21-07-2025,21-07-2025,29-08-2025,22-08-2025,"{""icd_10"": {""1"": ""Z00.129"", ""2"": ""Z30.02"", ""3"": ""Z71.3"", ""4"": ""Z71.82"", ""5"": ""Z23"", ""6"": ""Z68.54""}, ""procedures"": {""1"": ""1"", ""2"": ""3"", ""3"": ""4"", ""4"": ""6""}, ""actual_procedures"": {""1"": ""Z00.129"", ""2"": ""Z71.3"", ""3"": ""Z71.82"", ""4"": ""Z68.54""}}","1: Z00.129 | 2: Z71.3
3: Z71.82 | 4: Z68.54",CO,45,45,,N130,N130,,45,,N130,,DIVISON OF HEALTH CARE FINANCING AND POLICY,mco_medicaid,PRIMARY,355.16,142.75,0.4,1861707069,16,198
118,2,18,11467,560,99401,Counseling - Preventive Counseling,HC,FP,,,,,0,70.16,0,21-07-2025,21-07-2025,29-08-2025,22-08-2025,"{""icd_10"": {""1"": ""Z00.129"", ""2"": ""Z30.02"", ""3"": ""Z71.3"", ""4"": ""Z71.82"", ""5"": ""Z23"", ""6"": ""Z68.54""}, ""procedures"": {""1"": ""1""}, ""actual_procedures"": {""1"": ""Z00.129""}}",1: Z00.129,OA,236,236,,N130,N130,,236,,N130,,DIVISON OF HEALTH CARE FINANCING AND POLICY,mco_medicaid,PRIMARY,355.16,142.75,0.4,1861707069,16,198
118,3,19,11467,560,90620,vaccine,HC,,,,,,0,0,0,21-07-2025,21-07-2025,29-08-2025,22-08-2025,"{""icd_10"": {""1"": ""Z00.129"", ""2"": ""Z30.02"", ""3"": ""Z71.3"", ""4"": ""Z71.82"", ""5"": ""Z23"", ""6"": ""Z68.54""}, ""procedures"": {""1"": ""5""}, ""actual_procedures"": {""1"": ""Z23""}}",1: Z23,,,,,"N362,M119,M41",N362,M119,,,N362,M119,DIVISON OF HEALTH CARE FINANCING AND POLICY,mco_medicaid,PRIMARY,355.16,142.75,0.4,1861707069,16,198
118,4,20,11467,560,90460,vaccine_administration,HC,,,,,,1,25,23.33,21-07-2025,21-07-2025,29-08-2025,22-08-2025,"{""icd_10"": {""1"": ""Z00.129"", ""2"": ""Z30.02"", ""3"": ""Z71.3"", ""4"": ""Z71.82"", ""5"": ""Z23"", ""6"": ""Z68.54""}, ""procedures"": {""1"": ""5""}, ""actual_procedures"": {""1"": ""Z23""}}",1: Z23,CO,45,45,,"N20,N130",N20,N130,45,,N20,N130,DIVISON OF HEALTH CARE FINANCING AND POLICY,mco_medicaid,PRIMARY,355.16,142.75,0.4,1861707069,16,198
119,1,21,126531,11255,99394,well_visit,HC,EP,25,,,,1,260,119.42,07-08-2025,07-08-2025,29-08-2025,22-08-2025,"{""icd_10"": {""1"": ""Z00.129"", ""2"": ""Z71.3"", ""3"": ""Z71.82"", ""4"": ""E66.9"", ""5"": ""Z23"", ""6"": ""Z68.54"", ""7"": ""Z29.3""}, ""procedures"": {""1"": ""1"", ""2"": ""2"", ""3"": ""3"", ""4"": ""6""}, ""actual_procedures"": {""1"": ""Z00.129"", ""2"": ""Z71.3"", ""3"": ""Z71.82"", ""4"": ""Z68.54""}}","1: Z00.129 | 2: Z71.3
3: Z71.82 | 4: Z68.54",CO,45,45,,N130,N130,,45,,N130,,DIVISON OF HEALTH CARE FINANCING AND POLICY,mco_medicaid,PRIMARY,325,155.67,0.48,1861707069,12,146
119,2,22,126531,11255,90651,vaccine,HC,,,,,,0,0,0,07-08-2025,07-08-2025,29-08-2025,22-08-2025,"{""icd_10"": {""1"": ""Z00.129"", ""2"": ""Z71.3"", ""3"": ""Z71.82"", ""4"": ""E66.9"", ""5"": ""Z23"", ""6"": ""Z68.54"", ""7"": ""Z29.3""}, ""procedures"": {""1"": ""5""}, ""actual_procedures"": {""1"": ""Z23""}}",1: Z23,,,,,"N362,M119,M41",N362,M119,,,N362,M119,DIVISON OF HEALTH CARE FINANCING AND POLICY,mco_medicaid,PRIMARY,325,155.67,0.48,1861707069,12,146
119,3,23,126531,11255,99188,procedure,HC,,,,,,1,40,12.92,07-08-2025,07-08-2025,29-08-2025,22-08-2025,"{""icd_10"": {""1"": ""Z00.129"", ""2"": ""Z71.3"", ""3"": ""Z71.82"", ""4"": ""E66.9"", ""5"": ""Z23"", ""6"": ""Z68.54"", ""7"": ""Z29.3""}, ""procedures"": {""1"": ""7""}, ""actual_procedures"": {""1"": ""Z29.3""}}",1: Z29.3,CO,45,45,,N130,N130,,45,,N130,,DIVISON OF HEALTH CARE FINANCING AND POLICY,mco_medicaid,PRIMARY,325,155.67,0.48,1861707069,12,146
119,4,24,126531,11255,90460,vaccine_administration,HC,,,,,,1,25,23.33,07-08-2025,07-08-2025,29-08-2025,22-08-2025,"{""icd_10"": {""1"": ""Z00.129"", ""2"": ""Z71.3"", ""3"": ""Z71.82"", ""4"": ""E66.9"", ""5"": ""Z23"", ""6"": ""Z68.54"", ""7"": ""Z29.3""}, ""procedures"": {""1"": ""5""}, ""actual_procedures"": {""1"": ""Z23""}}",1: Z23,CO,45,45,,N130,N130,,45,,N130,,DIVISON OF HEALTH CARE FINANCING AND POLICY,mco_medicaid,PRIMARY,325,155.67,0.48,1861707069,12,146
120,1,1,36013,51119,99213,sick_visit,HC,,,,,,0,150,53.25,18-07-2025,18-07-2025,29-08-2025,18-08-2025,"{""icd_10"": {""1"": ""E78.00"", ""2"": ""E66.9"", ""3"": ""Z71.2""}, ""procedures"": {""1"": ""1"", ""2"": ""2"", ""3"": ""3""}, ""actual_procedures"": {""1"": ""E78.00"", ""2"": ""E66.9"", ""3"": ""Z71.2""}}","1: E78.00 | 2: E66.9
3: Z71.2","CO,PR","45,3",45,3,,,,45,3,,,UMR,private,PRIMARY,150,53.25,0.36,1861707069,12,148
121,1,1,11521032125,26627,99213,sick_visit,HC,,,,,,1,150,0,31-07-2025,31-07-2025,03-09-2025,28-08-2025,"{""icd_10"": {""1"": ""H60.312""}, ""procedures"": {""1"": ""1""}, ""actual_procedures"": {""1"": ""H60.312""}}",1: H60.312,"CO,PR","45,1",45,1,,,,45,1,,,AETNA,private,PRIMARY,150,0,0,1598407686,3,37
122,1,2,35370,50476,99382,well_visit,HC,,,,,,1,240,76.02,08-08-2025,08-08-2025,03-09-2025,28-08-2025,"{""icd_10"": {""1"": ""Z00.129"", ""2"": ""Z71.3"", ""3"": ""Z68.52"", ""4"": ""Z71.82""}, ""procedures"": {""1"": ""1"", ""2"": ""2"", ""3"": ""3"", ""4"": ""4""}, ""actual_procedures"": {""1"": ""Z00.129"", ""2"": ""Z71.3"", ""3"": ""Z68.52"", ""4"": ""Z71.82""}}","1: Z00.129 | 2: Z71.3
3: Z68.52 | 4: Z71.82",CO,45,45,,,,,45,,,,AETNA,private,PRIMARY,240,76.02,0.32,1598407686,4,57
123,1,2,9670,160,99394,well_visit,HC,,,,,,0,260,0,04-08-2025,04-08-2025,03-09-2025,28-08-2025,"{""icd_10"": {""1"": ""Z00.129"", ""2"": ""Z71.3"", ""3"": ""Z71.82"", ""4"": ""Z02.5"", ""5"": ""Z68.53""}, ""procedures"": {""1"": ""1"", ""2"": ""2"", ""3"": ""3"", ""4"": ""4""}, ""actual_procedures"": {""1"": ""Z00.129"", ""2"": ""Z71.3"", ""3"": ""Z71.82"", ""4"": ""Z02.5""}}","1: Z00.129 | 2: Z71.3
3: Z71.82 | 4: Z02.5",PR,27,27,,N650,N650,,27,,N650,,AETNA,private,PRIMARY,260,0,0,1598407686,14,172
124,1,4,1005A,6,99213,sick_visit,HC,,,,,,1,150,0,04-08-2025,04-08-2025,03-09-2025,28-08-2025,"{""icd_10"": {""1"": ""E78.00"", ""2"": ""R73.09"", ""3"": ""Z71.2""}, ""procedures"": {""1"": ""1"", ""2"": ""2"", ""3"": ""3""}, ""actual_procedures"": {""1"": ""E78.00"", ""2"": ""R73.09"", ""3"": ""Z71.2""}}","1: E78.00 | 2: R73.09
3: Z71.2","CO,PR","45,1",45,1,,,,45,1,,,AETNA,private,PRIMARY,150,0,0,1598407686,14,168
125,1,5,1005A,6,99394,well_visit,HC,25,,,,,1,260,76.25,21-07-2025,21-07-2025,03-09-2025,28-08-2025,"{""icd_10"": {""1"": ""Z00.129"", ""2"": ""Z71.3"", ""3"": ""Z71.82"", ""4"": ""Z23"", ""5"": ""Z13.31"", ""6"": ""Z68.53"", ""7"": ""Z29.3""}, ""procedures"": {""1"": ""1"", ""2"": ""2"", ""3"": ""3"", ""4"": ""6""}, ""actual_procedures"": {""1"": ""Z00.129"", ""2"": ""Z71.3"", ""3"": ""Z71.82"", ""4"": ""Z68.53""}}","1: Z00.129 | 2: Z71.3
3: Z71.82 | 4: Z68.53",CO,45,45,,,,,45,,,,AETNA,private,PRIMARY,650,390.47,0.6,1598407686,13,167
125,2,6,1005A,6,99188,procedure,HC,,,,,,1,40,0,21-07-2025,21-07-2025,03-09-2025,28-08-2025,"{""icd_10"": {""1"": ""Z00.129"", ""2"": ""Z71.3"", ""3"": ""Z71.82"", ""4"": ""Z23"", ""5"": ""Z13.31"", ""6"": ""Z68.53"", ""7"": ""Z29.3""}, ""procedures"": {""1"": ""7""}, ""actual_procedures"": {""1"": ""Z29.3""}}",1: Z29.3,"CO,PR","45,1",45,1,,,,45,1,,,AETNA,private,PRIMARY,650,390.47,0.6,1598407686,13,167
125,3,7,1005A,6,96127,procedure,HC,,,,,,1,25,4.22,21-07-2025,21-07-2025,03-09-2025,28-08-2025,"{""icd_10"": {""1"": ""Z00.129"", ""2"": ""Z71.3"", ""3"": ""Z71.82"", ""4"": ""Z23"", ""5"": ""Z13.31"", ""6"": ""Z68.53"", ""7"": ""Z29.3""}, ""procedures"": {""1"": ""5""}, ""actual_procedures"": {""1"": ""Z13.31""}}",1: Z13.31,CO,45,45,,,,,45,,,,AETNA,private,PRIMARY,650,390.47,0.6,1598407686,13,167
125,4,8,1005A,6,90651,vaccine,HC,,,,,,1,300,300,21-07-2025,21-07-2025,03-09-2025,28-08-2025,"{""icd_10"": {""1"": ""Z00.129"", ""2"": ""Z71.3"", ""3"": ""Z71.82"", ""4"": ""Z23"", ""5"": ""Z13.31"", ""6"": ""Z68.53"", ""7"": ""Z29.3""}, ""procedures"": {""1"": ""4""}, ""actual_procedures"": {""1"": ""Z23""}}",1: Z23,,,,,,,,,,,,AETNA,private,PRIMARY,650,390.47,0.6,1598407686,13,167
125,5,9,1005A,6,90460,vaccine_administration,HC,,,,,,1,25,10,21-07-2025,21-07-2025,03-09-2025,28-08-2025,"{""icd_10"": {""1"": ""Z00.129"", ""2"": ""Z71.3"", ""3"": ""Z71.82"", ""4"": ""Z23"", ""5"": ""Z13.31"", ""6"": ""Z68.53"", ""7"": ""Z29.3""}, ""procedures"": {""1"": ""4""}, ""actual_procedures"": {""1"": ""Z23""}}",1: Z23,CO,45,45,,,,,45,,,,AETNA,private,PRIMARY,650,390.47,0.6,1598407686,13,167
126,1,10,12430,15107,99394,well_visit,HC,25,,,,,0,260,0,18-08-2025,18-08-2025,03-09-2025,28-08-2025,"{""icd_10"": {""1"": ""Z00.129"", ""2"": ""Z71.3"", ""3"": ""Z71.82"", ""4"": ""Z68.53"", ""5"": ""Z13.31"", ""6"": ""Z02.5""}, ""procedures"": {""1"": ""1"", ""2"": ""2"", ""3"": ""3"", ""4"": ""4""}, ""actual_procedures"": {""1"": ""Z00.129"", ""2"": ""Z71.3"", ""3"": ""Z71.82"", ""4"": ""Z68.53""}}","1: Z00.129 | 2: Z71.3
3: Z71.82 | 4: Z68.53",PR,50,50,,N661,N661,,50,,N661,,AETNA,private,PRIMARY,305,0,0,1598407686,13,167
126,2,11,12430,15107,99173,diagnostic,HC,,,,,,0,20,0,18-08-2025,18-08-2025,03-09-2025,28-08-2025,"{""icd_10"": {""1"": ""Z00.129"", ""2"": ""Z71.3"", ""3"": ""Z71.82"", ""4"": ""Z68.53"", ""5"": ""Z13.31"", ""6"": ""Z02.5""}, ""procedures"": {""1"": ""6""}, ""actual_procedures"": {""1"": ""Z02.5""}}",1: Z02.5,PR,50,50,,N661,N661,,50,,N661,,AETNA,private,PRIMARY,305,0,0,1598407686,13,167
126,3,12,12430,15107,96127,procedure,HC,,,,,,0,25,0,18-08-2025,18-08-2025,03-09-2025,28-08-2025,"{""icd_10"": {""1"": ""Z00.129"", ""2"": ""Z71.3"", ""3"": ""Z71.82"", ""4"": ""Z68.53"", ""5"": ""Z13.31"", ""6"": ""Z02.5""}, ""procedures"": {""1"": ""5""}, ""actual_procedures"": {""1"": ""Z13.31""}}",1: Z13.31,PR,50,50,,N661,N661,,50,,N661,,AETNA,private,PRIMARY,305,0,0,1598407686,13,167
127,1,1,36251,51357,99213,sick_visit,HC,25,,,,,1,150,75.16,14-08-2025,14-08-2025,27-08-2025,27-08-2025,"{""icd_10"": {""1"": ""Z00.129"", ""2"": ""Z71.3"", ""3"": ""Z71.82"", ""4"": ""E66.9"", ""5"": ""L83"", ""6"": ""Z68.54""}, ""procedures"": {""1"": ""4"", ""2"": ""5""}, ""actual_procedures"": {""1"": ""E66.9"", ""2"": ""L83""}}",1: E66.9 | 2: L83,CO,45,45,,,,,45,,,,SILVERSUMMIT HEALTHPLAN,mco_medicaid,PRIMARY,410,199.1,0.49,1861707069,8,104
127,2,2,36251,51357,99383,well_visit,HC,EP,25,,,,1,260,123.94,14-08-2025,14-08-2025,27-08-2025,27-08-2025,"{""icd_10"": {""1"": ""Z00.129"", ""2"": ""Z71.3"", ""3"": ""Z71.82"", ""4"": ""E66.9"", ""5"": ""L83"", ""6"": ""Z68.54""}, ""procedures"": {""1"": ""1"", ""2"": ""2"", ""3"": ""3"", ""4"": ""6""}, ""actual_procedures"": {""1"": ""Z00.129"", ""2"": ""Z71.3"", ""3"": ""Z71.82"", ""4"": ""Z68.54""}}","1: Z00.129 | 2: Z71.3
3: Z71.82 | 4: Z68.54",CO,45,45,,,,,45,,,,SILVERSUMMIT HEALTHPLAN,mco_medicaid,PRIMARY,410,199.1,0.49,1861707069,8,104
128,1,2,12956,5097,99213,sick_visit,HC,25,,,,,1,150,75.16,08-08-2025,08-08-2025,27-08-2025,27-08-2025,"{""icd_10"": {""1"": ""Z00.129"", ""2"": ""Z30.02"", ""3"": ""Z71.3"", ""4"": ""Z71.82"", ""5"": ""F64.9"", ""6"": ""Z68.52"", ""7"": ""Z23"", ""8"": ""Z13.31""}, ""procedures"": {""1"": ""5""}, ""actual_procedures"": {""1"": ""F64.9""}}",1: F64.9,CO,45,45,,,,,45,,,,SILVERSUMMIT HEALTHPLAN,mco_medicaid,PRIMARY,555.16,246.3,0.44,1861707069,17,204
128,2,4,12956,5097,99394,well_visit,HC,EP,25,,,,1,260,119.42,08-08-2025,08-08-2025,27-08-2025,27-08-2025,"{""icd_10"": {""1"": ""Z00.129"", ""2"": ""Z30.02"", ""3"": ""Z71.3"", ""4"": ""Z71.82"", ""5"": ""F64.9"", ""6"": ""Z68.52"", ""7"": ""Z23"", ""8"": ""Z13.31""}, ""procedures"": {""1"": ""1"", ""2"": ""3"", ""3"": ""4"", ""4"": ""6""}, ""actual_procedures"": {""1"": ""Z00.129"", ""2"": ""Z71.3"", ""3"": ""Z71.82"", ""4"": ""Z68.52""}}","1: Z00.129 | 2: Z71.3
3: Z71.82 | 4: Z68.52",CO,45,45,,,,,45,,,,SILVERSUMMIT HEALTHPLAN,mco_medicaid,PRIMARY,555.16,246.3,0.44,1861707069,17,204
128,3,5,12956,5097,99401,Counseling - Preventive Counseling,HC,FP,,,,,1,70.16,0,08-08-2025,08-08-2025,27-08-2025,27-08-2025,"{""icd_10"": {""1"": ""Z00.129"", ""2"": ""Z30.02"", ""3"": ""Z71.3"", ""4"": ""Z71.82"", ""5"": ""F64.9"", ""6"": ""Z68.52"", ""7"": ""Z23"", ""8"": ""Z13.31""}, ""procedures"": {""1"": ""2""}, ""actual_procedures"": {""1"": ""Z30.02""}}",1: Z30.02,CO,236,236,,,,,236,,,,SILVERSUMMIT HEALTHPLAN,mco_medicaid,PRIMARY,555.16,246.3,0.44,1861707069,17,204
128,4,6,12956,5097,96127,procedure,HC,,,,,,1,25,5.06,08-08-2025,08-08-2025,27-08-2025,27-08-2025,"{""icd_10"": {""1"": ""Z00.129"", ""2"": ""Z30.02"", ""3"": ""Z71.3"", ""4"": ""Z71.82"", ""5"": ""F64.9"", ""6"": ""Z68.52"", ""7"": ""Z23"", ""8"": ""Z13.31""}, ""procedures"": {""1"": ""8""}, ""actual_procedures"": {""1"": ""Z13.31""}}",1: Z13.31,CO,45,45,,,,,45,,,,SILVERSUMMIT HEALTHPLAN,mco_medicaid,PRIMARY,555.16,246.3,0.44,1861707069,17,204
128,5,7,12956,5097,90619,vaccine,HC,,,,,,1,0,0,08-08-2025,08-08-2025,27-08-2025,27-08-2025,"{""icd_10"": {""1"": ""Z00.129"", ""2"": ""Z30.02"", ""3"": ""Z71.3"", ""4"": ""Z71.82"", ""5"": ""F64.9"", ""6"": ""Z68.52"", ""7"": ""Z23"", ""8"": ""Z13.31""}, ""procedures"": {""1"": ""7""}, ""actual_procedures"": {""1"": ""Z23""}}",1: Z23,,,,,,,,,,,,SILVERSUMMIT HEALTHPLAN,mco_medicaid,PRIMARY,555.16,246.3,0.44,1861707069,17,204
128,6,8,12956,5097,90620,vaccine,HC,,,,,,1,0,0,08-08-2025,08-08-2025,27-08-2025,27-08-2025,"{""icd_10"": {""1"": ""Z00.129"", ""2"": ""Z30.02"", ""3"": ""Z71.3"", ""4"": ""Z71.82"", ""5"": ""F64.9"", ""6"": ""Z68.52"", ""7"": ""Z23"", ""8"": ""Z13.31""}, ""procedures"": {""1"": ""7""}, ""actual_procedures"": {""1"": ""Z23""}}",1: Z23,,,,,,,,,,,,SILVERSUMMIT HEALTHPLAN,mco_medicaid,PRIMARY,555.16,246.3,0.44,1861707069,17,204
128,7,9,12956,5097,90460,vaccine_administration,HC,,,,,,2,50,46.66,08-08-2025,08-08-2025,27-08-2025,27-08-2025,"{""icd_10"": {""1"": ""Z00.129"", ""2"": ""Z30.02"", ""3"": ""Z71.3"", ""4"": ""Z71.82"", ""5"": ""F64.9"", ""6"": ""Z68.52"", ""7"": ""Z23"", ""8"": ""Z13.31""}, ""procedures"": {""1"": ""7""}, ""actual_procedures"": {""1"": ""Z23""}}",1: Z23,CO,45,45,,,,,45,,,,SILVERSUMMIT HEALTHPLAN,mco_medicaid,PRIMARY,555.16,246.3,0.44,1861707069,17,204
130,1,3,1640,8426,99212,,HC,25,,,,,1,95,45.14,08-07-2025,08-07-2025,27-08-2025,27-08-2025,,,CO,45,45,,,,,45,,,,SILVERSUMMIT HEALTHPLAN,mco_medicaid,REVERSED,-315,0,0,1861707069,28,338
130,1,4,1640,8426,99212,,HC,25,,,,,1,-95,0,08-07-2025,08-07-2025,27-08-2025,27-08-2025,,,CO,45,45,,,,,45,,,,SILVERSUMMIT HEALTHPLAN,mco_medicaid,REVERSED,-315,0,0,1861707069,28,338
130,2,11,1640,8426,99392,well_visit,HC,EP,25,,,,1,220,109.63,08-07-2025,08-07-2025,27-08-2025,27-08-2025,,,CO,45,45,,,,,45,,,,SILVERSUMMIT HEALTHPLAN,mco_medicaid,REVERSED,-315,0,0,1861707069,28,338
130,2,13,1640,8426,99392,well_visit,HC,EP,25,,,,1,-220,0,08-07-2025,08-07-2025,27-08-2025,27-08-2025,,,CO,45,45,,,,,45,,,,SILVERSUMMIT HEALTHPLAN,mco_medicaid,REVERSED,-315,0,0,1861707069,28,338
131,1,5,164465,16750,99213,sick_visit,HC,25,,,,,1,150,75.16,12-08-2025,12-08-2025,27-08-2025,27-08-2025,"{""icd_10"": {""1"": ""Z00.129"", ""2"": ""Z71.3"", ""3"": ""Z71.82"", ""4"": ""J30.2"", ""5"": ""L20.89"", ""6"": ""Z68.52""}, ""procedures"": {""1"": ""4""}, ""actual_procedures"": {""1"": ""J30.2""}}",1: J30.2,CO,45,45,,,,,45,,,,SILVERSUMMIT HEALTHPLAN,mco_medicaid,PRIMARY,380,184.41,0.49,1861707069,6,74
131,2,15,164465,16750,99393,well_visit,HC,EP,25,,,,1,230,109.25,12-08-2025,12-08-2025,27-08-2025,27-08-2025,"{""icd_10"": {""1"": ""Z00.129"", ""2"": ""Z71.3"", ""3"": ""Z71.82"", ""4"": ""J30.2"", ""5"": ""L20.89"", ""6"": ""Z68.52""}, ""procedures"": {""1"": ""1"", ""2"": ""2"", ""3"": ""3"", ""4"": ""6""}, ""actual_procedures"": {""1"": ""Z00.129"", ""2"": ""Z71.3"", ""3"": ""Z71.82"", ""4"": ""Z68.52""}}","1: Z00.129 | 2: Z71.3
3: Z71.82 | 4: Z68.52",CO,45,45,,,,,45,,,,SILVERSUMMIT HEALTHPLAN,mco_medicaid,PRIMARY,380,184.41,0.49,1861707069,6,74
132,1,1,131871,15177,99213,sick_visit,HC,,,,,,1,150,28.25,27-06-2025,27-06-2025,28-08-2025,26-08-2025,"{""icd_10"": {""1"": ""F90.9""}, ""procedures"": {""1"": ""1""}, ""actual_procedures"": {""1"": ""F90.9""}}",1: F90.9,"CO,PR","45,3",45,3,,,,45,3,,,"HEALTH PLAN OF NEVADA, INC",mco_medicaid,PRIMARY,150,28.25,0.19,1861707069,14,168
133,1,11,23179,17425,99392,well_visit,HC,EP,25,,,,1,220,109.63,22-07-2025,22-07-2025,28-08-2025,26-08-2025,"{""icd_10"": {""1"": ""Z00.129"", ""2"": ""Z71.3"", ""3"": ""Z68.52"", ""4"": ""Z29.3""}, ""procedures"": {""1"": ""1"", ""2"": ""2"", ""3"": ""3""}, ""actual_procedures"": {""1"": ""Z00.129"", ""2"": ""Z71.3"", ""3"": ""Z68.52""}}","1: Z00.129 | 2: Z71.3
3: Z68.52",CO,45,45,,,,,45,,,,"HEALTH PLAN OF NEVADA, INC",mco_medicaid,PRIMARY,260,122.55,0.47,1861707069,3,40
133,2,2,23179,17425,99188,procedure,HC,,,,,,1,40,12.92,22-07-2025,22-07-2025,28-08-2025,26-08-2025,"{""icd_10"": {""1"": ""Z00.129"", ""2"": ""Z71.3"", ""3"": ""Z68.52"", ""4"": ""Z29.3""}, ""procedures"": {""1"": ""4""}, ""actual_procedures"": {""1"": ""Z29.3""}}",1: Z29.3,CO,45,45,,,,,45,,,,"HEALTH PLAN OF NEVADA, INC",mco_medicaid,PRIMARY,260,122.55,0.47,1861707069,3,40
134,1,14,3559711,50703,99213,sick_visit,HC,,,,,,1,150,75.16,27-06-2025,27-06-2025,28-08-2025,26-08-2025,"{""icd_10"": {""1"": ""L20.89""}, ""procedures"": {""1"": ""1""}, ""actual_procedures"": {""1"": ""L20.89""}}",1: L20.89,CO,45,45,,,,,45,,,,"HEALTH PLAN OF NEVADA, INC",mco_medicaid,PRIMARY,150,75.16,0.5,1861707069,0,9
135,1,17,2986071,44966,99393,well_visit,HC,EP,25,,,,1,230,109.25,22-07-2025,22-07-2025,28-08-2025,26-08-2025,"{""icd_10"": {""1"": ""Z00.129"", ""2"": ""Z71.3"", ""3"": ""Z71.82"", ""4"": ""Z68.52"", ""5"": ""Z29.3""}, ""procedures"": {""1"": ""1"", ""2"": ""2"", ""3"": ""3"", ""4"": ""4""}, ""actual_procedures"": {""1"": ""Z00.129"", ""2"": ""Z71.3"", ""3"": ""Z71.82"", ""4"": ""Z68.52""}}","1: Z00.129 | 2: Z71.3
3: Z71.82 | 4: Z68.52",CO,45,45,,,,,45,,,,"HEALTH PLAN OF NEVADA, INC",mco_medicaid,PRIMARY,270,122.17,0.45,1861707069,9,108
135,2,5,2986071,44966,99188,procedure,HC,,,,,,1,40,12.92,22-07-2025,22-07-2025,28-08-2025,26-08-2025,"{""icd_10"": {""1"": ""Z00.129"", ""2"": ""Z71.3"", ""3"": ""Z71.82"", ""4"": ""Z68.52"", ""5"": ""Z29.3""}, ""procedures"": {""1"": ""5""}, ""actual_procedures"": {""1"": ""Z29.3""}}",1: Z29.3,CO,45,45,,,,,45,,,,"HEALTH PLAN OF NEVADA, INC",mco_medicaid,PRIMARY,270,122.17,0.45,1861707069,9,108
136,1,20,13209,7200,99401,Counseling - Preventive Counseling,HC,FP,,,,,1,70.16,36.83,16-07-2025,16-07-2025,28-08-2025,26-08-2025,"{""icd_10"": {""1"": ""Z00.129"", ""2"": ""Z30.02"", ""3"": ""Z71.3"", ""4"": ""Z71.82"", ""5"": ""Z23"", ""6"": ""Z68.52"", ""7"": ""Z13.31""}, ""procedures"": {""1"": ""2""}, ""actual_procedures"": {""1"": ""Z30.02""}}",1: Z30.02,CO,45,45,,,,,45,,,,"HEALTH PLAN OF NEVADA, INC",mco_medicaid,PRIMARY,405.16,207.97,0.51,1861707069,17,204
136,2,7,13209,7200,90620,vaccine,HC,,,,,,0,0,0,16-07-2025,16-07-2025,28-08-2025,26-08-2025,"{""icd_10"": {""1"": ""Z00.129"", ""2"": ""Z30.02"", ""3"": ""Z71.3"", ""4"": ""Z71.82"", ""5"": ""Z23"", ""6"": ""Z68.52"", ""7"": ""Z13.31""}, ""procedures"": {""1"": ""5""}, ""actual_procedures"": {""1"": ""Z23""}}",1: Z23,,,,,,,,,,,,"HEALTH PLAN OF NEVADA, INC",mco_medicaid,PRIMARY,405.16,207.97,0.51,1861707069,17,204
136,3,8,13209,7200,90734,vaccine,HC,,,,,,0,0,0,16-07-2025,16-07-2025,28-08-2025,26-08-2025,"{""icd_10"": {""1"": ""Z00.129"", ""2"": ""Z30.02"", ""3"": ""Z71.3"", ""4"": ""Z71.82"", ""5"": ""Z23"", ""6"": ""Z68.52"", ""7"": ""Z13.31""}, ""procedures"": {""1"": ""5""}, ""actual_procedures"": {""1"": ""Z23""}}",1: Z23,,,,,,,,,,,,"HEALTH PLAN OF NEVADA, INC",mco_medicaid,PRIMARY,405.16,207.97,0.51,1861707069,17,204
136,4,9,13209,7200,99394,well_visit,HC,EP,25,,,,1,260,119.42,16-07-2025,16-07-2025,28-08-2025,26-08-2025,"{""icd_10"": {""1"": ""Z00.129"", ""2"": ""Z30.02"", ""3"": ""Z71.3"", ""4"": ""Z71.82"", ""5"": ""Z23"", ""6"": ""Z68.52"", ""7"": ""Z13.31""}, ""procedures"": {""1"": ""1"", ""2"": ""3"", ""3"": ""4"", ""4"": ""6""}, ""actual_procedures"": {""1"": ""Z00.129"", ""2"": ""Z71.3"", ""3"": ""Z71.82"", ""4"": ""Z68.52""}}","1: Z00.129 | 2: Z71.3
3: Z71.82 | 4: Z68.52",CO,45,45,,,,,45,,,,"HEALTH PLAN OF NEVADA, INC",mco_medicaid,PRIMARY,405.16,207.97,0.51,1861707069,17,204
136,5,10,13209,7200,96127,procedure,HC,EP,,,,,1,25,5.06,16-07-2025,16-07-2025,28-08-2025,26-08-2025,"{""icd_10"": {""1"": ""Z00.129"", ""2"": ""Z30.02"", ""3"": ""Z71.3"", ""4"": ""Z71.82"", ""5"": ""Z23"", ""6"": ""Z68.52"", ""7"": ""Z13.31""}, ""procedures"": {""1"": ""7""}, ""actual_procedures"": {""1"": ""Z13.31""}}",1: Z13.31,CO,45,45,,,,,45,,,,"HEALTH PLAN OF NEVADA, INC",mco_medicaid,PRIMARY,405.16,207.97,0.51,1861707069,17,204
136,6,11,13209,7200,90460,vaccine_administration,HC,,,,,,2,50,46.66,16-07-2025,16-07-2025,28-08-2025,26-08-2025,"{""icd_10"": {""1"": ""Z00.129"", ""2"": ""Z30.02"", ""3"": ""Z71.3"", ""4"": ""Z71.82"", ""5"": ""Z23"", ""6"": ""Z68.52"", ""7"": ""Z13.31""}, ""procedures"": {""1"": ""5""}, ""actual_procedures"": {""1"": ""Z23""}}",1: Z23,CO,45,45,,,,,45,,,,"HEALTH PLAN OF NEVADA, INC",mco_medicaid,PRIMARY,405.16,207.97,0.51,1861707069,17,204
137,1,21,1774,16880,99213,sick_visit,HC,,,,,,1,215,75.16,16-07-2025,16-07-2025,28-08-2025,26-08-2025,,,CO,45,45,,,,,45,,,,"HEALTH PLAN OF NEVADA, INC",mco_medicaid,PRIMARY,215,75.16,0.35,1861707069,14,177
138,1,34,356323,50738,99213,sick_visit,HC,25,,,,,1,150,75.16,21-07-2025,21-07-2025,28-08-2025,26-08-2025,"{""icd_10"": {""1"": ""R50.9"", ""2"": ""R05.1"", ""3"": ""B34.9"", ""4"": ""R09.81""}, ""procedures"": {""1"": ""1"", ""2"": ""2"", ""3"": ""3"", ""4"": ""4""}, ""actual_procedures"": {""1"": ""R50.9"", ""2"": ""R05.1"", ""3"": ""B34.9"", ""4"": ""R09.81""}}","1: R50.9 | 2: R05.1
3: B34.9 | 4: R09.81",CO,45,45,,,,,45,,,,"HEALTH PLAN OF NEVADA, INC",mco_medicaid,PRIMARY,355,137.78,0.39,1073015541,2,26
138,2,14,356323,50738,87807,poc,HC,QW,,,,,1,25,8.59,21-07-2025,21-07-2025,28-08-2025,26-08-2025,"{""icd_10"": {""1"": ""R50.9"", ""2"": ""R05.1"", ""3"": ""B34.9"", ""4"": ""R09.81""}, ""procedures"": {""1"": ""1"", ""2"": ""2"", ""3"": ""3"", ""4"": ""4""}, ""actual_procedures"": {""1"": ""R50.9"", ""2"": ""R05.1"", ""3"": ""B34.9"", ""4"": ""R09.81""}}","1: R50.9 | 2: R05.1
3: B34.9 | 4: R09.81",CO,45,45,,,,,45,,,,"HEALTH PLAN OF NEVADA, INC",mco_medicaid,PRIMARY,355,137.78,0.39,1073015541,2,26
138,3,15,356323,50738,87811,poc,HC,QW,,,,,1,90,21.72,21-07-2025,21-07-2025,28-08-2025,26-08-2025,"{""icd_10"": {""1"": ""R50.9"", ""2"": ""R05.1"", ""3"": ""B34.9"", ""4"": ""R09.81""}, ""procedures"": {""1"": ""1"", ""2"": ""2"", ""3"": ""3"", ""4"": ""4""}, ""actual_procedures"": {""1"": ""R50.9"", ""2"": ""R05.1"", ""3"": ""B34.9"", ""4"": ""R09.81""}}","1: R50.9 | 2: R05.1
3: B34.9 | 4: R09.81",CO,45,45,,,,,45,,,,"HEALTH PLAN OF NEVADA, INC",mco_medicaid,PRIMARY,355,137.78,0.39,1073015541,2,26
138,4,16,356323,50738,99058,Walk-In,HC,59,,,,,1,50,20.67,21-07-2025,21-07-2025,28-08-2025,26-08-2025,"{""icd_10"": {""1"": ""R50.9"", ""2"": ""R05.1"", ""3"": ""B34.9"", ""4"": ""R09.81""}, ""procedures"": {""1"": ""1"", ""2"": ""2"", ""3"": ""3"", ""4"": ""4""}, ""actual_procedures"": {""1"": ""R50.9"", ""2"": ""R05.1"", ""3"": ""B34.9"", ""4"": ""R09.81""}}","1: R50.9 | 2: R05.1
3: B34.9 | 4: R09.81",CO,45,45,,,,,45,,,,"HEALTH PLAN OF NEVADA, INC",mco_medicaid,PRIMARY,355,137.78,0.39,1073015541,2,26
138,5,17,356323,50738,94760,respiratory,HC,59,,,,,1,15,3.05,21-07-2025,21-07-2025,28-08-2025,26-08-2025,"{""icd_10"": {""1"": ""R50.9"", ""2"": ""R05.1"", ""3"": ""B34.9"", ""4"": ""R09.81""}, ""procedures"": {""1"": ""1"", ""2"": ""2"", ""3"": ""3"", ""4"": ""4""}, ""actual_procedures"": {""1"": ""R50.9"", ""2"": ""R05.1"", ""3"": ""B34.9"", ""4"": ""R09.81""}}","1: R50.9 | 2: R05.1
3: B34.9 | 4: R09.81",CO,45,45,,,,,45,,,,"HEALTH PLAN OF NEVADA, INC",mco_medicaid,PRIMARY,355,137.78,0.39,1073015541,2,26
138,6,18,356323,50738,87880,poc,HC,QW,,,,,1,25,8.59,21-07-2025,21-07-2025,28-08-2025,26-08-2025,"{""icd_10"": {""1"": ""R50.9"", ""2"": ""R05.1"", ""3"": ""B34.9"", ""4"": ""R09.81""}, ""procedures"": {""1"": ""1"", ""2"": ""2"", ""3"": ""3"", ""4"": ""4""}, ""actual_procedures"": {""1"": ""R50.9"", ""2"": ""R05.1"", ""3"": ""B34.9"", ""4"": ""R09.81""}}","1: R50.9 | 2: R05.1
3: B34.9 | 4: R09.81",CO,45,45,,,,,45,,,,"HEALTH PLAN OF NEVADA, INC",mco_medicaid,PRIMARY,355,137.78,0.39,1073015541,2,26
139,1,39,3616080,51266,J7613,respiratory,HC,,,,,,1,25,0.08,17-07-2025,17-07-2025,28-08-2025,26-08-2025,"{""icd_10"": {""1"": ""J03.00"", ""2"": ""J02.0"", ""3"": ""J45.909"", ""4"": ""R05.1""}, ""procedures"": {""1"": ""3""}, ""actual_procedures"": {""1"": ""J45.909""}}",1: J45.909,CO,45,45,,,,,45,,,,"HEALTH PLAN OF NEVADA, INC",mco_medicaid,PRIMARY,489.38,195.79,0.4,1073015541,5,60
139,2,20,3616080,51266,94640,respiratory,HC,59,,,,,1,50,17.21,17-07-2025,17-07-2025,28-08-2025,26-08-2025,"{""icd_10"": {""1"": ""J03.00"", ""2"": ""J02.0"", ""3"": ""J45.909"", ""4"": ""R05.1""}, ""procedures"": {""1"": ""3""}, ""actual_procedures"": {""1"": ""J45.909""}}",1: J45.909,CO,45,45,,,,,45,,,,"HEALTH PLAN OF NEVADA, INC",mco_medicaid,PRIMARY,489.38,195.79,0.4,1073015541,5,60
139,3,21,3616080,51266,99203,sick_visit,HC,25,,,,,1,220,111.34,17-07-2025,17-07-2025,28-08-2025,26-08-2025,"{""icd_10"": {""1"": ""J03.00"", ""2"": ""J02.0"", ""3"": ""J45.909"", ""4"": ""R05.1""}, ""procedures"": {""1"": ""1"", ""2"": ""2"", ""3"": ""3"", ""4"": ""4""}, ""actual_procedures"": {""1"": ""J03.00"", ""2"": ""J02.0"", ""3"": ""J45.909"", ""4"": ""R05.1""}}","1: J03.00 | 2: J02.0
3: J45.909 | 4: R05.1",CO,45,45,,,,,45,,,,"HEALTH PLAN OF NEVADA, INC",mco_medicaid,PRIMARY,489.38,195.79,0.4,1073015541,5,60
139,4,22,3616080,51266,87880,poc,HC,QW,,,,,1,25,8.59,17-07-2025,17-07-2025,28-08-2025,26-08-2025,"{""icd_10"": {""1"": ""J03.00"", ""2"": ""J02.0"", ""3"": ""J45.909"", ""4"": ""R05.1""}, ""procedures"": {""1"": ""1"", ""2"": ""2"", ""3"": ""3"", ""4"": ""4""}, ""actual_procedures"": {""1"": ""J03.00"", ""2"": ""J02.0"", ""3"": ""J45.909"", ""4"": ""R05.1""}}","1: J03.00 | 2: J02.0
3: J45.909 | 4: R05.1",CO,45,45,,,,,45,,,,"HEALTH PLAN OF NEVADA, INC",mco_medicaid,PRIMARY,489.38,195.79,0.4,1073015541,5,60
139,5,23,3616080,51266,94010,respiratory,HC,59,,,,,1,64.38,33.8,17-07-2025,17-07-2025,28-08-2025,26-08-2025,"{""icd_10"": {""1"": ""J03.00"", ""2"": ""J02.0"", ""3"": ""J45.909"", ""4"": ""R05.1""}, ""procedures"": {""1"": ""3""}, ""actual_procedures"": {""1"": ""J45.909""}}",1: J45.909,CO,45,45,,,,,45,,,,"HEALTH PLAN OF NEVADA, INC",mco_medicaid,PRIMARY,489.38,195.79,0.4,1073015541,5,60
139,6,24,3616080,51266,87811,poc,HC,QW,,,,,1,90,21.72,17-07-2025,17-07-2025,28-08-2025,26-08-2025,"{""icd_10"": {""1"": ""J03.00"", ""2"": ""J02.0"", ""3"": ""J45.909"", ""4"": ""R05.1""}, ""procedures"": {""1"": ""1"", ""2"": ""2"", ""3"": ""3"", ""4"": ""4""}, ""actual_procedures"": {""1"": ""J03.00"", ""2"": ""J02.0"", ""3"": ""J45.909"", ""4"": ""R05.1""}}","1: J03.00 | 2: J02.0
3: J45.909 | 4: R05.1",CO,45,45,,,,,45,,,,"HEALTH PLAN OF NEVADA, INC",mco_medicaid,PRIMARY,489.38,195.79,0.4,1073015541,5,60
139,7,25,3616080,51266,94760,respiratory,HC,59,,,,,1,15,3.05,17-07-2025,17-07-2025,28-08-2025,26-08-2025,"{""icd_10"": {""1"": ""J03.00"", ""2"": ""J02.0"", ""3"": ""J45.909"", ""4"": ""R05.1""}, ""procedures"": {""1"": ""3""}, ""actual_procedures"": {""1"": ""J45.909""}}",1: J45.909,CO,45,45,,,,,45,,,,"HEALTH PLAN OF NEVADA, INC",mco_medicaid,PRIMARY,489.38,195.79,0.4,1073015541,5,60
140,1,40,33428,48534,99384,well_visit,HC,EP,25,,,,1,285,139.99,21-07-2025,21-07-2025,28-08-2025,26-08-2025,"{""icd_10"": {""1"": ""Z00.129"", ""2"": ""Z68.54"", ""3"": ""Z71.3"", ""4"": ""Z71.82"", ""5"": ""Z29.3"", ""6"": ""M79.674"", ""7"": ""Z13.31""}, ""procedures"": {""1"": ""1"", ""2"": ""2"", ""3"": ""3"", ""4"": ""4""}, ""actual_procedures"": {""1"": ""Z00.129"", ""2"": ""Z68.54"", ""3"": ""Z71.3"", ""4"": ""Z71.82""}}","1: Z00.129 | 2: Z68.54
3: Z71.3 | 4: Z71.82",CO,45,45,,,,,45,,,,"HEALTH PLAN OF NEVADA, INC",mco_medicaid,PRIMARY,500,233.13,0.47,1073015541,13,160
140,2,27,33428,48534,96127,procedure,HC,59,,,,,1,25,5.06,21-07-2025,21-07-2025,28-08-2025,26-08-2025,"{""icd_10"": {""1"": ""Z00.129"", ""2"": ""Z68.54"", ""3"": ""Z71.3"", ""4"": ""Z71.82"", ""5"": ""Z29.3"", ""6"": ""M79.674"", ""7"": ""Z13.31""}, ""procedures"": {""1"": ""7""}, ""actual_procedures"": {""1"": ""Z13.31""}}",1: Z13.31,CO,45,45,,,,,45,,,,"HEALTH PLAN OF NEVADA, INC",mco_medicaid,PRIMARY,500,233.13,0.47,1073015541,13,160
140,3,28,33428,48534,99188,procedure,HC,,,,,,1,40,12.92,21-07-2025,21-07-2025,28-08-2025,26-08-2025,"{""icd_10"": {""1"": ""Z00.129"", ""2"": ""Z68.54"", ""3"": ""Z71.3"", ""4"": ""Z71.82"", ""5"": ""Z29.3"", ""6"": ""M79.674"", ""7"": ""Z13.31""}, ""procedures"": {""1"": ""5""}, ""actual_procedures"": {""1"": ""Z29.3""}}",1: Z29.3,CO,45,45,,,,,45,,,,"HEALTH PLAN OF NEVADA, INC",mco_medicaid,PRIMARY,500,233.13,0.47,1073015541,13,160
140,4,29,33428,48534,99213,sick_visit,HC,25,,,,,1,150,75.16,21-07-2025,21-07-2025,28-08-2025,26-08-2025,"{""icd_10"": {""1"": ""Z00.129"", ""2"": ""Z68.54"", ""3"": ""Z71.3"", ""4"": ""Z71.82"", ""5"": ""Z29.3"", ""6"": ""M79.674"", ""7"": ""Z13.31""}, ""procedures"": {""1"": ""6""}, ""actual_procedures"": {""1"": ""M79.674""}}",1: M79.674,CO,45,45,,,,,45,,,,"HEALTH PLAN OF NEVADA, INC",mco_medicaid,PRIMARY,500,233.13,0.47,1073015541,13,160
141,1,53,2159,17265,90707,vaccine,HC,,,,,,0,0.01,0,29-07-2025,29-07-2025,28-08-2025,26-08-2025,"{""icd_10"": {""1"": ""Z00.129"", ""2"": ""Z29.3"", ""3"": ""Z23"", ""4"": ""F80.89""}, ""procedures"": {""1"": ""3""}, ""actual_procedures"": {""1"": ""Z23""}}",1: Z23,CO,204,204,,,,,204,,,,"HEALTH PLAN OF NEVADA, INC",mco_medicaid,PRIMARY,525.06,316.54,0.6,1861707069,2,24
141,2,31,2159,17265,99392,well_visit,HC,EP,25,,,,1,220,109.63,29-07-2025,29-07-2025,28-08-2025,26-08-2025,"{""icd_10"": {""1"": ""Z00.129"", ""2"": ""Z29.3"", ""3"": ""Z23"", ""4"": ""F80.89""}, ""procedures"": {""1"": ""1""}, ""actual_procedures"": {""1"": ""Z00.129""}}",1: Z00.129,CO,45,45,,,,,45,,,,"HEALTH PLAN OF NEVADA, INC",mco_medicaid,PRIMARY,525.06,316.54,0.6,1861707069,2,24
141,3,32,2159,17265,90713,vaccine,HC,,,,,,0,0.01,0,29-07-2025,29-07-2025,28-08-2025,26-08-2025,"{""icd_10"": {""1"": ""Z00.129"", ""2"": ""Z29.3"", ""3"": ""Z23"", ""4"": ""F80.89""}, ""procedures"": {""1"": ""3""}, ""actual_procedures"": {""1"": ""Z23""}}",1: Z23,CO,204,204,,,,,204,,,,"HEALTH PLAN OF NEVADA, INC",mco_medicaid,PRIMARY,525.06,316.54,0.6,1861707069,2,24
141,4,33,2159,17265,90716,vaccine,HC,,,,,,0,0.01,0,29-07-2025,29-07-2025,28-08-2025,26-08-2025,"{""icd_10"": {""1"": ""Z00.129"", ""2"": ""Z29.3"", ""3"": ""Z23"", ""4"": ""F80.89""}, ""procedures"": {""1"": ""3""}, ""actual_procedures"": {""1"": ""Z23""}}",1: Z23,CO,204,204,,,,,204,,,,"HEALTH PLAN OF NEVADA, INC",mco_medicaid,PRIMARY,525.06,316.54,0.6,1861707069,2,24
141,5,34,2159,17265,90743,vaccine,HC,,,,,,0,0.01,0,29-07-2025,29-07-2025,28-08-2025,26-08-2025,"{""icd_10"": {""1"": ""Z00.129"", ""2"": ""Z29.3"", ""3"": ""Z23"", ""4"": ""F80.89""}, ""procedures"": {""1"": ""3""}, ""actual_procedures"": {""1"": ""Z23""}}",1: Z23,CO,204,204,,,,,204,,,,"HEALTH PLAN OF NEVADA, INC",mco_medicaid,PRIMARY,525.06,316.54,0.6,1861707069,2,24
141,6,35,2159,17265,90633,vaccine,HC,,,,,,0,0.01,0,29-07-2025,29-07-2025,28-08-2025,26-08-2025,"{""icd_10"": {""1"": ""Z00.129"", ""2"": ""Z29.3"", ""3"": ""Z23"", ""4"": ""F80.89""}, ""procedures"": {""1"": ""3""}, ""actual_procedures"": {""1"": ""Z23""}}",1: Z23,CO,204,204,,,,,204,,,,"HEALTH PLAN OF NEVADA, INC",mco_medicaid,PRIMARY,525.06,316.54,0.6,1861707069,2,24
141,7,36,2159,17265,90460,vaccine_administration,HC,,,,,,6,150,139.98,29-07-2025,29-07-2025,28-08-2025,26-08-2025,"{""icd_10"": {""1"": ""Z00.129"", ""2"": ""Z29.3"", ""3"": ""Z23"", ""4"": ""F80.89""}, ""procedures"": {""1"": ""3""}, ""actual_procedures"": {""1"": ""Z23""}}",1: Z23,CO,45,45,,,,,45,,,,"HEALTH PLAN OF NEVADA, INC",mco_medicaid,PRIMARY,525.06,316.54,0.6,1861707069,2,24
141,8,37,2159,17265,90472,vaccine_administration,HC,,,,,,4,100,46.24,29-07-2025,29-07-2025,28-08-2025,26-08-2025,"{""icd_10"": {""1"": ""Z00.129"", ""2"": ""Z29.3"", ""3"": ""Z23"", ""4"": ""F80.89""}, ""procedures"": {""1"": ""3""}, ""actual_procedures"": {""1"": ""Z23""}}",1: Z23,CO,45,45,,,,,45,,,,"HEALTH PLAN OF NEVADA, INC",mco_medicaid,PRIMARY,525.06,316.54,0.6,1861707069,2,24
141,9,38,2159,17265,99188,procedure,HC,,,,,,1,40,12.92,29-07-2025,29-07-2025,28-08-2025,26-08-2025,"{""icd_10"": {""1"": ""Z00.129"", ""2"": ""Z29.3"", ""3"": ""Z23"", ""4"": ""F80.89""}, ""procedures"": {""1"": ""2""}, ""actual_procedures"": {""1"": ""Z29.3""}}",1: Z29.3,CO,45,45,,,,,45,,,,"HEALTH PLAN OF NEVADA, INC",mco_medicaid,PRIMARY,525.06,316.54,0.6,1861707069,2,24
141,10,39,2159,17265,90700,vaccine,HC,,,,,,0,0.01,0,29-07-2025,29-07-2025,28-08-2025,26-08-2025,"{""icd_10"": {""1"": ""Z00.129"", ""2"": ""Z29.3"", ""3"": ""Z23"", ""4"": ""F80.89""}, ""procedures"": {""1"": ""3""}, ""actual_procedures"": {""1"": ""Z23""}}",1: Z23,CO,204,204,,,,,204,,,,"HEALTH PLAN OF NEVADA, INC",mco_medicaid,PRIMARY,525.06,316.54,0.6,1861707069,2,24
141,11,40,2159,17265,96110,procedure,HC,59,,,,,1,15,7.77,29-07-2025,29-07-2025,28-08-2025,26-08-2025,"{""icd_10"": {""1"": ""Z00.129"", ""2"": ""Z29.3"", ""3"": ""Z23"", ""4"": ""F80.89""}, ""procedures"": {""1"": ""4""}, ""actual_procedures"": {""1"": ""F80.89""}}",1: F80.89,CO,45,45,,,,,45,,,,"HEALTH PLAN OF NEVADA, INC",mco_medicaid,PRIMARY,525.06,316.54,0.6,1861707069,2,24
142,1,58,36143,51249,90472,vaccine_administration,HC,,,,,,2,50,23.12,29-07-2025,29-07-2025,28-08-2025,26-08-2025,"{""icd_10"": {""1"": ""K59.00"", ""2"": ""Z23""}, ""procedures"": {""1"": ""2""}, ""actual_procedures"": {""1"": ""Z23""}}",1: Z23,CO,45,45,,,,,45,,,,"HEALTH PLAN OF NEVADA, INC",mco_medicaid,PRIMARY,300.04,191.6,0.64,1861707069,1,21
142,2,42,36143,51249,90743,vaccine,HC,,,,,,0,0.01,0,29-07-2025,29-07-2025,28-08-2025,26-08-2025,"{""icd_10"": {""1"": ""K59.00"", ""2"": ""Z23""}, ""procedures"": {""1"": ""2""}, ""actual_procedures"": {""1"": ""Z23""}}",1: Z23,CO,204,204,,,,,204,,,,"HEALTH PLAN OF NEVADA, INC",mco_medicaid,PRIMARY,300.04,191.6,0.64,1861707069,1,21
142,3,43,36143,51249,90700,vaccine,HC,,,,,,0,0.01,0,29-07-2025,29-07-2025,28-08-2025,26-08-2025,"{""icd_10"": {""1"": ""K59.00"", ""2"": ""Z23""}, ""procedures"": {""1"": ""2""}, ""actual_procedures"": {""1"": ""Z23""}}",1: Z23,CO,204,204,,,,,204,,,,"HEALTH PLAN OF NEVADA, INC",mco_medicaid,PRIMARY,300.04,191.6,0.64,1861707069,1,21
142,4,44,36143,51249,99213,sick_visit,HC,25,,,,,1,150,75.16,29-07-2025,29-07-2025,28-08-2025,26-08-2025,"{""icd_10"": {""1"": ""K59.00"", ""2"": ""Z23""}, ""procedures"": {""1"": ""1""}, ""actual_procedures"": {""1"": ""K59.00""}}",1: K59.00,CO,45,45,,,,,45,,,,"HEALTH PLAN OF NEVADA, INC",mco_medicaid,PRIMARY,300.04,191.6,0.64,1861707069,1,21
142,5,45,36143,51249,90460,vaccine_administration,HC,,,,,,4,100,93.32,29-07-2025,29-07-2025,28-08-2025,26-08-2025,"{""icd_10"": {""1"": ""K59.00"", ""2"": ""Z23""}, ""procedures"": {""1"": ""2""}, ""actual_procedures"": {""1"": ""Z23""}}",1: Z23,CO,45,45,,,,,45,,,,"HEALTH PLAN OF NEVADA, INC",mco_medicaid,PRIMARY,300.04,191.6,0.64,1861707069,1,21
142,6,46,36143,51249,90647,vaccine,HC,,,,,,0,0.01,0,29-07-2025,29-07-2025,28-08-2025,26-08-2025,"{""icd_10"": {""1"": ""K59.00"", ""2"": ""Z23""}, ""procedures"": {""1"": ""2""}, ""actual_procedures"": {""1"": ""Z23""}}",1: Z23,CO,204,204,,,,,204,,,,"HEALTH PLAN OF NEVADA, INC",mco_medicaid,PRIMARY,300.04,191.6,0.64,1861707069,1,21
142,7,47,36143,51249,90671,vaccine,HC,,,,,,0,0.01,0,29-07-2025,29-07-2025,28-08-2025,26-08-2025,"{""icd_10"": {""1"": ""K59.00"", ""2"": ""Z23""}, ""procedures"": {""1"": ""2""}, ""actual_procedures"": {""1"": ""Z23""}}",1: Z23,CO,204,204,,,,,204,,,,"HEALTH PLAN OF NEVADA, INC",mco_medicaid,PRIMARY,300.04,191.6,0.64,1861707069,1,21
143,1,43,2256,17362,99213,sick_visit,HC,25,,,,,1,150,75.16,17-07-2025,17-07-2025,28-08-2025,26-08-2025,"{""icd_10"": {""1"": ""S01.512D"", ""2"": ""Z09"", ""3"": ""Z29.3""}, ""procedures"": {""1"": ""1"", ""2"": ""2""}, ""actual_procedures"": {""1"": ""S01.512D"", ""2"": ""Z09""}}",1: S01.512D | 2: Z09,CO,45,45,,,,,45,,,,"HEALTH PLAN OF NEVADA, INC",mco_medicaid,PRIMARY,190,88.08,0.46,1073015541,1,21
143,2,49,2256,17362,99188,procedure,HC,,,,,,1,40,12.92,17-07-2025,17-07-2025,28-08-2025,26-08-2025,"{""icd_10"": {""1"": ""S01.512D"", ""2"": ""Z09"", ""3"": ""Z29.3""}, ""procedures"": {""1"": ""3""}, ""actual_procedures"": {""1"": ""Z29.3""}}",1: Z29.3,CO,45,45,,,,,45,,,,"HEALTH PLAN OF NEVADA, INC",mco_medicaid,PRIMARY,190,88.08,0.46,1073015541,1,21
144,1,6,35755,50861,99213,sick_visit,HC,25,,,,,1,150,53.25,18-07-2025,18-07-2025,28-08-2025,26-08-2025,"{""icd_10"": {""1"": ""Z00.129"", ""2"": ""Z71.3"", ""3"": ""B37.2"", ""4"": ""R23.8""}, ""procedures"": {""1"": ""3"", ""2"": ""4""}, ""actual_procedures"": {""1"": ""B37.2"", ""2"": ""R23.8""}}",1: B37.2 | 2: R23.8,"CO,PR","45,3",45,3,,,,45,3,,,"HEALTH PLAN OF NEVADA, INC",mco_medicaid,PRIMARY,390,123.25,0.32,1073015541,1,17
144,2,51,35755,50861,99382,well_visit,HC,25,,,,,1,240,70,18-07-2025,18-07-2025,28-08-2025,26-08-2025,"{""icd_10"": {""1"": ""Z00.129"", ""2"": ""Z71.3"", ""3"": ""B37.2"", ""4"": ""R23.8""}, ""procedures"": {""1"": ""1"", ""2"": ""2""}, ""actual_procedures"": {""1"": ""Z00.129"", ""2"": ""Z71.3""}}",1: Z00.129 | 2: Z71.3,CO,45,45,,,,,45,,,,"HEALTH PLAN OF NEVADA, INC",mco_medicaid,PRIMARY,390,123.25,0.32,1073015541,1,17
145,1,9,29813,44919,36416,poc,HC,,,,,,0,9.98,0,16-07-2025,16-07-2025,28-08-2025,26-08-2025,"{""icd_10"": {""1"": ""Z00.129"", ""2"": ""Z13.0"", ""3"": ""L70.4""}, ""procedures"": {""1"": ""2""}, ""actual_procedures"": {""1"": ""Z13.0""}}",1: Z13.0,"CO,CO","204,45",204,45,,,,204,45,,,"HEALTH PLAN OF NEVADA, INC",mco_medicaid,SECONDARY,213.22,70,0.33,1073015541,0,8
145,2,53,29813,44919,85018,poc,HC,QW,,,,,0,3.24,0,16-07-2025,16-07-2025,28-08-2025,26-08-2025,"{""icd_10"": {""1"": ""Z00.129"", ""2"": ""Z13.0"", ""3"": ""L70.4""}, ""procedures"": {""1"": ""2""}, ""actual_procedures"": {""1"": ""Z13.0""}}",1: Z13.0,CO,252,252,,MA120,MA120,,252,,MA120,,"HEALTH PLAN OF NEVADA, INC",mco_medicaid,SECONDARY,213.22,70,0.33,1073015541,0,8
145,3,54,29813,44919,99391,well_visit,HC,25,,,,,1,200,70,16-07-2025,16-07-2025,28-08-2025,26-08-2025,"{""icd_10"": {""1"": ""Z00.129"", ""2"": ""Z13.0"", ""3"": ""L70.4""}, ""procedures"": {""1"": ""1"", ""2"": ""3""}, ""actual_procedures"": {""1"": ""Z00.129"", ""2"": ""L70.4""}}",1: Z00.129 | 2: L70.4,CO,45,45,,,,,45,,,,"HEALTH PLAN OF NEVADA, INC",mco_medicaid,SECONDARY,213.22,70,0.33,1073015541,0,8
146,1,16,238485,17490,99188,procedure,HC,,,,,,1,40,12.92,17-07-2025,17-07-2025,28-08-2025,26-08-2025,"{""icd_10"": {""1"": ""E66.9"", ""2"": ""B07.9"", ""3"": ""Z29.3""}, ""procedures"": {""1"": ""3""}, ""actual_procedures"": {""1"": ""Z29.3""}}",1: Z29.3,CO,45,45,,,,,45,,,,"HEALTH PLAN OF NEVADA, INC",mco_medicaid,PRIMARY,348.36,96.07,0.28,1073015541,3,39
146,2,56,238485,17490,17110,procedure,HC,59,,,,,1,158.36,83.15,17-07-2025,17-07-2025,28-08-2025,26-08-2025,"{""icd_10"": {""1"": ""E66.9"", ""2"": ""B07.9"", ""3"": ""Z29.3""}, ""procedures"": {""1"": ""2""}, ""actual_procedures"": {""1"": ""B07.9""}}",1: B07.9,CO,45,45,,,,,45,,,,"HEALTH PLAN OF NEVADA, INC",mco_medicaid,PRIMARY,348.36,96.07,0.28,1073015541,3,39
146,3,57,238485,17490,99213,sick_visit,HC,25,,,,,0,150,0,17-07-2025,17-07-2025,28-08-2025,26-08-2025,"{""icd_10"": {""1"": ""E66.9"", ""2"": ""B07.9"", ""3"": ""Z29.3""}, ""procedures"": {""1"": ""1""}, ""actual_procedures"": {""1"": ""E66.9""}}",1: E66.9,CO,A1,A1,,N19,N19,,A1,,N19,,"HEALTH PLAN OF NEVADA, INC",mco_medicaid,PRIMARY,348.36,96.07,0.28,1073015541,3,39
147,1,19,3616180,51267,99188,procedure,HC,,,,,,1,40,12.92,18-07-2025,18-07-2025,28-08-2025,26-08-2025,"{""icd_10"": {""1"": ""Z00.129"", ""2"": ""Z71.3"", ""3"": ""Z71.82"", ""4"": ""Z68.52"", ""5"": ""Z29.3""}, ""procedures"": {""1"": ""5""}, ""actual_procedures"": {""1"": ""Z29.3""}}",1: Z29.3,CO,45,45,,,,,45,,,,"HEALTH PLAN OF NEVADA, INC",mco_medicaid,PRIMARY,270,122.17,0.45,1073015541,8,107
147,2,59,3616180,51267,99393,well_visit,HC,EP,25,,,,1,230,109.25,18-07-2025,18-07-2025,28-08-2025,26-08-2025,"{""icd_10"": {""1"": ""Z00.129"", ""2"": ""Z71.3"", ""3"": ""Z71.82"", ""4"": ""Z68.52"", ""5"": ""Z29.3""}, ""procedures"": {""1"": ""1"", ""2"": ""2"", ""3"": ""3"", ""4"": ""4""}, ""actual_procedures"": {""1"": ""Z00.129"", ""2"": ""Z71.3"", ""3"": ""Z71.82"", ""4"": ""Z68.52""}}","1: Z00.129 | 2: Z71.3
3: Z71.82 | 4: Z68.52",CO,45,45,,,,,45,,,,"HEALTH PLAN OF NEVADA, INC",mco_medicaid,PRIMARY,270,122.17,0.45,1073015541,8,107
148,1,23,1906,17012,90460,vaccine_administration,HC,,,,,,2,50,46.66,22-07-2025,22-07-2025,28-08-2025,26-08-2025,"{""icd_10"": {""1"": ""Z00.129"", ""2"": ""Z30.02"", ""3"": ""Z71.3"", ""4"": ""Z71.82"", ""5"": ""Z23"", ""6"": ""Z68.52""}, ""procedures"": {""1"": ""5""}, ""actual_procedures"": {""1"": ""Z23""}}",1: Z23,CO,45,45,,,,,45,,,,"HEALTH PLAN OF NEVADA, INC",mco_medicaid,PRIMARY,380.16,202.91,0.53,1861707069,16,202
148,2,61,1906,17012,90651,vaccine,HC,,,,,,0,0,0,22-07-2025,22-07-2025,28-08-2025,26-08-2025,"{""icd_10"": {""1"": ""Z00.129"", ""2"": ""Z30.02"", ""3"": ""Z71.3"", ""4"": ""Z71.82"", ""5"": ""Z23"", ""6"": ""Z68.52""}, ""procedures"": {""1"": ""5""}, ""actual_procedures"": {""1"": ""Z23""}}",1: Z23,,,,,,,,,,,,"HEALTH PLAN OF NEVADA, INC",mco_medicaid,PRIMARY,380.16,202.91,0.53,1861707069,16,202
148,3,62,1906,17012,99401,Counseling - Preventive Counseling,HC,FP,,,,,1,70.16,36.83,22-07-2025,22-07-2025,28-08-2025,26-08-2025,"{""icd_10"": {""1"": ""Z00.129"", ""2"": ""Z30.02"", ""3"": ""Z71.3"", ""4"": ""Z71.82"", ""5"": ""Z23"", ""6"": ""Z68.52""}, ""procedures"": {""1"": ""2""}, ""actual_procedures"": {""1"": ""Z30.02""}}",1: Z30.02,CO,45,45,,,,,45,,,,"HEALTH PLAN OF NEVADA, INC",mco_medicaid,PRIMARY,380.16,202.91,0.53,1861707069,16,202
148,4,63,1906,17012,99394,well_visit,HC,EP,25,,,,1,260,119.42,22-07-2025,22-07-2025,28-08-2025,26-08-2025,"{""icd_10"": {""1"": ""Z00.129"", ""2"": ""Z30.02"", ""3"": ""Z71.3"", ""4"": ""Z71.82"", ""5"": ""Z23"", ""6"": ""Z68.52""}, ""procedures"": {""1"": ""1"", ""2"": ""3"", ""3"": ""4"", ""4"": ""6""}, ""actual_procedures"": {""1"": ""Z00.129"", ""2"": ""Z71.3"", ""3"": ""Z71.82"", ""4"": ""Z68.52""}}","1: Z00.129 | 2: Z71.3
3: Z71.82 | 4: Z68.52",CO,45,45,,,,,45,,,,"HEALTH PLAN OF NEVADA, INC",mco_medicaid,PRIMARY,380.16,202.91,0.53,1861707069,16,202
148,5,64,1906,17012,90633,vaccine,HC,,,,,,0,0,0,22-07-2025,22-07-2025,28-08-2025,26-08-2025,"{""icd_10"": {""1"": ""Z00.129"", ""2"": ""Z30.02"", ""3"": ""Z71.3"", ""4"": ""Z71.82"", ""5"": ""Z23"", ""6"": ""Z68.52""}, ""procedures"": {""1"": ""5""}, ""actual_procedures"": {""1"": ""Z23""}}",1: Z23,,,,,,,,,,,,"HEALTH PLAN OF NEVADA, INC",mco_medicaid,PRIMARY,380.16,202.91,0.53,1861707069,16,202
149,1,28,33735,48841,99383,well_visit,HC,EP,25,,,,1,260,123.94,21-07-2025,21-07-2025,28-08-2025,26-08-2025,"{""icd_10"": {""1"": ""Z00.129"", ""2"": ""Z71.3"", ""3"": ""Z71.82"", ""4"": ""Z68.54"", ""5"": ""L20.89"", ""6"": ""J45.998""}, ""procedures"": {""1"": ""1"", ""2"": ""2"", ""3"": ""3"", ""4"": ""4""}, ""actual_procedures"": {""1"": ""Z00.129"", ""2"": ""Z71.3"", ""3"": ""Z71.82"", ""4"": ""Z68.54""}}","1: Z00.129 | 2: Z71.3
3: Z71.82 | 4: Z68.54",CO,45,45,,,,,45,,,,"HEALTH PLAN OF NEVADA, INC",mco_medicaid,PRIMARY,410,199.1,0.49,1073015541,5,64
149,2,66,33735,48841,99213,sick_visit,HC,25,,,,,1,150,75.16,21-07-2025,21-07-2025,28-08-2025,26-08-2025,"{""icd_10"": {""1"": ""Z00.129"", ""2"": ""Z71.3"", ""3"": ""Z71.82"", ""4"": ""Z68.54"", ""5"": ""L20.89"", ""6"": ""J45.998""}, ""procedures"": {""1"": ""5"", ""2"": ""6""}, ""actual_procedures"": {""1"": ""L20.89"", ""2"": ""J45.998""}}",1: L20.89 | 2: J45.998,CO,45,45,,,,,45,,,,"HEALTH PLAN OF NEVADA, INC",mco_medicaid,PRIMARY,410,199.1,0.49,1073015541,5,64
150,1,29,3616080,51266,94760,respiratory,HC,59,,,,,1,15,3.05,21-07-2025,21-07-2025,28-08-2025,26-08-2025,"{""icd_10"": {""1"": ""R09.81"", ""2"": ""R05.1"", ""3"": ""B34.9"", ""4"": ""R50.9""}, ""procedures"": {""1"": ""1"", ""2"": ""2"", ""3"": ""3"", ""4"": ""4""}, ""actual_procedures"": {""1"": ""R09.81"", ""2"": ""R05.1"", ""3"": ""B34.9"", ""4"": ""R50.9""}}","1: R09.81 | 2: R05.1
3: B34.9 | 4: R50.9",CO,45,45,,,,,45,,,,"HEALTH PLAN OF NEVADA, INC",mco_medicaid,PRIMARY,322.88,135.57,0.42,1073015541,5,60
150,2,68,3616080,51266,94010,respiratory,HC,59,,,,,1,64.38,33.8,21-07-2025,21-07-2025,28-08-2025,26-08-2025,"{""icd_10"": {""1"": ""R09.81"", ""2"": ""R05.1"", ""3"": ""B34.9"", ""4"": ""R50.9""}, ""procedures"": {""1"": ""2""}, ""actual_procedures"": {""1"": ""R05.1""}}",1: R05.1,CO,45,45,,,,,45,,,,"HEALTH PLAN OF NEVADA, INC",mco_medicaid,PRIMARY,322.88,135.57,0.42,1073015541,5,60
150,3,69,3616080,51266,81002,poc,HC,,,,,,1,3.5,1.84,21-07-2025,21-07-2025,28-08-2025,26-08-2025,"{""icd_10"": {""1"": ""R09.81"", ""2"": ""R05.1"", ""3"": ""B34.9"", ""4"": ""R50.9""}, ""procedures"": {""1"": ""1"", ""2"": ""2"", ""3"": ""3"", ""4"": ""4""}, ""actual_procedures"": {""1"": ""R09.81"", ""2"": ""R05.1"", ""3"": ""B34.9"", ""4"": ""R50.9""}}","1: R09.81 | 2: R05.1
3: B34.9 | 4: R50.9",CO,45,45,,,,,45,,,,"HEALTH PLAN OF NEVADA, INC",mco_medicaid,PRIMARY,322.88,135.57,0.42,1073015541,5,60
150,4,70,3616080,51266,87811,poc,HC,QW,,,,,1,90,21.72,21-07-2025,21-07-2025,28-08-2025,26-08-2025,"{""icd_10"": {""1"": ""R09.81"", ""2"": ""R05.1"", ""3"": ""B34.9"", ""4"": ""R50.9""}, ""procedures"": {""1"": ""1"", ""2"": ""2"", ""3"": ""3"", ""4"": ""4""}, ""actual_procedures"": {""1"": ""R09.81"", ""2"": ""R05.1"", ""3"": ""B34.9"", ""4"": ""R50.9""}}","1: R09.81 | 2: R05.1
3: B34.9 | 4: R50.9",CO,45,45,,,,,45,,,,"HEALTH PLAN OF NEVADA, INC",mco_medicaid,PRIMARY,322.88,135.57,0.42,1073015541,5,60
150,5,71,3616080,51266,99213,sick_visit,HC,25,,,,,1,150,75.16,21-07-2025,21-07-2025,28-08-2025,26-08-2025,"{""icd_10"": {""1"": ""R09.81"", ""2"": ""R05.1"", ""3"": ""B34.9"", ""4"": ""R50.9""}, ""procedures"": {""1"": ""1"", ""2"": ""2"", ""3"": ""3"", ""4"": ""4""}, ""actual_procedures"": {""1"": ""R09.81"", ""2"": ""R05.1"", ""3"": ""B34.9"", ""4"": ""R50.9""}}","1: R09.81 | 2: R05.1
3: B34.9 | 4: R50.9",CO,45,45,,,,,45,,,,"HEALTH PLAN OF NEVADA, INC",mco_medicaid,PRIMARY,322.88,135.57,0.42,1073015541,5,60
151,1,31,35759SDED,50865,99392,well_visit,HC,,,,,,1,220,109.63,18-07-2025,18-07-2025,28-08-2025,26-08-2025,"{""icd_10"": {""1"": ""Z00.129"", ""2"": ""Z23"", ""3"": ""R09.81""}, ""procedures"": {""1"": ""1""}, ""actual_procedures"": {""1"": ""Z00.129""}}",1: Z00.129,CO,45,45,,,,,45,,,,"HEALTH PLAN OF NEVADA, INC",mco_medicaid,PRIMARY,395.01,208.12,0.53,1073015541,2,26
151,2,73,35759SDED,50865,90460,vaccine_administration,HC,,,,,,1,25,23.33,18-07-2025,18-07-2025,28-08-2025,26-08-2025,"{""icd_10"": {""1"": ""Z00.129"", ""2"": ""Z23"", ""3"": ""R09.81""}, ""procedures"": {""1"": ""2""}, ""actual_procedures"": {""1"": ""Z23""}}",1: Z23,CO,45,45,,,,,45,,,,"HEALTH PLAN OF NEVADA, INC",mco_medicaid,PRIMARY,395.01,208.12,0.53,1073015541,2,26
151,3,74,35759SDED,50865,90633,vaccine,HC,,,,,,0,0.01,0,18-07-2025,18-07-2025,28-08-2025,26-08-2025,"{""icd_10"": {""1"": ""Z00.129"", ""2"": ""Z23"", ""3"": ""R09.81""}, ""procedures"": {""1"": ""2""}, ""actual_procedures"": {""1"": ""Z23""}}",1: Z23,CO,204,204,,,,,204,,,,"HEALTH PLAN OF NEVADA, INC",mco_medicaid,PRIMARY,395.01,208.12,0.53,1073015541,2,26
151,4,75,35759SDED,50865,99213,sick_visit,HC,25,,,,,1,150,75.16,18-07-2025,18-07-2025,28-08-2025,26-08-2025,"{""icd_10"": {""1"": ""Z00.129"", ""2"": ""Z23"", ""3"": ""R09.81""}, ""procedures"": {""1"": ""3""}, ""actual_procedures"": {""1"": ""R09.81""}}",1: R09.81,CO,45,45,,,,,45,,,,"HEALTH PLAN OF NEVADA, INC",mco_medicaid,PRIMARY,395.01,208.12,0.53,1073015541,2,26
152,1,50,33954,49060,36416,poc,HC,,,,,,1,9.98,5.24,24-07-2025,24-07-2025,28-08-2025,26-08-2025,"{""icd_10"": {""1"": ""Z00.129"", ""2"": ""Z71.3"", ""3"": ""Z68.52"", ""4"": ""Z71.82"", ""5"": ""Z23"", ""6"": ""B08.1"", ""7"": ""R04.0"", ""8"": ""Z13.0""}, ""procedures"": {""1"": ""7"", ""2"": ""8""}, ""actual_procedures"": {""1"": ""R04.0"", ""2"": ""Z13.0""}}",1: R04.0 | 2: Z13.0,CO,45,45,,,,,45,,,,"HEALTH PLAN OF NEVADA, INC",mco_medicaid,PRIMARY,603.26,340.5,0.56,1073015541,4,48
152,2,77,33954,49060,90716,vaccine,HC,,,,,,0,0.01,0,24-07-2025,24-07-2025,28-08-2025,26-08-2025,"{""icd_10"": {""1"": ""Z00.129"", ""2"": ""Z71.3"", ""3"": ""Z68.52"", ""4"": ""Z71.82"", ""5"": ""Z23"", ""6"": ""B08.1"", ""7"": ""R04.0"", ""8"": ""Z13.0""}, ""procedures"": {""1"": ""5""}, ""actual_procedures"": {""1"": ""Z23""}}",1: Z23,CO,204,204,,,,,204,,,,"HEALTH PLAN OF NEVADA, INC",mco_medicaid,PRIMARY,603.26,340.5,0.56,1073015541,4,48
152,3,78,33954,49060,85018,poc,HC,QW,,,,,1,3.24,1.7,24-07-2025,24-07-2025,28-08-2025,26-08-2025,"{""icd_10"": {""1"": ""Z00.129"", ""2"": ""Z71.3"", ""3"": ""Z68.52"", ""4"": ""Z71.82"", ""5"": ""Z23"", ""6"": ""B08.1"", ""7"": ""R04.0"", ""8"": ""Z13.0""}, ""procedures"": {""1"": ""7"", ""2"": ""8""}, ""actual_procedures"": {""1"": ""R04.0"", ""2"": ""Z13.0""}}",1: R04.0 | 2: Z13.0,CO,45,45,,,,,45,,,,"HEALTH PLAN OF NEVADA, INC",mco_medicaid,PRIMARY,603.26,340.5,0.56,1073015541,4,48
152,4,79,33954,49060,90707,vaccine,HC,,,,,,0,0.01,0,24-07-2025,24-07-2025,28-08-2025,26-08-2025,"{""icd_10"": {""1"": ""Z00.129"", ""2"": ""Z71.3"", ""3"": ""Z68.52"", ""4"": ""Z71.82"", ""5"": ""Z23"", ""6"": ""B08.1"", ""7"": ""R04.0"", ""8"": ""Z13.0""}, ""procedures"": {""1"": ""5""}, ""actual_procedures"": {""1"": ""Z23""}}",1: Z23,CO,204,204,,,,,204,,,,"HEALTH PLAN OF NEVADA, INC",mco_medicaid,PRIMARY,603.26,340.5,0.56,1073015541,4,48
152,5,80,33954,49060,99382,well_visit,HC,EP,25,,,,1,240,118.84,24-07-2025,24-07-2025,28-08-2025,26-08-2025,"{""icd_10"": {""1"": ""Z00.129"", ""2"": ""Z71.3"", ""3"": ""Z68.52"", ""4"": ""Z71.82"", ""5"": ""Z23"", ""6"": ""B08.1"", ""7"": ""R04.0"", ""8"": ""Z13.0""}, ""procedures"": {""1"": ""1"", ""2"": ""2"", ""3"": ""3"", ""4"": ""4""}, ""actual_procedures"": {""1"": ""Z00.129"", ""2"": ""Z71.3"", ""3"": ""Z68.52"", ""4"": ""Z71.82""}}","1: Z00.129 | 2: Z71.3
3: Z68.52 | 4: Z71.82",CO,45,45,,,,,45,,,,"HEALTH PLAN OF NEVADA, INC",mco_medicaid,PRIMARY,603.26,340.5,0.56,1073015541,4,48
152,6,81,33954,49060,90700,vaccine,HC,,,,,,0,0.01,0,24-07-2025,24-07-2025,28-08-2025,26-08-2025,"{""icd_10"": {""1"": ""Z00.129"", ""2"": ""Z71.3"", ""3"": ""Z68.52"", ""4"": ""Z71.82"", ""5"": ""Z23"", ""6"": ""B08.1"", ""7"": ""R04.0"", ""8"": ""Z13.0""}, ""procedures"": {""1"": ""5""}, ""actual_procedures"": {""1"": ""Z23""}}",1: Z23,CO,204,204,,,,,204,,,,"HEALTH PLAN OF NEVADA, INC",mco_medicaid,PRIMARY,603.26,340.5,0.56,1073015541,4,48
152,7,82,33954,49060,90460,vaccine_administration,HC,,,,,,4,100,93.32,24-07-2025,24-07-2025,28-08-2025,26-08-2025,"{""icd_10"": {""1"": ""Z00.129"", ""2"": ""Z71.3"", ""3"": ""Z68.52"", ""4"": ""Z71.82"", ""5"": ""Z23"", ""6"": ""B08.1"", ""7"": ""R04.0"", ""8"": ""Z13.0""}, ""procedures"": {""1"": ""5""}, ""actual_procedures"": {""1"": ""Z23""}}",1: Z23,CO,45,45,,,,,45,,,,"HEALTH PLAN OF NEVADA, INC",mco_medicaid,PRIMARY,603.26,340.5,0.56,1073015541,4,48
152,8,83,33954,49060,90472,vaccine_administration,HC,,,,,,4,100,46.24,24-07-2025,24-07-2025,28-08-2025,26-08-2025,"{""icd_10"": {""1"": ""Z00.129"", ""2"": ""Z71.3"", ""3"": ""Z68.52"", ""4"": ""Z71.82"", ""5"": ""Z23"", ""6"": ""B08.1"", ""7"": ""R04.0"", ""8"": ""Z13.0""}, ""procedures"": {""1"": ""5""}, ""actual_procedures"": {""1"": ""Z23""}}",1: Z23,CO,45,45,,,,,45,,,,"HEALTH PLAN OF NEVADA, INC",mco_medicaid,PRIMARY,603.26,340.5,0.56,1073015541,4,48
152,9,84,33954,49060,90713,vaccine,HC,,,,,,0,0.01,0,24-07-2025,24-07-2025,28-08-2025,26-08-2025,"{""icd_10"": {""1"": ""Z00.129"", ""2"": ""Z71.3"", ""3"": ""Z68.52"", ""4"": ""Z71.82"", ""5"": ""Z23"", ""6"": ""B08.1"", ""7"": ""R04.0"", ""8"": ""Z13.0""}, ""procedures"": {""1"": ""5""}, ""actual_procedures"": {""1"": ""Z23""}}",1: Z23,CO,204,204,,,,,204,,,,"HEALTH PLAN OF NEVADA, INC",mco_medicaid,PRIMARY,603.26,340.5,0.56,1073015541,4,48
152,10,85,33954,49060,99213,sick_visit,HC,25,,,,,1,150,75.16,24-07-2025,24-07-2025,28-08-2025,26-08-2025,"{""icd_10"": {""1"": ""Z00.129"", ""2"": ""Z71.3"", ""3"": ""Z68.52"", ""4"": ""Z71.82"", ""5"": ""Z23"", ""6"": ""B08.1"", ""7"": ""R04.0"", ""8"": ""Z13.0""}, ""procedures"": {""1"": ""6"", ""2"": ""7"", ""3"": ""8""}, ""actual_procedures"": {""1"": ""B08.1"", ""2"": ""R04.0"", ""3"": ""Z13.0""}}","1: B08.1 | 2: R04.0
3: Z13.0",CO,45,45,,,,,45,,,,"HEALTH PLAN OF NEVADA, INC",mco_medicaid,PRIMARY,603.26,340.5,0.56,1073015541,4,48
153,1,56,11963,1264,99213,sick_visit,HC,25,,,,,1,150,75.16,27-06-2025,27-06-2025,28-08-2025,26-08-2025,"{""icd_10"": {""1"": ""Z00.129"", ""2"": ""Z30.02"", ""3"": ""Z71.3"", ""4"": ""Z71.82"", ""5"": ""Z13.31"", ""6"": ""E66.9"", ""7"": ""Z68.54""}, ""procedures"": {""1"": ""6""}, ""actual_procedures"": {""1"": ""E66.9""}}",1: E66.9,CO,45,45,,,,,45,,,,"HEALTH PLAN OF NEVADA, INC",mco_medicaid,PRIMARY,505.16,236.47,0.47,1861707069,15,182
153,2,87,11963,1264,96127,procedure,HC,,,,,,1,25,5.06,27-06-2025,27-06-2025,28-08-2025,26-08-2025,"{""icd_10"": {""1"": ""Z00.129"", ""2"": ""Z30.02"", ""3"": ""Z71.3"", ""4"": ""Z71.82"", ""5"": ""Z13.31"", ""6"": ""E66.9"", ""7"": ""Z68.54""}, ""procedures"": {""1"": ""5""}, ""actual_procedures"": {""1"": ""Z13.31""}}",1: Z13.31,CO,45,45,,,,,45,,,,"HEALTH PLAN OF NEVADA, INC",mco_medicaid,PRIMARY,505.16,236.47,0.47,1861707069,15,182
153,3,88,11963,1264,99394,well_visit,HC,EP,25,,,,1,260,119.42,27-06-2025,27-06-2025,28-08-2025,26-08-2025,"{""icd_10"": {""1"": ""Z00.129"", ""2"": ""Z30.02"", ""3"": ""Z71.3"", ""4"": ""Z71.82"", ""5"": ""Z13.31"", ""6"": ""E66.9"", ""7"": ""Z68.54""}, ""procedures"": {""1"": ""1"", ""2"": ""3"", ""3"": ""4"", ""4"": ""7""}, ""actual_procedures"": {""1"": ""Z00.129"", ""2"": ""Z71.3"", ""3"": ""Z71.82"", ""4"": ""Z68.54""}}","1: Z00.129 | 2: Z71.3
3: Z71.82 | 4: Z68.54",CO,45,45,,,,,45,,,,"HEALTH PLAN OF NEVADA, INC",mco_medicaid,PRIMARY,505.16,236.47,0.47,1861707069,15,182
153,4,89,11963,1264,99401,Counseling - Preventive Counseling,HC,FP,,,,,1,70.16,36.83,27-06-2025,27-06-2025,28-08-2025,26-08-2025,"{""icd_10"": {""1"": ""Z00.129"", ""2"": ""Z30.02"", ""3"": ""Z71.3"", ""4"": ""Z71.82"", ""5"": ""Z13.31"", ""6"": ""E66.9"", ""7"": ""Z68.54""}, ""procedures"": {""1"": ""2""}, ""actual_procedures"": {""1"": ""Z30.02""}}",1: Z30.02,CO,45,45,,,,,45,,,,"HEALTH PLAN OF NEVADA, INC",mco_medicaid,PRIMARY,505.16,236.47,0.47,1861707069,15,182
154,1,60,11528,11712,90651,vaccine,HC,,,,,,0,0.01,0,29-07-2025,29-07-2025,28-08-2025,26-08-2025,"{""icd_10"": {""1"": ""Z00.129"", ""2"": ""Z71.3"", ""3"": ""Z71.82"", ""4"": ""Z68.53"", ""5"": ""Z13.31"", ""6"": ""Z23""}, ""procedures"": {""1"": ""6""}, ""actual_procedures"": {""1"": ""Z23""}}",1: Z23,CO,204,204,,,,,204,,,,"HEALTH PLAN OF NEVADA, INC",mco_medicaid,PRIMARY,380.03,207.42,0.55,1861707069,11,132
154,2,91,11528,11712,90715,vaccine,HC,,,,,,0,0.01,0,29-07-2025,29-07-2025,28-08-2025,26-08-2025,"{""icd_10"": {""1"": ""Z00.129"", ""2"": ""Z71.3"", ""3"": ""Z71.82"", ""4"": ""Z68.53"", ""5"": ""Z13.31"", ""6"": ""Z23""}, ""procedures"": {""1"": ""6""}, ""actual_procedures"": {""1"": ""Z23""}}",1: Z23,CO,204,204,,,,,204,,,,"HEALTH PLAN OF NEVADA, INC",mco_medicaid,PRIMARY,380.03,207.42,0.55,1861707069,11,132
154,3,92,11528,11712,90460,vaccine_administration,HC,,,,,,3,75,69.99,29-07-2025,29-07-2025,28-08-2025,26-08-2025,"{""icd_10"": {""1"": ""Z00.129"", ""2"": ""Z71.3"", ""3"": ""Z71.82"", ""4"": ""Z68.53"", ""5"": ""Z13.31"", ""6"": ""Z23""}, ""procedures"": {""1"": ""6""}, ""actual_procedures"": {""1"": ""Z23""}}",1: Z23,CO,45,45,,,,,45,,,,"HEALTH PLAN OF NEVADA, INC",mco_medicaid,PRIMARY,380.03,207.42,0.55,1861707069,11,132
154,4,93,11528,11712,90619,vaccine,HC,,,,,,0,0.01,0,29-07-2025,29-07-2025,28-08-2025,26-08-2025,"{""icd_10"": {""1"": ""Z00.129"", ""2"": ""Z71.3"", ""3"": ""Z71.82"", ""4"": ""Z68.53"", ""5"": ""Z13.31"", ""6"": ""Z23""}, ""procedures"": {""1"": ""6""}, ""actual_procedures"": {""1"": ""Z23""}}",1: Z23,CO,204,204,,,,,204,,,,"HEALTH PLAN OF NEVADA, INC",mco_medicaid,PRIMARY,380.03,207.42,0.55,1861707069,11,132
154,5,94,11528,11712,90472,vaccine_administration,HC,,,,,,2,50,23.12,29-07-2025,29-07-2025,28-08-2025,26-08-2025,"{""icd_10"": {""1"": ""Z00.129"", ""2"": ""Z71.3"", ""3"": ""Z71.82"", ""4"": ""Z68.53"", ""5"": ""Z13.31"", ""6"": ""Z23""}, ""procedures"": {""1"": ""6""}, ""actual_procedures"": {""1"": ""Z23""}}",1: Z23,CO,45,45,,,,,45,,,,"HEALTH PLAN OF NEVADA, INC",mco_medicaid,PRIMARY,380.03,207.42,0.55,1861707069,11,132
154,6,95,11528,11712,96127,procedure,HC,59,,,,,1,25,5.06,29-07-2025,29-07-2025,28-08-2025,26-08-2025,"{""icd_10"": {""1"": ""Z00.129"", ""2"": ""Z71.3"", ""3"": ""Z71.82"", ""4"": ""Z68.53"", ""5"": ""Z13.31"", ""6"": ""Z23""}, ""procedures"": {""1"": ""5""}, ""actual_procedures"": {""1"": ""Z13.31""}}",1: Z13.31,CO,45,45,,,,,45,,,,"HEALTH PLAN OF NEVADA, INC",mco_medicaid,PRIMARY,380.03,207.42,0.55,1861707069,11,132
154,7,96,11528,11712,99393,well_visit,HC,EP,25,,,,1,230,109.25,29-07-2025,29-07-2025,28-08-2025,26-08-2025,"{""icd_10"": {""1"": ""Z00.129"", ""2"": ""Z71.3"", ""3"": ""Z71.82"", ""4"": ""Z68.53"", ""5"": ""Z13.31"", ""6"": ""Z23""}, ""procedures"": {""1"": ""1"", ""2"": ""2"", ""3"": ""3"", ""4"": ""4""}, ""actual_procedures"": {""1"": ""Z00.129"", ""2"": ""Z71.3"", ""3"": ""Z71.82"", ""4"": ""Z68.53""}}","1: Z00.129 | 2: Z71.3
3: Z71.82 | 4: Z68.53",CO,45,45,,,,,45,,,,"HEALTH PLAN OF NEVADA, INC",mco_medicaid,PRIMARY,380.03,207.42,0.55,1861707069,11,132
155,1,33,30611,45717,99213,sick_visit,HC,25,,,,,1,150,75.16,26-06-2025,26-06-2025,28-08-2025,26-08-2025,"{""icd_10"": {""1"": ""Z00.129"", ""2"": ""Z71.3"", ""3"": ""Z71.82"", ""4"": ""Z68.52"", ""5"": ""Z01.818""}, ""procedures"": {""1"": ""5""}, ""actual_procedures"": {""1"": ""Z01.818""}}",1: Z01.818,CO,45,45,,,,,45,,,,"HEALTH PLAN OF NEVADA, INC",mco_medicaid,PRIMARY,370,184.79,0.5,1073015541,4,53
155,2,98,30611,45717,99392,well_visit,HC,EP,25,,,,1,220,109.63,26-06-2025,26-06-2025,28-08-2025,26-08-2025,"{""icd_10"": {""1"": ""Z00.129"", ""2"": ""Z71.3"", ""3"": ""Z71.82"", ""4"": ""Z68.52"", ""5"": ""Z01.818""}, ""procedures"": {""1"": ""1"", ""2"": ""2"", ""3"": ""3"", ""4"": ""4""}, ""actual_procedures"": {""1"": ""Z00.129"", ""2"": ""Z71.3"", ""3"": ""Z71.82"", ""4"": ""Z68.52""}}","1: Z00.129 | 2: Z71.3
3: Z71.82 | 4: Z68.52",CO,45,45,,,,,45,,,,"HEALTH PLAN OF NEVADA, INC",mco_medicaid,PRIMARY,370,184.79,0.5,1073015541,4,53
156,1,44,1813,16919,99213,sick_visit,HC,25,,,,,1,150,75.16,22-07-2025,22-07-2025,28-08-2025,26-08-2025,"{""icd_10"": {""1"": ""B08.4"", ""2"": ""L29.89"", ""3"": ""Z68.53""}, ""procedures"": {""1"": ""1"", ""2"": ""2"", ""3"": ""3""}, ""actual_procedures"": {""1"": ""B08.4"", ""2"": ""L29.89"", ""3"": ""Z68.53""}}","1: B08.4 | 2: L29.89
3: Z68.53",CO,45,45,,,,,45,,,,"HEALTH PLAN OF NEVADA, INC",mco_medicaid,PRIMARY,200,95.83,0.48,1861707069,2,25
156,2,100,1813,16919,99058,Walk-In,HC,59,,,,,1,50,20.67,22-07-2025,22-07-2025,28-08-2025,26-08-2025,"{""icd_10"": {""1"": ""B08.4"", ""2"": ""L29.89"", ""3"": ""Z68.53""}, ""procedures"": {""1"": ""1"", ""2"": ""2"", ""3"": ""3""}, ""actual_procedures"": {""1"": ""B08.4"", ""2"": ""L29.89"", ""3"": ""Z68.53""}}","1: B08.4 | 2: L29.89
3: Z68.53",CO,45,45,,,,,45,,,,"HEALTH PLAN OF NEVADA, INC",mco_medicaid,PRIMARY,200,95.83,0.48,1861707069,2,25
157,1,47,29777,44883,99188,procedure,HC,,,,,,1,40,12.92,21-07-2025,21-07-2025,28-08-2025,26-08-2025,"{""icd_10"": {""1"": ""Z00.129"", ""2"": ""Z29.3"", ""3"": ""D64.9""}, ""procedures"": {""1"": ""2""}, ""actual_procedures"": {""1"": ""Z29.3""}}",1: Z29.3,CO,45,45,,,,,45,,,,"HEALTH PLAN OF NEVADA, INC",mco_medicaid,PRIMARY,433.22,209.18,0.48,1073015541,0,9
157,2,102,29777,44883,36416,poc,HC,,,,,,1,9.98,5.24,21-07-2025,21-07-2025,28-08-2025,26-08-2025,"{""icd_10"": {""1"": ""Z00.129"", ""2"": ""Z29.3"", ""3"": ""D64.9""}, ""procedures"": {""1"": ""3""}, ""actual_procedures"": {""1"": ""D64.9""}}",1: D64.9,CO,45,45,,,,,45,,,,"HEALTH PLAN OF NEVADA, INC",mco_medicaid,PRIMARY,433.22,209.18,0.48,1073015541,0,9
157,3,103,29777,44883,99381,well_visit,HC,EP,25,,,,1,230,114.16,21-07-2025,21-07-2025,28-08-2025,26-08-2025,"{""icd_10"": {""1"": ""Z00.129"", ""2"": ""Z29.3"", ""3"": ""D64.9""}, ""procedures"": {""1"": ""1""}, ""actual_procedures"": {""1"": ""Z00.129""}}",1: Z00.129,CO,45,45,,,,,45,,,,"HEALTH PLAN OF NEVADA, INC",mco_medicaid,PRIMARY,433.22,209.18,0.48,1073015541,0,9
157,4,104,29777,44883,85018,poc,HC,QW,,,,,1,3.24,1.7,21-07-2025,21-07-2025,28-08-2025,26-08-2025,"{""icd_10"": {""1"": ""Z00.129"", ""2"": ""Z29.3"", ""3"": ""D64.9""}, ""procedures"": {""1"": ""3""}, ""actual_procedures"": {""1"": ""D64.9""}}",1: D64.9,CO,45,45,,,,,45,,,,"HEALTH PLAN OF NEVADA, INC",mco_medicaid,PRIMARY,433.22,209.18,0.48,1073015541,0,9
157,5,105,29777,44883,99213,sick_visit,HC,25,,,,,1,150,75.16,21-07-2025,21-07-2025,28-08-2025,26-08-2025,"{""icd_10"": {""1"": ""Z00.129"", ""2"": ""Z29.3"", ""3"": ""D64.9""}, ""procedures"": {""1"": ""3""}, ""actual_procedures"": {""1"": ""D64.9""}}",1: D64.9,CO,45,45,,,,,45,,,,"HEALTH PLAN OF NEVADA, INC",mco_medicaid,PRIMARY,433.22,209.18,0.48,1073015541,0,9
158,1,10,35685,50791,99213,sick_visit,HC,,,,,,1,150,48.25,18-07-2025,18-07-2025,28-08-2025,26-08-2025,"{""icd_10"": {""1"": ""R09.81"", ""2"": ""R05.1"", ""3"": ""J15.9""}, ""procedures"": {""1"": ""1"", ""2"": ""2"", ""3"": ""3""}, ""actual_procedures"": {""1"": ""R09.81"", ""2"": ""R05.1"", ""3"": ""J15.9""}}","1: R09.81 | 2: R05.1
3: J15.9","CO,PR","45,3",45,3,,,,45,3,,,"HEALTH PLAN OF NEVADA, INC",mco_medicaid,PRIMARY,150,48.25,0.32,1073015541,2,34
159,1,13,33462,48568,99384,well_visit,HC,EP,25,,,,1,285,139.99,17-07-2025,17-07-2025,28-08-2025,26-08-2025,"{""icd_10"": {""1"": ""Z00.129"", ""2"": ""Z68.53"", ""3"": ""Z71.3"", ""4"": ""Z71.82"", ""5"": ""Z02.5""}, ""procedures"": {""1"": ""1"", ""2"": ""2"", ""3"": ""3"", ""4"": ""4""}, ""actual_procedures"": {""1"": ""Z00.129"", ""2"": ""Z68.53"", ""3"": ""Z71.3"", ""4"": ""Z71.82""}}","1: Z00.129 | 2: Z68.53
3: Z71.3 | 4: Z71.82",CO,45,45,,,,,45,,,,"HEALTH PLAN OF NEVADA, INC",mco_medicaid,PRIMARY,305,139.99,0.46,1073015541,12,150
159,2,108,33462,48568,99173,diagnostic,HC,59,,,,,0,20,0,17-07-2025,17-07-2025,28-08-2025,26-08-2025,"{""icd_10"": {""1"": ""Z00.129"", ""2"": ""Z68.53"", ""3"": ""Z71.3"", ""4"": ""Z71.82"", ""5"": ""Z02.5""}, ""procedures"": {""1"": ""5""}, ""actual_procedures"": {""1"": ""Z02.5""}}",1: Z02.5,CO,204,204,,,,,204,,,,"HEALTH PLAN OF NEVADA, INC",mco_medicaid,PRIMARY,305,139.99,0.46,1073015541,12,150
160,1,2,33946,49052,99213,sick_visit,HC,,,,,,1,150,48.25,21-07-2025,21-07-2025,28-08-2025,26-08-2025,"{""icd_10"": {""1"": ""L23.0"", ""2"": ""H66.91""}, ""procedures"": {""1"": ""1"", ""2"": ""2""}, ""actual_procedures"": {""1"": ""L23.0"", ""2"": ""H66.91""}}",1: L23.0 | 2: H66.91,"CO,PR","45,3",45,3,,,,45,3,,,"HEALTH PLAN OF NEVADA, INC",mco_medicaid,PRIMARY,150,48.25,0.32,1073015541,4,49
161,1,22,145436,16560,90460,vaccine_administration,HC,,,,,,1,25,23.33,18-07-2025,18-07-2025,28-08-2025,26-08-2025,"{""icd_10"": {""1"": ""Z00.129"", ""2"": ""Z23"", ""3"": ""B37.2"", ""4"": ""K02.7"", ""5"": ""Z13.41""}, ""procedures"": {""1"": ""2""}, ""actual_procedures"": {""1"": ""Z23""}}",1: Z23,CO,45,45,,,,,45,,,,"HEALTH PLAN OF NEVADA, INC",mco_medicaid,PRIMARY,409.81,215.89,0.53,1073015541,1,23
161,2,111,145436,16560,90633,vaccine,HC,,,,,,0,0.01,0,18-07-2025,18-07-2025,28-08-2025,26-08-2025,"{""icd_10"": {""1"": ""Z00.129"", ""2"": ""Z23"", ""3"": ""B37.2"", ""4"": ""K02.7"", ""5"": ""Z13.41""}, ""procedures"": {""1"": ""2""}, ""actual_procedures"": {""1"": ""Z23""}}",1: Z23,CO,204,204,,,,,204,,,,"HEALTH PLAN OF NEVADA, INC",mco_medicaid,PRIMARY,409.81,215.89,0.53,1073015541,1,23
161,3,112,145436,16560,99213,sick_visit,HC,25,,,,,1,150,75.16,18-07-2025,18-07-2025,28-08-2025,26-08-2025,"{""icd_10"": {""1"": ""Z00.129"", ""2"": ""Z23"", ""3"": ""B37.2"", ""4"": ""K02.7"", ""5"": ""Z13.41""}, ""procedures"": {""1"": ""3"", ""2"": ""4""}, ""actual_procedures"": {""1"": ""B37.2"", ""2"": ""K02.7""}}",1: B37.2 | 2: K02.7,CO,45,45,,,,,45,,,,"HEALTH PLAN OF NEVADA, INC",mco_medicaid,PRIMARY,409.81,215.89,0.53,1073015541,1,23
161,4,113,145436,16560,99392,well_visit,HC,EP,25,,,,1,220,109.63,18-07-2025,18-07-2025,28-08-2025,26-08-2025,"{""icd_10"": {""1"": ""Z00.129"", ""2"": ""Z23"", ""3"": ""B37.2"", ""4"": ""K02.7"", ""5"": ""Z13.41""}, ""procedures"": {""1"": ""1""}, ""actual_procedures"": {""1"": ""Z00.129""}}",1: Z00.129,CO,45,45,,,,,45,,,,"HEALTH PLAN OF NEVADA, INC",mco_medicaid,PRIMARY,409.81,215.89,0.53,1073015541,1,23
161,5,114,145436,16560,96110,procedure,HC,,,,,,1,14.8,7.77,18-07-2025,18-07-2025,28-08-2025,26-08-2025,"{""icd_10"": {""1"": ""Z00.129"", ""2"": ""Z23"", ""3"": ""B37.2"", ""4"": ""K02.7"", ""5"": ""Z13.41""}, ""procedures"": {""1"": ""5""}, ""actual_procedures"": {""1"": ""Z13.41""}}",1: Z13.41,CO,45,45,,,,,45,,,,"HEALTH PLAN OF NEVADA, INC",mco_medicaid,PRIMARY,409.81,215.89,0.53,1073015541,1,23
162,1,35,1476121,16582,99213,sick_visit,HC,25,,,,,1,215,75.16,16-07-2025,16-07-2025,28-08-2025,26-08-2025,,,CO,45,45,,,,,45,,,,"HEALTH PLAN OF NEVADA, INC",mco_medicaid,PRIMARY,343.24,102.74,0.3,1861707069,1,22
162,2,116,1476121,16582,87807,poc,HC,QW,,,,,1,25,8.59,16-07-2025,16-07-2025,28-08-2025,26-08-2025,"{""icd_10"": {""1"": ""J45.991"", ""2"": ""R06.2""}, ""procedures"": {""1"": ""1"", ""2"": ""2""}, ""actual_procedures"": {""1"": ""J45.991"", ""2"": ""R06.2""}}",1: J45.991 | 2: R06.2,CO,45,45,,,,,45,,,,"HEALTH PLAN OF NEVADA, INC",mco_medicaid,PRIMARY,343.24,102.74,0.3,1861707069,1,22
162,3,117,1476121,16582,J7613,respiratory,HC,,,,,,1,50,0.08,16-07-2025,16-07-2025,28-08-2025,26-08-2025,"{""icd_10"": {""1"": ""J45.991"", ""2"": ""R06.2""}, ""procedures"": {""1"": ""1"", ""2"": ""2""}, ""actual_procedures"": {""1"": ""J45.991"", ""2"": ""R06.2""}}",1: J45.991 | 2: R06.2,CO,45,45,,,,,45,,,,"HEALTH PLAN OF NEVADA, INC",mco_medicaid,PRIMARY,343.24,102.74,0.3,1861707069,1,22
162,4,118,1476121,16582,94640,respiratory,HC,59,,,,,1,50,17.21,16-07-2025,16-07-2025,28-08-2025,26-08-2025,"{""icd_10"": {""1"": ""J45.991"", ""2"": ""R06.2""}, ""procedures"": {""1"": ""1"", ""2"": ""2""}, ""actual_procedures"": {""1"": ""J45.991"", ""2"": ""R06.2""}}",1: J45.991 | 2: R06.2,CO,45,45,,,,,45,,,,"HEALTH PLAN OF NEVADA, INC",mco_medicaid,PRIMARY,343.24,102.74,0.3,1861707069,1,22
162,5,119,1476121,16582,A7015,respiratory,HC,NU,,,,,1,3.24,1.7,16-07-2025,16-07-2025,28-08-2025,26-08-2025,"{""icd_10"": {""1"": ""J45.991"", ""2"": ""R06.2""}, ""procedures"": {""1"": ""1"", ""2"": ""2""}, ""actual_procedures"": {""1"": ""J45.991"", ""2"": ""R06.2""}}",1: J45.991 | 2: R06.2,CO,45,45,,,,,45,,,,"HEALTH PLAN OF NEVADA, INC",mco_medicaid,PRIMARY,343.24,102.74,0.3,1861707069,1,22
163,1,36,20441,17150,99058,Walk-In,HC,59,,,,,1,50,20.67,14-07-2025,14-07-2025,28-08-2025,26-08-2025,"{""icd_10"": {""1"": ""J00"", ""2"": ""R05.1"", ""3"": ""Q98.0""}, ""procedures"": {""1"": ""1"", ""2"": ""2"", ""3"": ""3""}, ""actual_procedures"": {""1"": ""J00"", ""2"": ""R05.1"", ""3"": ""Q98.0""}}","1: J00 | 2: R05.1
3: Q98.0",CO,45,45,,,,,45,,,,"HEALTH PLAN OF NEVADA, INC",mco_medicaid,PRIMARY,215,98.88,0.46,1861707069,4,48
163,2,121,20441,17150,94760,respiratory,HC,59,,,,,1,15,3.05,14-07-2025,14-07-2025,28-08-2025,26-08-2025,"{""icd_10"": {""1"": ""J00"", ""2"": ""R05.1"", ""3"": ""Q98.0""}, ""procedures"": {""1"": ""2""}, ""actual_procedures"": {""1"": ""R05.1""}}",1: R05.1,CO,45,45,,,,,45,,,,"HEALTH PLAN OF NEVADA, INC",mco_medicaid,PRIMARY,215,98.88,0.46,1861707069,4,48
163,3,122,20441,17150,99213,sick_visit,HC,25,,,,,1,150,75.16,14-07-2025,14-07-2025,28-08-2025,26-08-2025,"{""icd_10"": {""1"": ""J00"", ""2"": ""R05.1"", ""3"": ""Q98.0""}, ""procedures"": {""1"": ""1"", ""2"": ""2"", ""3"": ""3""}, ""actual_procedures"": {""1"": ""J00"", ""2"": ""R05.1"", ""3"": ""Q98.0""}}","1: J00 | 2: R05.1
3: Q98.0",CO,45,45,,,,,45,,,,"HEALTH PLAN OF NEVADA, INC",mco_medicaid,PRIMARY,215,98.88,0.46,1861707069,4,48
164,1,46,2173,17279,90460,vaccine_administration,HC,,,,,,1,25,23.33,24-07-2025,24-07-2025,28-08-2025,26-08-2025,"{""icd_10"": {""1"": ""Z00.129"", ""2"": ""Z23"", ""3"": ""Z13.41""}, ""procedures"": {""1"": ""2""}, ""actual_procedures"": {""1"": ""Z23""}}",1: Z23,CO,45,45,,,,,45,,,,"HEALTH PLAN OF NEVADA, INC",mco_medicaid,PRIMARY,280.01,149.94,0.54,1073015541,1,19
164,2,124,2173,17279,99382,well_visit,HC,EP,25,,,,1,240,118.84,24-07-2025,24-07-2025,28-08-2025,26-08-2025,"{""icd_10"": {""1"": ""Z00.129"", ""2"": ""Z23"", ""3"": ""Z13.41""}, ""procedures"": {""1"": ""1""}, ""actual_procedures"": {""1"": ""Z00.129""}}",1: Z00.129,CO,45,45,,,,,45,,,,"HEALTH PLAN OF NEVADA, INC",mco_medicaid,PRIMARY,280.01,149.94,0.54,1073015541,1,19
164,3,125,2173,17279,90633,vaccine,HC,,,,,,0,0.01,0,24-07-2025,24-07-2025,28-08-2025,26-08-2025,"{""icd_10"": {""1"": ""Z00.129"", ""2"": ""Z23"", ""3"": ""Z13.41""}, ""procedures"": {""1"": ""2""}, ""actual_procedures"": {""1"": ""Z23""}}",1: Z23,CO,204,204,,,,,204,,,,"HEALTH PLAN OF NEVADA, INC",mco_medicaid,PRIMARY,280.01,149.94,0.54,1073015541,1,19
164,4,126,2173,17279,96110,procedure,HC,,,,,,1,15,7.77,24-07-2025,24-07-2025,28-08-2025,26-08-2025,"{""icd_10"": {""1"": ""Z00.129"", ""2"": ""Z23"", ""3"": ""Z13.41""}, ""procedures"": {""1"": ""3""}, ""actual_procedures"": {""1"": ""Z13.41""}}",1: Z13.41,CO,45,45,,,,,45,,,,"HEALTH PLAN OF NEVADA, INC",mco_medicaid,PRIMARY,280.01,149.94,0.54,1073015541,1,19
165,1,49,33679,48785,99213,sick_visit,HC,25,,,,,1,150,75.16,29-07-2025,29-07-2025,28-08-2025,26-08-2025,"{""icd_10"": {""1"": ""Z00.129"", ""2"": ""Z71.3"", ""3"": ""Z71.82"", ""4"": ""Z68.51"", ""5"": ""E30.1""}, ""procedures"": {""1"": ""5""}, ""actual_procedures"": {""1"": ""E30.1""}}",1: E30.1,CO,45,45,,,,,45,,,,"HEALTH PLAN OF NEVADA, INC",mco_medicaid,PRIMARY,410,199.1,0.49,1861707069,6,78
165,2,128,33679,48785,99383,well_visit,HC,EP,25,,,,1,260,123.94,29-07-2025,29-07-2025,28-08-2025,26-08-2025,"{""icd_10"": {""1"": ""Z00.129"", ""2"": ""Z71.3"", ""3"": ""Z71.82"", ""4"": ""Z68.51"", ""5"": ""E30.1""}, ""procedures"": {""1"": ""1"", ""2"": ""2"", ""3"": ""3"", ""4"": ""4""}, ""actual_procedures"": {""1"": ""Z00.129"", ""2"": ""Z71.3"", ""3"": ""Z71.82"", ""4"": ""Z68.51""}}","1: Z00.129 | 2: Z71.3
3: Z71.82 | 4: Z68.51",CO,45,45,,,,,45,,,,"HEALTH PLAN OF NEVADA, INC",mco_medicaid,PRIMARY,410,199.1,0.49,1861707069,6,78
166,1,5,297931,44899,90700,vaccine,HC,,,,,,1,50,29.8,14-07-2025,14-07-2025,28-08-2025,26-08-2025,"{""icd_10"": {""1"": ""Z00.129"", ""2"": ""Z23""}, ""procedures"": {""1"": ""2""}, ""actual_procedures"": {""1"": ""Z23""}}",1: Z23,CO,45,45,,,,,45,,,,"HEALTH PLAN OF NEVADA, INC",mco_medicaid,PRIMARY,1030,603.56,0.59,1861707069,0,3
166,2,130,297931,44899,90472,vaccine_administration,HC,,,,,,3,75,30.63,14-07-2025,14-07-2025,28-08-2025,26-08-2025,"{""icd_10"": {""1"": ""Z00.129"", ""2"": ""Z23""}, ""procedures"": {""1"": ""2""}, ""actual_procedures"": {""1"": ""Z23""}}",1: Z23,CO,45,45,,,,,45,,,,"HEALTH PLAN OF NEVADA, INC",mco_medicaid,PRIMARY,1030,603.56,0.59,1861707069,0,3
166,3,131,297931,44899,90648,vaccine,HC,,,,,,1,80,13.3,14-07-2025,14-07-2025,28-08-2025,26-08-2025,"{""icd_10"": {""1"": ""Z00.129"", ""2"": ""Z23""}, ""procedures"": {""1"": ""2""}, ""actual_procedures"": {""1"": ""Z23""}}",1: Z23,CO,45,45,,,,,45,,,,"HEALTH PLAN OF NEVADA, INC",mco_medicaid,PRIMARY,1030,603.56,0.59,1861707069,0,3
166,4,132,297931,44899,90460,vaccine_administration,HC,,,,,,5,125,80,14-07-2025,14-07-2025,28-08-2025,26-08-2025,"{""icd_10"": {""1"": ""Z00.129"", ""2"": ""Z23""}, ""procedures"": {""1"": ""2""}, ""actual_procedures"": {""1"": ""Z23""}}",1: Z23,CO,45,45,,,,,45,,,,"HEALTH PLAN OF NEVADA, INC",mco_medicaid,PRIMARY,1030,603.56,0.59,1861707069,0,3
166,5,133,297931,44899,90671,vaccine,HC,,,,,,1,300,233.66,14-07-2025,14-07-2025,28-08-2025,26-08-2025,"{""icd_10"": {""1"": ""Z00.129"", ""2"": ""Z23""}, ""procedures"": {""1"": ""2""}, ""actual_procedures"": {""1"": ""Z23""}}",1: Z23,CO,45,45,,,,,45,,,,"HEALTH PLAN OF NEVADA, INC",mco_medicaid,PRIMARY,1030,603.56,0.59,1861707069,0,3
166,6,134,297931,44899,90680,vaccine,HC,,,,,,1,150,100.67,14-07-2025,14-07-2025,28-08-2025,26-08-2025,"{""icd_10"": {""1"": ""Z00.129"", ""2"": ""Z23""}, ""procedures"": {""1"": ""2""}, ""actual_procedures"": {""1"": ""Z23""}}",1: Z23,CO,45,45,,,,,45,,,,"HEALTH PLAN OF NEVADA, INC",mco_medicaid,PRIMARY,1030,603.56,0.59,1861707069,0,3
166,7,135,297931,44899,90713,vaccine,HC,,,,,,1,50,45.5,14-07-2025,14-07-2025,28-08-2025,26-08-2025,"{""icd_10"": {""1"": ""Z00.129"", ""2"": ""Z23""}, ""procedures"": {""1"": ""2""}, ""actual_procedures"": {""1"": ""Z23""}}",1: Z23,CO,45,45,,,,,45,,,,"HEALTH PLAN OF NEVADA, INC",mco_medicaid,PRIMARY,1030,603.56,0.59,1861707069,0,3
166,8,136,297931,44899,99391,well_visit,HC,25,,,,,1,200,70,14-07-2025,14-07-2025,28-08-2025,26-08-2025,"{""icd_10"": {""1"": ""Z00.129"", ""2"": ""Z23""}, ""procedures"": {""1"": ""1""}, ""actual_procedures"": {""1"": ""Z00.129""}}",1: Z00.129,CO,45,45,,,,,45,,,,"HEALTH PLAN OF NEVADA, INC",mco_medicaid,PRIMARY,1030,603.56,0.59,1861707069,0,3
167,1,54,35644,50750,99213,sick_visit,HC,,,,,,1,150,75.16,27-06-2025,27-06-2025,28-08-2025,26-08-2025,"{""icd_10"": {""1"": ""B37.83"", ""2"": ""Z09""}, ""procedures"": {""1"": ""1"", ""2"": ""2""}, ""actual_procedures"": {""1"": ""B37.83"", ""2"": ""Z09""}}",1: B37.83 | 2: Z09,CO,45,45,,,,,45,,,,"HEALTH PLAN OF NEVADA, INC",mco_medicaid,PRIMARY,150,75.16,0.5,1861707069,0,2
168,1,59,36196,51302,90472,vaccine_administration,HC,,,,,,2,50,23.12,29-07-2025,29-07-2025,28-08-2025,26-08-2025,"{""icd_10"": {""1"": ""Z00.129"", ""2"": ""Z29.3"", ""3"": ""Z23"", ""4"": ""Z13.41""}, ""procedures"": {""1"": ""3""}, ""actual_procedures"": {""1"": ""Z23""}}",1: Z23,CO,45,45,,,,,45,,,,"HEALTH PLAN OF NEVADA, INC",mco_medicaid,PRIMARY,425.04,246.76,0.58,1861707069,2,25
168,2,139,36196,51302,90633,vaccine,HC,,,,,,0,0.01,0,29-07-2025,29-07-2025,28-08-2025,26-08-2025,"{""icd_10"": {""1"": ""Z00.129"", ""2"": ""Z29.3"", ""3"": ""Z23"", ""4"": ""Z13.41""}, ""procedures"": {""1"": ""3""}, ""actual_procedures"": {""1"": ""Z23""}}",1: Z23,CO,204,204,,,,,204,,,,"HEALTH PLAN OF NEVADA, INC",mco_medicaid,PRIMARY,425.04,246.76,0.58,1861707069,2,25
168,3,140,36196,51302,99188,procedure,HC,,,,,,1,40,12.92,29-07-2025,29-07-2025,28-08-2025,26-08-2025,"{""icd_10"": {""1"": ""Z00.129"", ""2"": ""Z29.3"", ""3"": ""Z23"", ""4"": ""Z13.41""}, ""procedures"": {""1"": ""2""}, ""actual_procedures"": {""1"": ""Z29.3""}}",1: Z29.3,CO,45,45,,,,,45,,,,"HEALTH PLAN OF NEVADA, INC",mco_medicaid,PRIMARY,425.04,246.76,0.58,1861707069,2,25
168,4,141,36196,51302,90460,vaccine_administration,HC,,,,,,4,100,93.32,29-07-2025,29-07-2025,28-08-2025,26-08-2025,"{""icd_10"": {""1"": ""Z00.129"", ""2"": ""Z29.3"", ""3"": ""Z23"", ""4"": ""Z13.41""}, ""procedures"": {""1"": ""3""}, ""actual_procedures"": {""1"": ""Z23""}}",1: Z23,CO,45,45,,,,,45,,,,"HEALTH PLAN OF NEVADA, INC",mco_medicaid,PRIMARY,425.04,246.76,0.58,1861707069,2,25
168,5,142,36196,51302,90716,vaccine,HC,,,,,,0,0.01,0,29-07-2025,29-07-2025,28-08-2025,26-08-2025,"{""icd_10"": {""1"": ""Z00.129"", ""2"": ""Z29.3"", ""3"": ""Z23"", ""4"": ""Z13.41""}, ""procedures"": {""1"": ""3""}, ""actual_procedures"": {""1"": ""Z23""}}",1: Z23,CO,204,204,,,,,204,,,,"HEALTH PLAN OF NEVADA, INC",mco_medicaid,PRIMARY,425.04,246.76,0.58,1861707069,2,25
168,6,143,36196,51302,90743,vaccine,HC,,,,,,0,0.01,0,29-07-2025,29-07-2025,28-08-2025,26-08-2025,"{""icd_10"": {""1"": ""Z00.129"", ""2"": ""Z29.3"", ""3"": ""Z23"", ""4"": ""Z13.41""}, ""procedures"": {""1"": ""3""}, ""actual_procedures"": {""1"": ""Z23""}}",1: Z23,CO,204,204,,,,,204,,,,"HEALTH PLAN OF NEVADA, INC",mco_medicaid,PRIMARY,425.04,246.76,0.58,1861707069,2,25
168,7,144,36196,51302,90707,vaccine,HC,,,,,,0,0.01,0,29-07-2025,29-07-2025,28-08-2025,26-08-2025,"{""icd_10"": {""1"": ""Z00.129"", ""2"": ""Z29.3"", ""3"": ""Z23"", ""4"": ""Z13.41""}, ""procedures"": {""1"": ""3""}, ""actual_procedures"": {""1"": ""Z23""}}",1: Z23,CO,204,204,,,,,204,,,,"HEALTH PLAN OF NEVADA, INC",mco_medicaid,PRIMARY,425.04,246.76,0.58,1861707069,2,25
168,8,145,36196,51302,96110,procedure,HC,,,,,,1,15,7.77,29-07-2025,29-07-2025,28-08-2025,26-08-2025,"{""icd_10"": {""1"": ""Z00.129"", ""2"": ""Z29.3"", ""3"": ""Z23"", ""4"": ""Z13.41""}, ""procedures"": {""1"": ""4""}, ""actual_procedures"": {""1"": ""Z13.41""}}",1: Z13.41,CO,45,45,,,,,45,,,,"HEALTH PLAN OF NEVADA, INC",mco_medicaid,PRIMARY,425.04,246.76,0.58,1861707069,2,25
168,9,146,36196,51302,99392,well_visit,HC,EP,25,,,,1,220,109.63,29-07-2025,29-07-2025,28-08-2025,26-08-2025,"{""icd_10"": {""1"": ""Z00.129"", ""2"": ""Z29.3"", ""3"": ""Z23"", ""4"": ""Z13.41""}, ""procedures"": {""1"": ""1""}, ""actual_procedures"": {""1"": ""Z00.129""}}",1: Z00.129,CO,45,45,,,,,45,,,,"HEALTH PLAN OF NEVADA, INC",mco_medicaid,PRIMARY,425.04,246.76,0.58,1861707069,2,25
169,1,8,29813,44919,85018,poc,HC,QW,,,,,0,3.24,0,16-07-2025,16-07-2025,28-08-2025,26-08-2025,"{""icd_10"": {""1"": ""Z00.129"", ""2"": ""Z13.0"", ""3"": ""L70.4""}, ""procedures"": {""1"": ""2""}, ""actual_procedures"": {""1"": ""Z13.0""}}",1: Z13.0,CO,252,252,,MA120,MA120,,252,,MA120,,"HEALTH PLAN OF NEVADA, INC",mco_medicaid,SECONDARY,213.22,0,0,1073015541,0,8
169,2,148,29813,44919,99391,well_visit,HC,25,,,,,1,200,0,16-07-2025,16-07-2025,28-08-2025,26-08-2025,"{""icd_10"": {""1"": ""Z00.129"", ""2"": ""Z13.0"", ""3"": ""L70.4""}, ""procedures"": {""1"": ""1"", ""2"": ""3""}, ""actual_procedures"": {""1"": ""Z00.129"", ""2"": ""L70.4""}}",1: Z00.129 | 2: L70.4,"CO,OA","45,22",45,22,,,,45,22,,,"HEALTH PLAN OF NEVADA, INC",mco_medicaid,SECONDARY,213.22,0,0,1073015541,0,8
169,3,149,29813,44919,36416,poc,HC,,,,,,1,9.98,0,16-07-2025,16-07-2025,28-08-2025,26-08-2025,"{""icd_10"": {""1"": ""Z00.129"", ""2"": ""Z13.0"", ""3"": ""L70.4""}, ""procedures"": {""1"": ""2""}, ""actual_procedures"": {""1"": ""Z13.0""}}",1: Z13.0,"CO,OA","45,22",45,22,,,,45,22,,,"HEALTH PLAN OF NEVADA, INC",mco_medicaid,SECONDARY,213.22,0,0,1073015541,0,8
170,1,12,1117,16223,99213,sick_visit,HC,,,,,,1,150,75.16,16-07-2025,16-07-2025,28-08-2025,26-08-2025,"{""icd_10"": {""1"": ""R62.51"", ""2"": ""K90.89""}, ""procedures"": {""1"": ""1"", ""2"": ""2""}, ""actual_procedures"": {""1"": ""R62.51"", ""2"": ""K90.89""}}",1: R62.51 | 2: K90.89,CO,45,45,,,,,45,,,,"HEALTH PLAN OF NEVADA, INC",mco_medicaid,PRIMARY,150,75.16,0.5,1861707069,3,37
171,1,15,11312,11953,99213,sick_visit,HC,25,,,,,1,150,75.16,16-07-2025,16-07-2025,28-08-2025,26-08-2025,"{""icd_10"": {""1"": ""Z00.129"", ""2"": ""Z71.3"", ""3"": ""Z71.82"", ""4"": ""D50.9"", ""5"": ""Z68.54""}, ""procedures"": {""1"": ""4""}, ""actual_procedures"": {""1"": ""D50.9""}}",1: D50.9,CO,45,45,,,,,45,,,,"HEALTH PLAN OF NEVADA, INC",mco_medicaid,PRIMARY,410,194.58,0.47,1861707069,13,164
171,2,152,11312,11953,99394,well_visit,HC,EP,25,,,,1,260,119.42,16-07-2025,16-07-2025,28-08-2025,26-08-2025,"{""icd_10"": {""1"": ""Z00.129"", ""2"": ""Z71.3"", ""3"": ""Z71.82"", ""4"": ""D50.9"", ""5"": ""Z68.54""}, ""procedures"": {""1"": ""1"", ""2"": ""2"", ""3"": ""3"", ""4"": ""5""}, ""actual_procedures"": {""1"": ""Z00.129"", ""2"": ""Z71.3"", ""3"": ""Z71.82"", ""4"": ""Z68.54""}}","1: Z00.129 | 2: Z71.3
3: Z71.82 | 4: Z68.54",CO,45,45,,,,,45,,,,"HEALTH PLAN OF NEVADA, INC",mco_medicaid,PRIMARY,410,194.58,0.47,1861707069,13,164
172,1,18,3559711,50703,90460,vaccine_administration,HC,,,,,,2,50,46.66,18-07-2025,18-07-2025,28-08-2025,26-08-2025,"{""icd_10"": {""1"": ""Z00.129"", ""2"": ""Z23""}, ""procedures"": {""1"": ""2""}, ""actual_procedures"": {""1"": ""Z23""}}",1: Z23,CO,45,45,,,,,45,,,,"HEALTH PLAN OF NEVADA, INC",mco_medicaid,PRIMARY,325,184.04,0.57,1861707069,0,10
172,2,154,3559711,50703,90697,vaccine_administration,HC,,,,,,0,0,0,18-07-2025,18-07-2025,28-08-2025,26-08-2025,"{""icd_10"": {""1"": ""Z00.129"", ""2"": ""Z23""}, ""procedures"": {""1"": ""2""}, ""actual_procedures"": {""1"": ""Z23""}}",1: Z23,,,,,,,,,,,,"HEALTH PLAN OF NEVADA, INC",mco_medicaid,PRIMARY,325,184.04,0.57,1861707069,0,10
172,3,155,3559711,50703,90472,vaccine_administration,HC,,,,,,3,75,34.68,18-07-2025,18-07-2025,28-08-2025,26-08-2025,"{""icd_10"": {""1"": ""Z00.129"", ""2"": ""Z23""}, ""procedures"": {""1"": ""2""}, ""actual_procedures"": {""1"": ""Z23""}}",1: Z23,CO,45,45,,,,,45,,,,"HEALTH PLAN OF NEVADA, INC",mco_medicaid,PRIMARY,325,184.04,0.57,1861707069,0,10
172,4,156,3559711,50703,90671,vaccine,HC,,,,,,0,0,0,18-07-2025,18-07-2025,28-08-2025,26-08-2025,"{""icd_10"": {""1"": ""Z00.129"", ""2"": ""Z23""}, ""procedures"": {""1"": ""2""}, ""actual_procedures"": {""1"": ""Z23""}}",1: Z23,,,,,,,,,,,,"HEALTH PLAN OF NEVADA, INC",mco_medicaid,PRIMARY,325,184.04,0.57,1861707069,0,10
172,5,157,3559711,50703,99391,well_visit,HC,EP,25,,,,1,200,102.7,18-07-2025,18-07-2025,28-08-2025,26-08-2025,"{""icd_10"": {""1"": ""Z00.129"", ""2"": ""Z23""}, ""procedures"": {""1"": ""1""}, ""actual_procedures"": {""1"": ""Z00.129""}}",1: Z00.129,CO,45,45,,,,,45,,,,"HEALTH PLAN OF NEVADA, INC",mco_medicaid,PRIMARY,325,184.04,0.57,1861707069,0,10
173,1,24,1477211,16583,87807,poc,HC,QW,,,,,1,25,8.59,16-07-2025,16-07-2025,28-08-2025,26-08-2025,"{""icd_10"": {""1"": ""J45.991"", ""2"": ""R06.2""}, ""procedures"": {""1"": ""1"", ""2"": ""2""}, ""actual_procedures"": {""1"": ""J45.991"", ""2"": ""R06.2""}}",1: J45.991 | 2: R06.2,CO,45,45,,,,,45,,,,"HEALTH PLAN OF NEVADA, INC",mco_medicaid,PRIMARY,253.24,102.74,0.41,1861707069,1,22
173,2,159,1477211,16583,99213,sick_visit,HC,25,,,,,1,150,75.16,16-07-2025,16-07-2025,28-08-2025,26-08-2025,"{""icd_10"": {""1"": ""J45.991"", ""2"": ""R06.2""}, ""procedures"": {""1"": ""1"", ""2"": ""2""}, ""actual_procedures"": {""1"": ""J45.991"", ""2"": ""R06.2""}}",1: J45.991 | 2: R06.2,CO,45,45,,,,,45,,,,"HEALTH PLAN OF NEVADA, INC",mco_medicaid,PRIMARY,253.24,102.74,0.41,1861707069,1,22
173,3,160,1477211,16583,J7613,respiratory,HC,,,,,,1,25,0.08,16-07-2025,16-07-2025,28-08-2025,26-08-2025,"{""icd_10"": {""1"": ""J45.991"", ""2"": ""R06.2""}, ""procedures"": {""1"": ""1"", ""2"": ""2""}, ""actual_procedures"": {""1"": ""J45.991"", ""2"": ""R06.2""}}",1: J45.991 | 2: R06.2,CO,45,45,,,,,45,,,,"HEALTH PLAN OF NEVADA, INC",mco_medicaid,PRIMARY,253.24,102.74,0.41,1861707069,1,22
173,4,161,1477211,16583,A7015,respiratory,HC,NU,,,,,1,3.24,1.7,16-07-2025,16-07-2025,28-08-2025,26-08-2025,"{""icd_10"": {""1"": ""J45.991"", ""2"": ""R06.2""}, ""procedures"": {""1"": ""1"", ""2"": ""2""}, ""actual_procedures"": {""1"": ""J45.991"", ""2"": ""R06.2""}}",1: J45.991 | 2: R06.2,CO,45,45,,,,,45,,,,"HEALTH PLAN OF NEVADA, INC",mco_medicaid,PRIMARY,253.24,102.74,0.41,1861707069,1,22
173,5,162,1477211,16583,94640,respiratory,HC,59,,,,,1,50,17.21,16-07-2025,16-07-2025,28-08-2025,26-08-2025,"{""icd_10"": {""1"": ""J45.991"", ""2"": ""R06.2""}, ""procedures"": {""1"": ""1"", ""2"": ""2""}, ""actual_procedures"": {""1"": ""J45.991"", ""2"": ""R06.2""}}",1: J45.991 | 2: R06.2,CO,45,45,,,,,45,,,,"HEALTH PLAN OF NEVADA, INC",mco_medicaid,PRIMARY,253.24,102.74,0.41,1861707069,1,22
174,1,25,17751,16881,99393,well_visit,HC,EP,,,,,1,230,109.25,16-07-2025,16-07-2025,28-08-2025,26-08-2025,"{""icd_10"": {""1"": ""Z00.129"", ""2"": ""Z71.3"", ""3"": ""Z71.82"", ""4"": ""Z68.52""}, ""procedures"": {""1"": ""1"", ""2"": ""2"", ""3"": ""3"", ""4"": ""4""}, ""actual_procedures"": {""1"": ""Z00.129"", ""2"": ""Z71.3"", ""3"": ""Z71.82"", ""4"": ""Z68.52""}}","1: Z00.129 | 2: Z71.3
3: Z71.82 | 4: Z68.52",CO,45,45,,,,,45,,,,"HEALTH PLAN OF NEVADA, INC",mco_medicaid,PRIMARY,230,109.25,0.48,1861707069,8,106
175,1,3,11534,26640,90461,vaccine,HC,,,,,,2,50,12.04,25-07-2025,25-07-2025,28-08-2025,26-08-2025,"{""icd_10"": {""1"": ""Z00.129"", ""2"": ""Z23"", ""3"": ""R19.7""}, ""procedures"": {""1"": ""2""}, ""actual_procedures"": {""1"": ""Z23""}}",1: Z23,CO,45,45,,,,,45,,,,"HEALTH PLAN OF NEVADA, INC",mco_medicaid,PRIMARY,887,482.81,0.54,1073015541,1,15
175,2,165,11534,26640,99392,well_visit,HC,25,,,,,1,220,70,25-07-2025,25-07-2025,28-08-2025,26-08-2025,"{""icd_10"": {""1"": ""Z00.129"", ""2"": ""Z23"", ""3"": ""R19.7""}, ""procedures"": {""1"": ""1""}, ""actual_procedures"": {""1"": ""Z00.129""}}",1: Z00.129,CO,45,45,,,,,45,,,,"HEALTH PLAN OF NEVADA, INC",mco_medicaid,PRIMARY,887,482.81,0.54,1073015541,1,15
175,3,166,11534,26640,90700,vaccine,HC,,,,,,1,50,29.8,25-07-2025,25-07-2025,28-08-2025,26-08-2025,"{""icd_10"": {""1"": ""Z00.129"", ""2"": ""Z23"", ""3"": ""R19.7""}, ""procedures"": {""1"": ""2""}, ""actual_procedures"": {""1"": ""Z23""}}",1: Z23,CO,45,45,,,,,45,,,,"HEALTH PLAN OF NEVADA, INC",mco_medicaid,PRIMARY,887,482.81,0.54,1073015541,1,15
175,4,167,11534,26640,90647,vaccine,HC,,,,,,1,42,31.06,25-07-2025,25-07-2025,28-08-2025,26-08-2025,"{""icd_10"": {""1"": ""Z00.129"", ""2"": ""Z23"", ""3"": ""R19.7""}, ""procedures"": {""1"": ""2""}, ""actual_procedures"": {""1"": ""Z23""}}",1: Z23,CO,45,45,,,,,45,,,,"HEALTH PLAN OF NEVADA, INC",mco_medicaid,PRIMARY,887,482.81,0.54,1073015541,1,15
175,5,168,11534,26640,99213,sick_visit,HC,25,,,,,1,150,58.25,25-07-2025,25-07-2025,28-08-2025,26-08-2025,"{""icd_10"": {""1"": ""Z00.129"", ""2"": ""Z23"", ""3"": ""R19.7""}, ""procedures"": {""1"": ""3""}, ""actual_procedures"": {""1"": ""R19.7""}}",1: R19.7,"CO,PR","45,3",45,3,,,,45,3,,,"HEALTH PLAN OF NEVADA, INC",mco_medicaid,PRIMARY,887,482.81,0.54,1073015541,1,15
175,6,169,11534,26640,90460,vaccine_administration,HC,,,,,,3,75,48,25-07-2025,25-07-2025,28-08-2025,26-08-2025,"{""icd_10"": {""1"": ""Z00.129"", ""2"": ""Z23"", ""3"": ""R19.7""}, ""procedures"": {""1"": ""2""}, ""actual_procedures"": {""1"": ""Z23""}}",1: Z23,CO,45,45,,,,,45,,,,"HEALTH PLAN OF NEVADA, INC",mco_medicaid,PRIMARY,887,482.81,0.54,1073015541,1,15
175,7,170,11534,26640,90671,vaccine,HC,,,,,,1,300,233.66,25-07-2025,25-07-2025,28-08-2025,26-08-2025,"{""icd_10"": {""1"": ""Z00.129"", ""2"": ""Z23"", ""3"": ""R19.7""}, ""procedures"": {""1"": ""2""}, ""actual_procedures"": {""1"": ""Z23""}}",1: Z23,CO,45,45,,,,,45,,,,"HEALTH PLAN OF NEVADA, INC",mco_medicaid,PRIMARY,887,482.81,0.54,1073015541,1,15
176,1,38,35880SDSC,50986,90713,vaccine,HC,,,,,,0,0.01,0,17-07-2025,17-07-2025,28-08-2025,26-08-2025,"{""icd_10"": {""1"": ""Z00.129"", ""2"": ""Z23"", ""3"": ""B37.83""}, ""procedures"": {""1"": ""2""}, ""actual_procedures"": {""1"": ""Z23""}}",1: Z23,CO,204,204,,,,,204,,,,"HEALTH PLAN OF NEVADA, INC",mco_medicaid,PRIMARY,525.05,317.63,0.6,1073015541,0,2
176,2,172,35880SDSC,50986,99391,well_visit,HC,EP,25,,,,1,200,102.7,17-07-2025,17-07-2025,28-08-2025,26-08-2025,"{""icd_10"": {""1"": ""Z00.129"", ""2"": ""Z23"", ""3"": ""B37.83""}, ""procedures"": {""1"": ""1""}, ""actual_procedures"": {""1"": ""Z00.129""}}",1: Z00.129,CO,45,45,,,,,45,,,,"HEALTH PLAN OF NEVADA, INC",mco_medicaid,PRIMARY,525.05,317.63,0.6,1073015541,0,2
176,3,173,35880SDSC,50986,90647,vaccine,HC,,,,,,0,0.01,0,17-07-2025,17-07-2025,28-08-2025,26-08-2025,"{""icd_10"": {""1"": ""Z00.129"", ""2"": ""Z23"", ""3"": ""B37.83""}, ""procedures"": {""1"": ""2""}, ""actual_procedures"": {""1"": ""Z23""}}",1: Z23,CO,204,204,,,,,204,,,,"HEALTH PLAN OF NEVADA, INC",mco_medicaid,PRIMARY,525.05,317.63,0.6,1073015541,0,2
176,4,174,35880SDSC,50986,90671,vaccine,HC,,,,,,0,0.01,0,17-07-2025,17-07-2025,28-08-2025,26-08-2025,"{""icd_10"": {""1"": ""Z00.129"", ""2"": ""Z23"", ""3"": ""B37.83""}, ""procedures"": {""1"": ""2""}, ""actual_procedures"": {""1"": ""Z23""}}",1: Z23,CO,204,204,,,,,204,,,,"HEALTH PLAN OF NEVADA, INC",mco_medicaid,PRIMARY,525.05,317.63,0.6,1073015541,0,2
176,5,175,35880SDSC,50986,90680,vaccine,HC,,,,,,0,0.01,0,17-07-2025,17-07-2025,28-08-2025,26-08-2025,"{""icd_10"": {""1"": ""Z00.129"", ""2"": ""Z23"", ""3"": ""B37.83""}, ""procedures"": {""1"": ""2""}, ""actual_procedures"": {""1"": ""Z23""}}",1: Z23,CO,204,204,,,,,204,,,,"HEALTH PLAN OF NEVADA, INC",mco_medicaid,PRIMARY,525.05,317.63,0.6,1073015541,0,2
176,6,176,35880SDSC,50986,90460,vaccine_administration,HC,,,,,,5,125,116.65,17-07-2025,17-07-2025,28-08-2025,26-08-2025,"{""icd_10"": {""1"": ""Z00.129"", ""2"": ""Z23"", ""3"": ""B37.83""}, ""procedures"": {""1"": ""2""}, ""actual_procedures"": {""1"": ""Z23""}}",1: Z23,CO,45,45,,,,,45,,,,"HEALTH PLAN OF NEVADA, INC",mco_medicaid,PRIMARY,525.05,317.63,0.6,1073015541,0,2
176,7,177,35880SDSC,50986,90472,vaccine_administration,HC,,,,,,2,50,23.12,17-07-2025,17-07-2025,28-08-2025,26-08-2025,"{""icd_10"": {""1"": ""Z00.129"", ""2"": ""Z23"", ""3"": ""B37.83""}, ""procedures"": {""1"": ""2""}, ""actual_procedures"": {""1"": ""Z23""}}",1: Z23,CO,45,45,,,,,45,,,,"HEALTH PLAN OF NEVADA, INC",mco_medicaid,PRIMARY,525.05,317.63,0.6,1073015541,0,2
176,8,178,35880SDSC,50986,99213,sick_visit,HC,25,,,,,1,150,75.16,17-07-2025,17-07-2025,28-08-2025,26-08-2025,"{""icd_10"": {""1"": ""Z00.129"", ""2"": ""Z23"", ""3"": ""B37.83""}, ""procedures"": {""1"": ""3""}, ""actual_procedures"": {""1"": ""B37.83""}}",1: B37.83,CO,45,45,,,,,45,,,,"HEALTH PLAN OF NEVADA, INC",mco_medicaid,PRIMARY,525.05,317.63,0.6,1073015541,0,2
176,9,179,35880SDSC,50986,90700,vaccine,HC,,,,,,0,0.01,0,17-07-2025,17-07-2025,28-08-2025,26-08-2025,"{""icd_10"": {""1"": ""Z00.129"", ""2"": ""Z23"", ""3"": ""B37.83""}, ""procedures"": {""1"": ""2""}, ""actual_procedures"": {""1"": ""Z23""}}",1: Z23,CO,204,204,,,,,204,,,,"HEALTH PLAN OF NEVADA, INC",mco_medicaid,PRIMARY,525.05,317.63,0.6,1073015541,0,2
177,1,41,23656,17471,85018,poc,HC,QW,,,,,1,3.24,1.7,17-07-2025,17-07-2025,28-08-2025,26-08-2025,"{""icd_10"": {""1"": ""Z00.129"", ""2"": ""Z29.3"", ""3"": ""Z13.0"", ""4"": ""N47.5""}, ""procedures"": {""1"": ""3""}, ""actual_procedures"": {""1"": ""Z13.0""}}",1: Z13.0,CO,45,45,,,,,45,,,,"HEALTH PLAN OF NEVADA, INC",mco_medicaid,PRIMARY,403.22,197.72,0.49,1073015541,0,9
177,2,181,23656,17471,99391,well_visit,HC,EP,25,,,,1,200,102.7,17-07-2025,17-07-2025,28-08-2025,26-08-2025,"{""icd_10"": {""1"": ""Z00.129"", ""2"": ""Z29.3"", ""3"": ""Z13.0"", ""4"": ""N47.5""}, ""procedures"": {""1"": ""1""}, ""actual_procedures"": {""1"": ""Z00.129""}}",1: Z00.129,CO,45,45,,,,,45,,,,"HEALTH PLAN OF NEVADA, INC",mco_medicaid,PRIMARY,403.22,197.72,0.49,1073015541,0,9
177,3,182,23656,17471,36416,poc,HC,,,,,,1,9.98,5.24,17-07-2025,17-07-2025,28-08-2025,26-08-2025,"{""icd_10"": {""1"": ""Z00.129"", ""2"": ""Z29.3"", ""3"": ""Z13.0"", ""4"": ""N47.5""}, ""procedures"": {""1"": ""3""}, ""actual_procedures"": {""1"": ""Z13.0""}}",1: Z13.0,CO,45,45,,,,,45,,,,"HEALTH PLAN OF NEVADA, INC",mco_medicaid,PRIMARY,403.22,197.72,0.49,1073015541,0,9
177,4,183,23656,17471,99213,sick_visit,HC,25,,,,,1,150,75.16,17-07-2025,17-07-2025,28-08-2025,26-08-2025,"{""icd_10"": {""1"": ""Z00.129"", ""2"": ""Z29.3"", ""3"": ""Z13.0"", ""4"": ""N47.5""}, ""procedures"": {""1"": ""4""}, ""actual_procedures"": {""1"": ""N47.5""}}",1: N47.5,CO,45,45,,,,,45,,,,"HEALTH PLAN OF NEVADA, INC",mco_medicaid,PRIMARY,403.22,197.72,0.49,1073015541,0,9
177,5,184,23656,17471,99188,procedure,HC,,,,,,1,40,12.92,17-07-2025,17-07-2025,28-08-2025,26-08-2025,"{""icd_10"": {""1"": ""Z00.129"", ""2"": ""Z29.3"", ""3"": ""Z13.0"", ""4"": ""N47.5""}, ""procedures"": {""1"": ""2""}, ""actual_procedures"": {""1"": ""Z29.3""}}",1: Z29.3,CO,45,45,,,,,45,,,,"HEALTH PLAN OF NEVADA, INC",mco_medicaid,PRIMARY,403.22,197.72,0.49,1073015541,0,9
178,1,51,33511,48617,90651,vaccine,HC,,,,,,0,0.01,0,29-07-2025,29-07-2025,28-08-2025,26-08-2025,"{""icd_10"": {""1"": ""Z00.129"", ""2"": ""Z71.3"", ""3"": ""Z71.82"", ""4"": ""Z68.53"", ""5"": ""Z13.31"", ""6"": ""Z23"", ""7"": ""Z82.49""}, ""procedures"": {""1"": ""6""}, ""actual_procedures"": {""1"": ""Z23""}}",1: Z23,CO,204,204,,,,,204,,,,"HEALTH PLAN OF NEVADA, INC",mco_medicaid,PRIMARY,530.03,282.58,0.53,1861707069,11,137
178,2,186,33511,48617,90460,vaccine_administration,HC,,,,,,3,75,69.99,29-07-2025,29-07-2025,28-08-2025,26-08-2025,"{""icd_10"": {""1"": ""Z00.129"", ""2"": ""Z71.3"", ""3"": ""Z71.82"", ""4"": ""Z68.53"", ""5"": ""Z13.31"", ""6"": ""Z23"", ""7"": ""Z82.49""}, ""procedures"": {""1"": ""6""}, ""actual_procedures"": {""1"": ""Z23""}}",1: Z23,CO,45,45,,,,,45,,,,"HEALTH PLAN OF NEVADA, INC",mco_medicaid,PRIMARY,530.03,282.58,0.53,1861707069,11,137
178,3,187,33511,48617,96127,procedure,HC,59,,,,,1,25,5.06,29-07-2025,29-07-2025,28-08-2025,26-08-2025,"{""icd_10"": {""1"": ""Z00.129"", ""2"": ""Z71.3"", ""3"": ""Z71.82"", ""4"": ""Z68.53"", ""5"": ""Z13.31"", ""6"": ""Z23"", ""7"": ""Z82.49""}, ""procedures"": {""1"": ""5""}, ""actual_procedures"": {""1"": ""Z13.31""}}",1: Z13.31,CO,45,45,,,,,45,,,,"HEALTH PLAN OF NEVADA, INC",mco_medicaid,PRIMARY,530.03,282.58,0.53,1861707069,11,137
178,4,188,33511,48617,99393,well_visit,HC,,,,,,1,230,109.25,29-07-2025,29-07-2025,28-08-2025,26-08-2025,"{""icd_10"": {""1"": ""Z00.129"", ""2"": ""Z71.3"", ""3"": ""Z71.82"", ""4"": ""Z68.53"", ""5"": ""Z13.31"", ""6"": ""Z23"", ""7"": ""Z82.49""}, ""procedures"": {""1"": ""1"", ""2"": ""2"", ""3"": ""3"", ""4"": ""4""}, ""actual_procedures"": {""1"": ""Z00.129"", ""2"": ""Z71.3"", ""3"": ""Z71.82"", ""4"": ""Z68.53""}}","1: Z00.129 | 2: Z71.3
3: Z71.82 | 4: Z68.53",CO,45,45,,,,,45,,,,"HEALTH PLAN OF NEVADA, INC",mco_medicaid,PRIMARY,530.03,282.58,0.53,1861707069,11,137
178,5,189,33511,48617,90472,vaccine_administration,HC,,,,,,2,50,23.12,29-07-2025,29-07-2025,28-08-2025,26-08-2025,"{""icd_10"": {""1"": ""Z00.129"", ""2"": ""Z71.3"", ""3"": ""Z71.82"", ""4"": ""Z68.53"", ""5"": ""Z13.31"", ""6"": ""Z23"", ""7"": ""Z82.49""}, ""procedures"": {""1"": ""6""}, ""actual_procedures"": {""1"": ""Z23""}}",1: Z23,CO,45,45,,,,,45,,,,"HEALTH PLAN OF NEVADA, INC",mco_medicaid,PRIMARY,530.03,282.58,0.53,1861707069,11,137
178,6,190,33511,48617,90619,vaccine,HC,,,,,,0,0.01,0,29-07-2025,29-07-2025,28-08-2025,26-08-2025,"{""icd_10"": {""1"": ""Z00.129"", ""2"": ""Z71.3"", ""3"": ""Z71.82"", ""4"": ""Z68.53"", ""5"": ""Z13.31"", ""6"": ""Z23"", ""7"": ""Z82.49""}, ""procedures"": {""1"": ""6""}, ""actual_procedures"": {""1"": ""Z23""}}",1: Z23,CO,204,204,,,,,204,,,,"HEALTH PLAN OF NEVADA, INC",mco_medicaid,PRIMARY,530.03,282.58,0.53,1861707069,11,137
178,7,191,33511,48617,90715,vaccine,HC,,,,,,0,0.01,0,29-07-2025,29-07-2025,28-08-2025,26-08-2025,"{""icd_10"": {""1"": ""Z00.129"", ""2"": ""Z71.3"", ""3"": ""Z71.82"", ""4"": ""Z68.53"", ""5"": ""Z13.31"", ""6"": ""Z23"", ""7"": ""Z82.49""}, ""procedures"": {""1"": ""6""}, ""actual_procedures"": {""1"": ""Z23""}}",1: Z23,CO,204,204,,,,,204,,,,"HEALTH PLAN OF NEVADA, INC",mco_medicaid,PRIMARY,530.03,282.58,0.53,1861707069,11,137
178,8,192,33511,48617,99213,sick_visit,HC,25,,,,,1,150,75.16,29-07-2025,29-07-2025,28-08-2025,26-08-2025,"{""icd_10"": {""1"": ""Z00.129"", ""2"": ""Z71.3"", ""3"": ""Z71.82"", ""4"": ""Z68.53"", ""5"": ""Z13.31"", ""6"": ""Z23"", ""7"": ""Z82.49""}, ""procedures"": {""1"": ""7""}, ""actual_procedures"": {""1"": ""Z82.49""}}",1: Z82.49,CO,45,45,,,,,45,,,,"HEALTH PLAN OF NEVADA, INC",mco_medicaid,PRIMARY,530.03,282.58,0.53,1861707069,11,137
179,1,52,20019,17125,90680,vaccine,HC,,,,,,0,0.01,0,24-07-2025,24-07-2025,28-08-2025,26-08-2025,"{""icd_10"": {""1"": ""Z00.129"", ""2"": ""Z23""}, ""procedures"": {""1"": ""2""}, ""actual_procedures"": {""1"": ""Z23""}}",1: Z23,CO,204,204,,,,,204,,,,"HEALTH PLAN OF NEVADA, INC",mco_medicaid,PRIMARY,430.06,277.26,0.64,1073015541,0,7
179,2,194,20019,17125,90460,vaccine_administration,HC,,,,,,6,150,139.98,24-07-2025,24-07-2025,28-08-2025,26-08-2025,"{""icd_10"": {""1"": ""Z00.129"", ""2"": ""Z23""}, ""procedures"": {""1"": ""2""}, ""actual_procedures"": {""1"": ""Z23""}}",1: Z23,CO,45,45,,,,,45,,,,"HEALTH PLAN OF NEVADA, INC",mco_medicaid,PRIMARY,430.06,277.26,0.64,1073015541,0,7
179,3,195,20019,17125,90647,vaccine,HC,,,,,,0,0.01,0,24-07-2025,24-07-2025,28-08-2025,26-08-2025,"{""icd_10"": {""1"": ""Z00.129"", ""2"": ""Z23""}, ""procedures"": {""1"": ""2""}, ""actual_procedures"": {""1"": ""Z23""}}",1: Z23,CO,204,204,,,,,204,,,,"HEALTH PLAN OF NEVADA, INC",mco_medicaid,PRIMARY,430.06,277.26,0.64,1073015541,0,7
179,4,196,20019,17125,90472,vaccine_administration,HC,,,,,,2,50,23.12,24-07-2025,24-07-2025,28-08-2025,26-08-2025,"{""icd_10"": {""1"": ""Z00.129"", ""2"": ""Z23""}, ""procedures"": {""1"": ""2""}, ""actual_procedures"": {""1"": ""Z23""}}",1: Z23,CO,45,45,,,,,45,,,,"HEALTH PLAN OF NEVADA, INC",mco_medicaid,PRIMARY,430.06,277.26,0.64,1073015541,0,7
179,5,197,20019,17125,90700,vaccine,HC,,,,,,0,0.01,0,24-07-2025,24-07-2025,28-08-2025,26-08-2025,"{""icd_10"": {""1"": ""Z00.129"", ""2"": ""Z23""}, ""procedures"": {""1"": ""2""}, ""actual_procedures"": {""1"": ""Z23""}}",1: Z23,CO,204,204,,,,,204,,,,"HEALTH PLAN OF NEVADA, INC",mco_medicaid,PRIMARY,430.06,277.26,0.64,1073015541,0,7
179,6,198,20019,17125,90671,vaccine,HC,,,,,,0,0.01,0,24-07-2025,24-07-2025,28-08-2025,26-08-2025,"{""icd_10"": {""1"": ""Z00.129"", ""2"": ""Z23""}, ""procedures"": {""1"": ""2""}, ""actual_procedures"": {""1"": ""Z23""}}",1: Z23,CO,204,204,,,,,204,,,,"HEALTH PLAN OF NEVADA, INC",mco_medicaid,PRIMARY,430.06,277.26,0.64,1073015541,0,7
179,7,199,20019,17125,90713,vaccine,HC,,,,,,0,0.01,0,24-07-2025,24-07-2025,28-08-2025,26-08-2025,"{""icd_10"": {""1"": ""Z00.129"", ""2"": ""Z23""}, ""procedures"": {""1"": ""2""}, ""actual_procedures"": {""1"": ""Z23""}}",1: Z23,CO,204,204,,,,,204,,,,"HEALTH PLAN OF NEVADA, INC",mco_medicaid,PRIMARY,430.06,277.26,0.64,1073015541,0,7
179,8,200,20019,17125,90743,vaccine,HC,,,,,,0,0.01,0,24-07-2025,24-07-2025,28-08-2025,26-08-2025,"{""icd_10"": {""1"": ""Z00.129"", ""2"": ""Z23""}, ""procedures"": {""1"": ""2""}, ""actual_procedures"": {""1"": ""Z23""}}",1: Z23,CO,204,204,,,,,204,,,,"HEALTH PLAN OF NEVADA, INC",mco_medicaid,PRIMARY,430.06,277.26,0.64,1073015541,0,7
179,9,201,20019,17125,99381,well_visit,HC,EP,25,,,,1,230,114.16,24-07-2025,24-07-2025,28-08-2025,26-08-2025,"{""icd_10"": {""1"": ""Z00.129"", ""2"": ""Z23""}, ""procedures"": {""1"": ""1""}, ""actual_procedures"": {""1"": ""Z00.129""}}",1: Z00.129,CO,45,45,,,,,45,,,,"HEALTH PLAN OF NEVADA, INC",mco_medicaid,PRIMARY,430.06,277.26,0.64,1073015541,0,7
180,1,57,33806,48912,99213,sick_visit,HC,,,,,,1,150,75.16,29-07-2025,29-07-2025,28-08-2025,26-08-2025,"{""icd_10"": {""1"": ""R10.84"", ""2"": ""R14.3""}, ""procedures"": {""1"": ""1"", ""2"": ""2""}, ""actual_procedures"": {""1"": ""R10.84"", ""2"": ""R14.3""}}",1: R10.84 | 2: R14.3,CO,45,45,,,,,45,,,,"HEALTH PLAN OF NEVADA, INC",mco_medicaid,PRIMARY,150,75.16,0.5,1861707069,4,49
181,1,1,2345885,17451,99213,sick_visit,HC,25,,,,,1,150,75.16,22-07-2025,22-07-2025,28-08-2025,26-08-2025,"{""icd_10"": {""1"": ""Z00.129"", ""2"": ""R21""}, ""procedures"": {""1"": ""2""}, ""actual_procedures"": {""1"": ""R21""}}",1: R21,CO,45,45,,,,,45,,,,"HEALTH PLAN OF NEVADA, INC",mco_medicaid,PRIMARY,350,177.86,0.51,1861707069,0,9
181,2,204,2345885,17451,99391,well_visit,HC,EP,25,,,,1,200,102.7,22-07-2025,22-07-2025,28-08-2025,26-08-2025,"{""icd_10"": {""1"": ""Z00.129"", ""2"": ""R21""}, ""procedures"": {""1"": ""1""}, ""actual_procedures"": {""1"": ""Z00.129""}}",1: Z00.129,CO,45,45,,,,,45,,,,"HEALTH PLAN OF NEVADA, INC",mco_medicaid,PRIMARY,350,177.86,0.51,1861707069,0,9
182,1,32,15721,16678,99188,procedure,HC,,,,,,1,40,12.92,16-07-2025,16-07-2025,28-08-2025,26-08-2025,"{""icd_10"": {""1"": ""Z00.129"", ""2"": ""Z71.3"", ""3"": ""Z29.3""}, ""procedures"": {""1"": ""3""}, ""actual_procedures"": {""1"": ""Z29.3""}}",1: Z29.3,CO,45,45,,,,,45,,,,"HEALTH PLAN OF NEVADA, INC",mco_medicaid,PRIMARY,260,122.55,0.47,1861707069,1,18
182,2,206,15721,16678,99392,well_visit,HC,EP,25,,,,1,220,109.63,16-07-2025,16-07-2025,28-08-2025,26-08-2025,"{""icd_10"": {""1"": ""Z00.129"", ""2"": ""Z71.3"", ""3"": ""Z29.3""}, ""procedures"": {""1"": ""1"", ""2"": ""2""}, ""actual_procedures"": {""1"": ""Z00.129"", ""2"": ""Z71.3""}}",1: Z00.129 | 2: Z71.3,CO,45,45,,,,,45,,,,"HEALTH PLAN OF NEVADA, INC",mco_medicaid,PRIMARY,260,122.55,0.47,1861707069,1,18
183,1,37,3559611,50702,90671,vaccine,HC,,,,,,0,0,0,18-07-2025,18-07-2025,28-08-2025,26-08-2025,"{""icd_10"": {""1"": ""Z00.129"", ""2"": ""Z23""}, ""procedures"": {""1"": ""2""}, ""actual_procedures"": {""1"": ""Z23""}}",1: Z23,,,,,,,,,,,,"HEALTH PLAN OF NEVADA, INC",mco_medicaid,PRIMARY,325,184.04,0.57,1861707069,0,10
183,2,208,3559611,50702,90697,vaccine_administration,HC,,,,,,0,0,0,18-07-2025,18-07-2025,28-08-2025,26-08-2025,"{""icd_10"": {""1"": ""Z00.129"", ""2"": ""Z23""}, ""procedures"": {""1"": ""2""}, ""actual_procedures"": {""1"": ""Z23""}}",1: Z23,,,,,,,,,,,,"HEALTH PLAN OF NEVADA, INC",mco_medicaid,PRIMARY,325,184.04,0.57,1861707069,0,10
183,3,209,3559611,50702,90472,vaccine_administration,HC,,,,,,3,75,34.68,18-07-2025,18-07-2025,28-08-2025,26-08-2025,"{""icd_10"": {""1"": ""Z00.129"", ""2"": ""Z23""}, ""procedures"": {""1"": ""2""}, ""actual_procedures"": {""1"": ""Z23""}}",1: Z23,CO,45,45,,,,,45,,,,"HEALTH PLAN OF NEVADA, INC",mco_medicaid,PRIMARY,325,184.04,0.57,1861707069,0,10
183,4,210,3559611,50702,99391,well_visit,HC,EP,25,,,,1,200,102.7,18-07-2025,18-07-2025,28-08-2025,26-08-2025,"{""icd_10"": {""1"": ""Z00.129"", ""2"": ""Z23""}, ""procedures"": {""1"": ""1""}, ""actual_procedures"": {""1"": ""Z00.129""}}",1: Z00.129,CO,45,45,,,,,45,,,,"HEALTH PLAN OF NEVADA, INC",mco_medicaid,PRIMARY,325,184.04,0.57,1861707069,0,10
183,5,211,3559611,50702,90460,vaccine_administration,HC,,,,,,2,50,46.66,18-07-2025,18-07-2025,28-08-2025,26-08-2025,"{""icd_10"": {""1"": ""Z00.129"", ""2"": ""Z23""}, ""procedures"": {""1"": ""2""}, ""actual_procedures"": {""1"": ""Z23""}}",1: Z23,CO,45,45,,,,,45,,,,"HEALTH PLAN OF NEVADA, INC",mco_medicaid,PRIMARY,325,184.04,0.57,1861707069,0,10
184,1,4,36153,51259,99381,well_visit,HC,,,,,,1,230,70,18-07-2025,18-07-2025,28-08-2025,26-08-2025,"{""icd_10"": {""1"": ""Z00.110""}, ""procedures"": {""1"": ""1""}, ""actual_procedures"": {""1"": ""Z00.110""}}",1: Z00.110,CO,45,45,,,,,45,,,,"HEALTH PLAN OF NEVADA, INC",mco_medicaid,PRIMARY,230,70,0.3,1073015541,0,0
185,1,42,21645,17270,99381,well_visit,HC,EP,25,,,,1,230,114.16,17-07-2025,17-07-2025,28-08-2025,26-08-2025,"{""icd_10"": {""1"": ""Z00.129"", ""2"": ""Z71.3"", ""3"": ""Z13.0"", ""4"": ""K00.7""}, ""procedures"": {""1"": ""1"", ""2"": ""2""}, ""actual_procedures"": {""1"": ""Z00.129"", ""2"": ""Z71.3""}}",1: Z00.129 | 2: Z71.3,CO,45,45,,,,,45,,,,"HEALTH PLAN OF NEVADA, INC",mco_medicaid,PRIMARY,393.22,158.68,0.4,1073015541,0,9
185,2,214,21645,17270,36416,poc,HC,,,,,,1,9.98,5.24,17-07-2025,17-07-2025,28-08-2025,26-08-2025,"{""icd_10"": {""1"": ""Z00.129"", ""2"": ""Z71.3"", ""3"": ""Z13.0"", ""4"": ""K00.7""}, ""procedures"": {""1"": ""3""}, ""actual_procedures"": {""1"": ""Z13.0""}}",1: Z13.0,CO,45,45,,,,,45,,,,"HEALTH PLAN OF NEVADA, INC",mco_medicaid,PRIMARY,393.22,158.68,0.4,1073015541,0,9
185,3,215,21645,17270,99213,sick_visit,HC,U6,25,,,,1,150,37.58,17-07-2025,17-07-2025,28-08-2025,26-08-2025,"{""icd_10"": {""1"": ""Z00.129"", ""2"": ""Z71.3"", ""3"": ""Z13.0"", ""4"": ""K00.7""}, ""procedures"": {""1"": ""4""}, ""actual_procedures"": {""1"": ""K00.7""}}",1: K00.7,CO,45,45,,,,,45,,,,"HEALTH PLAN OF NEVADA, INC",mco_medicaid,PRIMARY,393.22,158.68,0.4,1073015541,0,9
185,4,216,21645,17270,85018,poc,HC,QW,,,,,1,3.24,1.7,17-07-2025,17-07-2025,28-08-2025,26-08-2025,"{""icd_10"": {""1"": ""Z00.129"", ""2"": ""Z71.3"", ""3"": ""Z13.0"", ""4"": ""K00.7""}, ""procedures"": {""1"": ""3""}, ""actual_procedures"": {""1"": ""Z13.0""}}",1: Z13.0,CO,45,45,,,,,45,,,,"HEALTH PLAN OF NEVADA, INC",mco_medicaid,PRIMARY,393.22,158.68,0.4,1073015541,0,9
186,1,45,1854,10638,99394,well_visit,HC,EP,25,,,,1,260,119.42,16-07-2025,16-07-2025,28-08-2025,26-08-2025,"{""icd_10"": {""1"": ""Z00.129"", ""2"": ""Z30.02"", ""3"": ""Z71.3"", ""4"": ""Z71.82"", ""5"": ""Z91.018"", ""6"": ""Z23""}, ""procedures"": {""1"": ""1"", ""2"": ""3"", ""3"": ""4""}, ""actual_procedures"": {""1"": ""Z00.129"", ""2"": ""Z71.3"", ""3"": ""Z71.82""}}","1: Z00.129 | 2: Z71.3
3: Z71.82",CO,45,45,,,,,45,,,,"HEALTH PLAN OF NEVADA, INC",mco_medicaid,PRIMARY,505.16,254.74,0.5,1861707069,17,215
186,2,218,1854,10638,99401,Counseling - Preventive Counseling,HC,FP,,,,,1,70.16,36.83,16-07-2025,16-07-2025,28-08-2025,26-08-2025,"{""icd_10"": {""1"": ""Z00.129"", ""2"": ""Z30.02"", ""3"": ""Z71.3"", ""4"": ""Z71.82"", ""5"": ""Z91.018"", ""6"": ""Z23""}, ""procedures"": {""1"": ""2""}, ""actual_procedures"": {""1"": ""Z30.02""}}",1: Z30.02,CO,45,45,,,,,45,,,,"HEALTH PLAN OF NEVADA, INC",mco_medicaid,PRIMARY,505.16,254.74,0.5,1861707069,17,215
186,3,219,1854,10638,90621,vaccine,HC,,,,,,0,0,0,16-07-2025,16-07-2025,28-08-2025,26-08-2025,"{""icd_10"": {""1"": ""Z00.129"", ""2"": ""Z30.02"", ""3"": ""Z71.3"", ""4"": ""Z71.82"", ""5"": ""Z91.018"", ""6"": ""Z23""}, ""procedures"": {""1"": ""6""}, ""actual_procedures"": {""1"": ""Z23""}}",1: Z23,,,,,,,,,,,,"HEALTH PLAN OF NEVADA, INC",mco_medicaid,PRIMARY,505.16,254.74,0.5,1861707069,17,215
186,4,220,1854,10638,99213,sick_visit,HC,25,,,,,1,150,75.16,16-07-2025,16-07-2025,28-08-2025,26-08-2025,"{""icd_10"": {""1"": ""Z00.129"", ""2"": ""Z30.02"", ""3"": ""Z71.3"", ""4"": ""Z71.82"", ""5"": ""Z91.018"", ""6"": ""Z23""}, ""procedures"": {""1"": ""4""}, ""actual_procedures"": {""1"": ""Z71.82""}}",1: Z71.82,CO,45,45,,,,,45,,,,"HEALTH PLAN OF NEVADA, INC",mco_medicaid,PRIMARY,505.16,254.74,0.5,1861707069,17,215
186,5,221,1854,10638,90460,vaccine_administration,HC,,,,,,1,25,23.33,16-07-2025,16-07-2025,28-08-2025,26-08-2025,"{""icd_10"": {""1"": ""Z00.129"", ""2"": ""Z30.02"", ""3"": ""Z71.3"", ""4"": ""Z71.82"", ""5"": ""Z91.018"", ""6"": ""Z23""}, ""procedures"": {""1"": ""6""}, ""actual_procedures"": {""1"": ""Z23""}}",1: Z23,CO,45,45,,,,,45,,,,"HEALTH PLAN OF NEVADA, INC",mco_medicaid,PRIMARY,505.16,254.74,0.5,1861707069,17,215
187,1,48,33551,48657,99393,well_visit,HC,EP,25,,,,1,230,109.25,29-07-2025,29-07-2025,28-08-2025,26-08-2025,"{""icd_10"": {""1"": ""Z00.129"", ""2"": ""Z71.3"", ""3"": ""Z71.82"", ""4"": ""Z68.52"", ""5"": ""N47.8""}, ""procedures"": {""1"": ""1"", ""2"": ""2"", ""3"": ""3"", ""4"": ""4""}, ""actual_procedures"": {""1"": ""Z00.129"", ""2"": ""Z71.3"", ""3"": ""Z71.82"", ""4"": ""Z68.52""}}","1: Z00.129 | 2: Z71.3
3: Z71.82 | 4: Z68.52",CO,45,45,,,,,45,,,,"HEALTH PLAN OF NEVADA, INC",mco_medicaid,PRIMARY,380,184.41,0.49,1861707069,9,117
187,2,223,33551,48657,99213,sick_visit,HC,25,,,,,1,150,75.16,29-07-2025,29-07-2025,28-08-2025,26-08-2025,"{""icd_10"": {""1"": ""Z00.129"", ""2"": ""Z71.3"", ""3"": ""Z71.82"", ""4"": ""Z68.52"", ""5"": ""N47.8""}, ""procedures"": {""1"": ""5""}, ""actual_procedures"": {""1"": ""N47.8""}}",1: N47.8,CO,45,45,,,,,45,,,,"HEALTH PLAN OF NEVADA, INC",mco_medicaid,PRIMARY,380,184.41,0.49,1861707069,9,117
188,1,55,12893,1795,99393,well_visit,HC,EP,25,,,,1,230,109.25,27-06-2025,27-06-2025,28-08-2025,26-08-2025,"{""icd_10"": {""1"": ""Z00.129"", ""2"": ""Z71.3"", ""3"": ""Z71.82"", ""4"": ""Z68.53"", ""5"": ""Z29.3""}, ""procedures"": {""1"": ""1"", ""2"": ""2"", ""3"": ""3"", ""4"": ""4""}, ""actual_procedures"": {""1"": ""Z00.129"", ""2"": ""Z71.3"", ""3"": ""Z71.82"", ""4"": ""Z68.53""}}","1: Z00.129 | 2: Z71.3
3: Z71.82 | 4: Z68.53",CO,45,45,,,,,45,,,,"HEALTH PLAN OF NEVADA, INC",mco_medicaid,PRIMARY,270,122.17,0.45,1861707069,8,96
188,2,225,12893,1795,99188,procedure,HC,,,,,,1,40,12.92,27-06-2025,27-06-2025,28-08-2025,26-08-2025,"{""icd_10"": {""1"": ""Z00.129"", ""2"": ""Z71.3"", ""3"": ""Z71.82"", ""4"": ""Z68.53"", ""5"": ""Z29.3""}, ""procedures"": {""1"": ""5""}, ""actual_procedures"": {""1"": ""Z29.3""}}",1: Z29.3,CO,45,45,,,,,45,,,,"HEALTH PLAN OF NEVADA, INC",mco_medicaid,PRIMARY,270,122.17,0.45,1861707069,8,96
189,1,7,35685,50791,99213,sick_visit,HC,25,,,,,1,150,48.25,25-07-2025,25-07-2025,28-08-2025,26-08-2025,"{""icd_10"": {""1"": ""R05.9"", ""2"": ""J15.9"", ""3"": ""Z09""}, ""procedures"": {""1"": ""1"", ""2"": ""2"", ""3"": ""3""}, ""actual_procedures"": {""1"": ""R05.9"", ""2"": ""J15.9"", ""3"": ""Z09""}}","1: R05.9 | 2: J15.9
3: Z09","CO,PR","45,3",45,3,,,,45,3,,,"HEALTH PLAN OF NEVADA, INC",mco_medicaid,PRIMARY,165,50.08,0.3,1073015541,2,34
189,2,227,35685,50791,94760,respiratory,HC,59,,,,,1,15,1.83,25-07-2025,25-07-2025,28-08-2025,26-08-2025,"{""icd_10"": {""1"": ""R05.9"", ""2"": ""J15.9"", ""3"": ""Z09""}, ""procedures"": {""1"": ""1"", ""2"": ""2"", ""3"": ""3""}, ""actual_procedures"": {""1"": ""R05.9"", ""2"": ""J15.9"", ""3"": ""Z09""}}","1: R05.9 | 2: J15.9
3: Z09",CO,45,45,,,,,45,,,,"HEALTH PLAN OF NEVADA, INC",mco_medicaid,PRIMARY,165,50.08,0.3,1073015541,2,34
190,1,26,33717,48823,99213,sick_visit,HC,,,,,,1,150,75.16,14-07-2025,14-07-2025,28-08-2025,26-08-2025,"{""icd_10"": {""1"": ""B35.5""}, ""procedures"": {""1"": ""1""}, ""actual_procedures"": {""1"": ""B35.5""}}",1: B35.5,CO,45,45,,,,,45,,,,"HEALTH PLAN OF NEVADA, INC",mco_medicaid,PRIMARY,150,75.16,0.5,1861707069,5,68
191,1,27,29768,44874,90460,vaccine_administration,HC,,,,,,3,75,69.99,16-07-2025,16-07-2025,28-08-2025,26-08-2025,"{""icd_10"": {""1"": ""Z00.129"", ""2"": ""Z71.3"", ""3"": ""R62.50"", ""4"": ""M62.81"", ""5"": ""Z23"", ""6"": ""Z29.3""}, ""procedures"": {""1"": ""5""}, ""actual_procedures"": {""1"": ""Z23""}}",1: Z23,CO,45,45,,,,,45,,,,"HEALTH PLAN OF NEVADA, INC",mco_medicaid,PRIMARY,560,302.38,0.54,1861707069,1,12
191,2,230,29768,44874,99213,sick_visit,HC,25,,,,,1,150,75.16,16-07-2025,16-07-2025,28-08-2025,26-08-2025,"{""icd_10"": {""1"": ""Z00.129"", ""2"": ""Z71.3"", ""3"": ""R62.50"", ""4"": ""M62.81"", ""5"": ""Z23"", ""6"": ""Z29.3""}, ""procedures"": {""1"": ""3"", ""2"": ""4""}, ""actual_procedures"": {""1"": ""R62.50"", ""2"": ""M62.81""}}",1: R62.50 | 2: M62.81,CO,45,45,,,,,45,,,,"HEALTH PLAN OF NEVADA, INC",mco_medicaid,PRIMARY,560,302.38,0.54,1861707069,1,12
191,3,231,29768,44874,99392,well_visit,HC,EP,25,,,,1,220,109.63,16-07-2025,16-07-2025,28-08-2025,26-08-2025,"{""icd_10"": {""1"": ""Z00.129"", ""2"": ""Z71.3"", ""3"": ""R62.50"", ""4"": ""M62.81"", ""5"": ""Z23"", ""6"": ""Z29.3""}, ""procedures"": {""1"": ""1"", ""2"": ""2""}, ""actual_procedures"": {""1"": ""Z00.129"", ""2"": ""Z71.3""}}",1: Z00.129 | 2: Z71.3,CO,45,45,,,,,45,,,,"HEALTH PLAN OF NEVADA, INC",mco_medicaid,PRIMARY,560,302.38,0.54,1861707069,1,12
191,4,232,29768,44874,90633,vaccine,HC,,,,,,0,0,0,16-07-2025,16-07-2025,28-08-2025,26-08-2025,"{""icd_10"": {""1"": ""Z00.129"", ""2"": ""Z71.3"", ""3"": ""R62.50"", ""4"": ""M62.81"", ""5"": ""Z23"", ""6"": ""Z29.3""}, ""procedures"": {""1"": ""5""}, ""actual_procedures"": {""1"": ""Z23""}}",1: Z23,,,,,,,,,,,,"HEALTH PLAN OF NEVADA, INC",mco_medicaid,PRIMARY,560,302.38,0.54,1861707069,1,12
191,5,233,29768,44874,90472,vaccine_administration,HC,,,,,,3,75,34.68,16-07-2025,16-07-2025,28-08-2025,26-08-2025,"{""icd_10"": {""1"": ""Z00.129"", ""2"": ""Z71.3"", ""3"": ""R62.50"", ""4"": ""M62.81"", ""5"": ""Z23"", ""6"": ""Z29.3""}, ""procedures"": {""1"": ""5""}, ""actual_procedures"": {""1"": ""Z23""}}",1: Z23,CO,45,45,,,,,45,,,,"HEALTH PLAN OF NEVADA, INC",mco_medicaid,PRIMARY,560,302.38,0.54,1861707069,1,12
191,6,234,29768,44874,90716,vaccine,HC,,,,,,0,0,0,16-07-2025,16-07-2025,28-08-2025,26-08-2025,"{""icd_10"": {""1"": ""Z00.129"", ""2"": ""Z71.3"", ""3"": ""R62.50"", ""4"": ""M62.81"", ""5"": ""Z23"", ""6"": ""Z29.3""}, ""procedures"": {""1"": ""5""}, ""actual_procedures"": {""1"": ""Z23""}}",1: Z23,,,,,,,,,,,,"HEALTH PLAN OF NEVADA, INC",mco_medicaid,PRIMARY,560,302.38,0.54,1861707069,1,12
191,7,235,29768,44874,99188,procedure,HC,,,,,,1,40,12.92,16-07-2025,16-07-2025,28-08-2025,26-08-2025,"{""icd_10"": {""1"": ""Z00.129"", ""2"": ""Z71.3"", ""3"": ""R62.50"", ""4"": ""M62.81"", ""5"": ""Z23"", ""6"": ""Z29.3""}, ""procedures"": {""1"": ""6""}, ""actual_procedures"": {""1"": ""Z29.3""}}",1: Z29.3,CO,45,45,,,,,45,,,,"HEALTH PLAN OF NEVADA, INC",mco_medicaid,PRIMARY,560,302.38,0.54,1861707069,1,12
192,1,30,33485,48591,99383,well_visit,HC,EP,25,,,,1,260,123.94,21-07-2025,21-07-2025,28-08-2025,26-08-2025,"{""icd_10"": {""1"": ""Z00.129"", ""2"": ""Z71.3"", ""3"": ""Z71.82"", ""4"": ""Z68.54"", ""5"": ""Z29.3"", ""6"": ""Z23"", ""7"": ""M65.312""}, ""procedures"": {""1"": ""1"", ""2"": ""2"", ""3"": ""3"", ""4"": ""4""}, ""actual_procedures"": {""1"": ""Z00.129"", ""2"": ""Z71.3"", ""3"": ""Z71.82"", ""4"": ""Z68.54""}}","1: Z00.129 | 2: Z71.3
3: Z71.82 | 4: Z68.54",CO,45,45,,,,,45,,,,"HEALTH PLAN OF NEVADA, INC",mco_medicaid,PRIMARY,620.03,329.74,0.53,1073015541,11,133
192,2,237,33485,48591,90651,vaccine,HC,,,,,,0,0.01,0,21-07-2025,21-07-2025,28-08-2025,26-08-2025,"{""icd_10"": {""1"": ""Z00.129"", ""2"": ""Z71.3"", ""3"": ""Z71.82"", ""4"": ""Z68.54"", ""5"": ""Z29.3"", ""6"": ""Z23"", ""7"": ""M65.312""}, ""procedures"": {""1"": ""6""}, ""actual_procedures"": {""1"": ""Z23""}}",1: Z23,CO,204,204,,,,,204,,,,"HEALTH PLAN OF NEVADA, INC",mco_medicaid,PRIMARY,620.03,329.74,0.53,1073015541,11,133
192,3,238,33485,48591,90460,vaccine_administration,HC,,,,,,3,75,69.99,21-07-2025,21-07-2025,28-08-2025,26-08-2025,"{""icd_10"": {""1"": ""Z00.129"", ""2"": ""Z71.3"", ""3"": ""Z71.82"", ""4"": ""Z68.54"", ""5"": ""Z29.3"", ""6"": ""Z23"", ""7"": ""M65.312""}, ""procedures"": {""1"": ""6""}, ""actual_procedures"": {""1"": ""Z23""}}",1: Z23,CO,45,45,,,,,45,,,,"HEALTH PLAN OF NEVADA, INC",mco_medicaid,PRIMARY,620.03,329.74,0.53,1073015541,11,133
192,4,239,33485,48591,90472,vaccine_administration,HC,,,,,,2,50,23.12,21-07-2025,21-07-2025,28-08-2025,26-08-2025,"{""icd_10"": {""1"": ""Z00.129"", ""2"": ""Z71.3"", ""3"": ""Z71.82"", ""4"": ""Z68.54"", ""5"": ""Z29.3"", ""6"": ""Z23"", ""7"": ""M65.312""}, ""procedures"": {""1"": ""6""}, ""actual_procedures"": {""1"": ""Z23""}}",1: Z23,CO,45,45,,,,,45,,,,"HEALTH PLAN OF NEVADA, INC",mco_medicaid,PRIMARY,620.03,329.74,0.53,1073015541,11,133
192,5,240,33485,48591,90715,vaccine,HC,,,,,,0,0.01,0,21-07-2025,21-07-2025,28-08-2025,26-08-2025,"{""icd_10"": {""1"": ""Z00.129"", ""2"": ""Z71.3"", ""3"": ""Z71.82"", ""4"": ""Z68.54"", ""5"": ""Z29.3"", ""6"": ""Z23"", ""7"": ""M65.312""}, ""procedures"": {""1"": ""6""}, ""actual_procedures"": {""1"": ""Z23""}}",1: Z23,CO,204,204,,,,,204,,,,"HEALTH PLAN OF NEVADA, INC",mco_medicaid,PRIMARY,620.03,329.74,0.53,1073015541,11,133
192,6,241,33485,48591,90621,vaccine,HC,,,,,,0,0.01,0,21-07-2025,21-07-2025,28-08-2025,26-08-2025,"{""icd_10"": {""1"": ""Z00.129"", ""2"": ""Z71.3"", ""3"": ""Z71.82"", ""4"": ""Z68.54"", ""5"": ""Z29.3"", ""6"": ""Z23"", ""7"": ""M65.312""}, ""procedures"": {""1"": ""6""}, ""actual_procedures"": {""1"": ""Z23""}}",1: Z23,CO,204,204,,,,,204,,,,"HEALTH PLAN OF NEVADA, INC",mco_medicaid,PRIMARY,620.03,329.74,0.53,1073015541,11,133
192,7,242,33485,48591,G0447,Counseling - Preventive Counseling,HC,59,,,,,1,45,24.61,21-07-2025,21-07-2025,28-08-2025,26-08-2025,"{""icd_10"": {""1"": ""Z00.129"", ""2"": ""Z71.3"", ""3"": ""Z71.82"", ""4"": ""Z68.54"", ""5"": ""Z29.3"", ""6"": ""Z23"", ""7"": ""M65.312""}, ""procedures"": {""1"": ""4""}, ""actual_procedures"": {""1"": ""Z68.54""}}",1: Z68.54,CO,45,45,,,,,45,,,,"HEALTH PLAN OF NEVADA, INC",mco_medicaid,PRIMARY,620.03,329.74,0.53,1073015541,11,133
192,8,243,33485,48591,99213,sick_visit,HC,25,,,,,1,150,75.16,21-07-2025,21-07-2025,28-08-2025,26-08-2025,"{""icd_10"": {""1"": ""Z00.129"", ""2"": ""Z71.3"", ""3"": ""Z71.82"", ""4"": ""Z68.54"", ""5"": ""Z29.3"", ""6"": ""Z23"", ""7"": ""M65.312""}, ""procedures"": {""1"": ""7""}, ""actual_procedures"": {""1"": ""M65.312""}}",1: M65.312,CO,45,45,,,,,45,,,,"HEALTH PLAN OF NEVADA, INC",mco_medicaid,PRIMARY,620.03,329.74,0.53,1073015541,11,133
192,9,244,33485,48591,99188,procedure,HC,,,,,,1,40,12.92,21-07-2025,21-07-2025,28-08-2025,26-08-2025,"{""icd_10"": {""1"": ""Z00.129"", ""2"": ""Z71.3"", ""3"": ""Z71.82"", ""4"": ""Z68.54"", ""5"": ""Z29.3"", ""6"": ""Z23"", ""7"": ""M65.312""}, ""procedures"": {""1"": ""5""}, ""actual_procedures"": {""1"": ""Z29.3""}}",1: Z29.3,CO,45,45,,,,,45,,,,"HEALTH PLAN OF NEVADA, INC",mco_medicaid,PRIMARY,620.03,329.74,0.53,1073015541,11,133
193,1,61,36193,51299,99213,sick_visit,HC,,,,,,1,150,53.25,29-07-2025,29-07-2025,28-08-2025,26-08-2025,"{""icd_10"": {""1"": ""K08.9"", ""2"": ""R01.1"", ""3"": ""Z01.818""}, ""procedures"": {""1"": ""1"", ""2"": ""2"", ""3"": ""3""}, ""actual_procedures"": {""1"": ""K08.9"", ""2"": ""R01.1"", ""3"": ""Z01.818""}}","1: K08.9 | 2: R01.1
3: Z01.818","CO,PR","45,3",45,3,,,,45,3,,,"HEALTH PLAN OF NEVADA, INC",mco_medicaid,PRIMARY,150,53.25,0.36,1861707069,7,90
194,1,1,22400,17346,99213,sick_visit,HC,25,,,,,1,150,0,18-04-2025,18-04-2025,02-09-2025,28-08-2025,"{""icd_10"": {""1"": ""Z00.129"", ""2"": ""R05.9"", ""3"": ""J30.9"", ""4"": ""T78.40XA""}, ""procedures"": {""1"": ""2"", ""2"": ""3""}, ""actual_procedures"": {""1"": ""R05.9"", ""2"": ""J30.9""}}",1: R05.9 | 2: J30.9,"CO,PR","45,3",45,3,,,,45,3,,,SIERRA HEALTH AND LIFE INS CO,private,PRIMARY,1212.32,50.11,0.04,1699037499,9,110
194,2,2,22400,17346,95004,diagnostic,HC,59,,,,,0,832.32,0,18-04-2025,18-04-2025,02-09-2025,28-08-2025,"{""icd_10"": {""1"": ""Z00.129"", ""2"": ""R05.9"", ""3"": ""J30.9"", ""4"": ""T78.40XA""}, ""procedures"": {""1"": ""4""}, ""actual_procedures"": {""1"": ""T78.40XA""}}",1: T78.40XA,CO,185,185,,,,,185,,,,SIERRA HEALTH AND LIFE INS CO,private,PRIMARY,1212.32,50.11,0.04,1699037499,9,110
194,3,3,22400,17346,99393,well_visit,HC,25,,,,,1,230,50.11,18-04-2025,18-04-2025,02-09-2025,28-08-2025,"{""icd_10"": {""1"": ""Z00.129"", ""2"": ""R05.9"", ""3"": ""J30.9"", ""4"": ""T78.40XA""}, ""procedures"": {""1"": ""1""}, ""actual_procedures"": {""1"": ""Z00.129""}}",1: Z00.129,CO,45,45,,,,,45,,,,SIERRA HEALTH AND LIFE INS CO,private,PRIMARY,1212.32,50.11,0.04,1699037499,9,110
195,1,2,12844,9443,94760,respiratory,HC,59,,,,,1,15,3.05,24-07-2025,24-07-2025,02-09-2025,28-08-2025,"{""icd_10"": {""1"": ""R09.81"", ""2"": ""R05.1"", ""3"": ""J02.9""}, ""procedures"": {""1"": ""1"", ""2"": ""2"", ""3"": ""3""}, ""actual_procedures"": {""1"": ""R09.81"", ""2"": ""R05.1"", ""3"": ""J02.9""}}","1: R09.81 | 2: R05.1
3: J02.9",CO,45,45,,,,,45,,,,"HEALTH PLAN OF NEVADA, INC",mco_medicaid,PRIMARY,330,125.7,0.38,1861707069,18,220
195,2,2,12844,9443,87811,poc,HC,QW,,,,,1,90,21.72,24-07-2025,24-07-2025,02-09-2025,28-08-2025,"{""icd_10"": {""1"": ""R09.81"", ""2"": ""R05.1"", ""3"": ""J02.9""}, ""procedures"": {""1"": ""1"", ""2"": ""2"", ""3"": ""3""}, ""actual_procedures"": {""1"": ""R09.81"", ""2"": ""R05.1"", ""3"": ""J02.9""}}","1: R09.81 | 2: R05.1
3: J02.9",CO,45,45,,,,,45,,,,"HEALTH PLAN OF NEVADA, INC",mco_medicaid,PRIMARY,330,125.7,0.38,1861707069,18,220
195,3,3,12844,9443,87880,poc,HC,QW,,,,,1,25,8.59,24-07-2025,24-07-2025,02-09-2025,28-08-2025,"{""icd_10"": {""1"": ""R09.81"", ""2"": ""R05.1"", ""3"": ""J02.9""}, ""procedures"": {""1"": ""1"", ""2"": ""2"", ""3"": ""3""}, ""actual_procedures"": {""1"": ""R09.81"", ""2"": ""R05.1"", ""3"": ""J02.9""}}","1: R09.81 | 2: R05.1
3: J02.9",CO,45,45,,,,,45,,,,"HEALTH PLAN OF NEVADA, INC",mco_medicaid,PRIMARY,330,125.7,0.38,1861707069,18,220
195,4,4,12844,9443,99213,sick_visit,HC,25,,,,,1,150,75.16,24-07-2025,24-07-2025,02-09-2025,28-08-2025,"{""icd_10"": {""1"": ""R09.81"", ""2"": ""R05.1"", ""3"": ""J02.9""}, ""procedures"": {""1"": ""1"", ""2"": ""2"", ""3"": ""3""}, ""actual_procedures"": {""1"": ""R09.81"", ""2"": ""R05.1"", ""3"": ""J02.9""}}","1: R09.81 | 2: R05.1
3: J02.9",CO,45,45,,,,,45,,,,"HEALTH PLAN OF NEVADA, INC",mco_medicaid,PRIMARY,330,125.7,0.38,1861707069,18,220
195,5,5,12844,9443,87804,poc,HC,QW,,,,,2,50,17.18,24-07-2025,24-07-2025,02-09-2025,28-08-2025,"{""icd_10"": {""1"": ""R09.81"", ""2"": ""R05.1"", ""3"": ""J02.9""}, ""procedures"": {""1"": ""1"", ""2"": ""2"", ""3"": ""3""}, ""actual_procedures"": {""1"": ""R09.81"", ""2"": ""R05.1"", ""3"": ""J02.9""}}","1: R09.81 | 2: R05.1
3: J02.9",CO,45,45,,,,,45,,,,"HEALTH PLAN OF NEVADA, INC",mco_medicaid,PRIMARY,330,125.7,0.38,1861707069,18,220
196,1,5,35882,50988,90698,vaccine_administration,HC,,,,,,1,150,121.82,11-07-2025,11-07-2025,02-09-2025,28-08-2025,"{""icd_10"": {""1"": ""Z00.129"", ""2"": ""Z23""}, ""procedures"": {""1"": ""2""}, ""actual_procedures"": {""1"": ""Z23""}}",1: Z23,CO,45,45,,,,,45,,,,"HEALTH PLAN OF NEVADA, INC",mco_medicaid,PRIMARY,1050,646.23,0.62,1861707069,0,2
196,2,7,35882,50988,90460,vaccine_administration,HC,,,,,,3,75,48,11-07-2025,11-07-2025,02-09-2025,28-08-2025,"{""icd_10"": {""1"": ""Z00.129"", ""2"": ""Z23""}, ""procedures"": {""1"": ""2""}, ""actual_procedures"": {""1"": ""Z23""}}",1: Z23,CO,45,45,,,,,45,,,,"HEALTH PLAN OF NEVADA, INC",mco_medicaid,PRIMARY,1050,646.23,0.62,1861707069,0,2
196,3,8,35882,50988,90461,vaccine,HC,,,,,,4,100,24.08,11-07-2025,11-07-2025,02-09-2025,28-08-2025,"{""icd_10"": {""1"": ""Z00.129"", ""2"": ""Z23""}, ""procedures"": {""1"": ""2""}, ""actual_procedures"": {""1"": ""Z23""}}",1: Z23,CO,45,45,,,,,45,,,,"HEALTH PLAN OF NEVADA, INC",mco_medicaid,PRIMARY,1050,646.23,0.62,1861707069,0,2
196,4,9,35882,50988,90680,vaccine,HC,,,,,,1,150,100.67,11-07-2025,11-07-2025,02-09-2025,28-08-2025,"{""icd_10"": {""1"": ""Z00.129"", ""2"": ""Z23""}, ""procedures"": {""1"": ""2""}, ""actual_procedures"": {""1"": ""Z23""}}",1: Z23,CO,45,45,,,,,45,,,,"HEALTH PLAN OF NEVADA, INC",mco_medicaid,PRIMARY,1050,646.23,0.62,1861707069,0,2
196,5,10,35882,50988,99391,well_visit,HC,25,,,,,1,200,70,11-07-2025,11-07-2025,02-09-2025,28-08-2025,"{""icd_10"": {""1"": ""Z00.129"", ""2"": ""Z23""}, ""procedures"": {""1"": ""1""}, ""actual_procedures"": {""1"": ""Z00.129""}}",1: Z00.129,CO,45,45,,,,,45,,,,"HEALTH PLAN OF NEVADA, INC",mco_medicaid,PRIMARY,1050,646.23,0.62,1861707069,0,2
196,6,11,35882,50988,90460,vaccine_administration,HC,,,,,,3,75,48,11-07-2025,11-07-2025,02-09-2025,28-08-2025,"{""icd_10"": {""1"": ""Z00.129"", ""2"": ""Z23""}, ""procedures"": {""1"": ""2""}, ""actual_procedures"": {""1"": ""Z23""}}",1: Z23,CO,45,45,,,,,45,,,,"HEALTH PLAN OF NEVADA, INC",mco_medicaid,PRIMARY,1050,646.23,0.62,1861707069,0,2
196,7,12,35882,50988,90671,vaccine,HC,,,,,,1,300,233.66,11-07-2025,11-07-2025,02-09-2025,28-08-2025,"{""icd_10"": {""1"": ""Z00.129"", ""2"": ""Z23""}, ""procedures"": {""1"": ""2""}, ""actual_procedures"": {""1"": ""Z23""}}",1: Z23,CO,45,45,,,,,45,,,,"HEALTH PLAN OF NEVADA, INC",mco_medicaid,PRIMARY,1050,646.23,0.62,1861707069,0,2
197,1,3,1906,17012,90620,vaccine,HC,,,,,,0,0.01,0,24-07-2025,24-07-2025,02-09-2025,28-08-2025,"{""icd_10"": {""1"": ""R07.89"", ""2"": ""R06.02"", ""3"": ""R42"", ""4"": ""E66.9"", ""5"": ""Z23""}, ""procedures"": {""1"": ""5""}, ""actual_procedures"": {""1"": ""Z23""}}",1: Z23,CO,204,204,,,,,204,,,,"HEALTH PLAN OF NEVADA, INC",mco_medicaid,PRIMARY,190.01,101.54,0.53,1861707069,16,202
197,2,14,1906,17012,99213,sick_visit,HC,25,,,,,1,150,75.16,24-07-2025,24-07-2025,02-09-2025,28-08-2025,"{""icd_10"": {""1"": ""R07.89"", ""2"": ""R06.02"", ""3"": ""R42"", ""4"": ""E66.9"", ""5"": ""Z23""}, ""procedures"": {""1"": ""1"", ""2"": ""2"", ""3"": ""3"", ""4"": ""4""}, ""actual_procedures"": {""1"": ""R07.89"", ""2"": ""R06.02"", ""3"": ""R42"", ""4"": ""E66.9""}}","1: R07.89 | 2: R06.02
3: R42 | 4: E66.9",CO,45,45,,,,,45,,,,"HEALTH PLAN OF NEVADA, INC",mco_medicaid,PRIMARY,190.01,101.54,0.53,1861707069,16,202
197,3,15,1906,17012,90460,vaccine_administration,HC,,,,,,1,25,23.33,24-07-2025,24-07-2025,02-09-2025,28-08-2025,"{""icd_10"": {""1"": ""R07.89"", ""2"": ""R06.02"", ""3"": ""R42"", ""4"": ""E66.9"", ""5"": ""Z23""}, ""procedures"": {""1"": ""5""}, ""actual_procedures"": {""1"": ""Z23""}}",1: Z23,CO,45,45,,,,,45,,,,"HEALTH PLAN OF NEVADA, INC",mco_medicaid,PRIMARY,190.01,101.54,0.53,1861707069,16,202
197,4,16,1906,17012,94760,respiratory,HC,59,,,,,1,15,3.05,24-07-2025,24-07-2025,02-09-2025,28-08-2025,"{""icd_10"": {""1"": ""R07.89"", ""2"": ""R06.02"", ""3"": ""R42"", ""4"": ""E66.9"", ""5"": ""Z23""}, ""procedures"": {""1"": ""1"", ""2"": ""2"", ""3"": ""3"", ""4"": ""4""}, ""actual_procedures"": {""1"": ""R07.89"", ""2"": ""R06.02"", ""3"": ""R42"", ""4"": ""E66.9""}}","1: R07.89 | 2: R06.02
3: R42 | 4: E66.9",CO,45,45,,,,,45,,,,"HEALTH PLAN OF NEVADA, INC",mco_medicaid,PRIMARY,190.01,101.54,0.53,1861707069,16,202
198,1,1,36178,51284,99381,well_visit,HC,EP,25,,,,1,230,114.16,24-07-2025,24-07-2025,02-09-2025,28-08-2025,"{""icd_10"": {""1"": ""Z00.110"", ""2"": ""E73.9""}, ""procedures"": {""1"": ""1""}, ""actual_procedures"": {""1"": ""Z00.110""}}",1: Z00.110,CO,45,45,,,,,45,,,,"HEALTH PLAN OF NEVADA, INC",mco_medicaid,PRIMARY,380,189.32,0.5,1861707069,0,0
198,2,18,36178,51284,99213,sick_visit,HC,25,,,,,1,150,75.16,24-07-2025,24-07-2025,02-09-2025,28-08-2025,"{""icd_10"": {""1"": ""Z00.110"", ""2"": ""E73.9""}, ""procedures"": {""1"": ""2""}, ""actual_procedures"": {""1"": ""E73.9""}}",1: E73.9,CO,45,45,,,,,45,,,,"HEALTH PLAN OF NEVADA, INC",mco_medicaid,PRIMARY,380,189.32,0.5,1861707069,0,0
199,1,4,197445,17080,90460,vaccine_administration,HC,,,,,,3,75,69.99,24-07-2025,24-07-2025,02-09-2025,28-08-2025,"{""icd_10"": {""1"": ""Z00.129"", ""2"": ""Z23""}, ""procedures"": {""1"": ""2""}, ""actual_procedures"": {""1"": ""Z23""}}",1: Z23,CO,45,45,,,,,45,,,,"HEALTH PLAN OF NEVADA, INC",mco_medicaid,PRIMARY,375.03,218.93,0.58,1861707069,0,6
199,2,20,197445,17080,99391,well_visit,HC,EP,25,,,,1,200,102.7,24-07-2025,24-07-2025,02-09-2025,28-08-2025,"{""icd_10"": {""1"": ""Z00.129"", ""2"": ""Z23""}, ""procedures"": {""1"": ""1""}, ""actual_procedures"": {""1"": ""Z00.129""}}",1: Z00.129,CO,45,45,,,,,45,,,,"HEALTH PLAN OF NEVADA, INC",mco_medicaid,PRIMARY,375.03,218.93,0.58,1861707069,0,6
199,3,21,197445,17080,90472,vaccine_administration,HC,,,,,,4,100,46.24,24-07-2025,24-07-2025,02-09-2025,28-08-2025,"{""icd_10"": {""1"": ""Z00.129"", ""2"": ""Z23""}, ""procedures"": {""1"": ""2""}, ""actual_procedures"": {""1"": ""Z23""}}",1: Z23,CO,45,45,,,,,45,,,,"HEALTH PLAN OF NEVADA, INC",mco_medicaid,PRIMARY,375.03,218.93,0.58,1861707069,0,6
199,4,22,197445,17080,90671,vaccine,HC,,,,,,0,0.01,0,24-07-2025,24-07-2025,02-09-2025,28-08-2025,"{""icd_10"": {""1"": ""Z00.129"", ""2"": ""Z23""}, ""procedures"": {""1"": ""2""}, ""actual_procedures"": {""1"": ""Z23""}}",1: Z23,CO,204,204,,,,,204,,,,"HEALTH PLAN OF NEVADA, INC",mco_medicaid,PRIMARY,375.03,218.93,0.58,1861707069,0,6
199,5,23,197445,17080,90680,vaccine,HC,,,,,,0,0.01,0,24-07-2025,24-07-2025,02-09-2025,28-08-2025,"{""icd_10"": {""1"": ""Z00.129"", ""2"": ""Z23""}, ""procedures"": {""1"": ""2""}, ""actual_procedures"": {""1"": ""Z23""}}",1: Z23,CO,204,204,,,,,204,,,,"HEALTH PLAN OF NEVADA, INC",mco_medicaid,PRIMARY,375.03,218.93,0.58,1861707069,0,6
199,6,24,197445,17080,90697,vaccine_administration,HC,,,,,,0,0.01,0,24-07-2025,24-07-2025,02-09-2025,28-08-2025,"{""icd_10"": {""1"": ""Z00.129"", ""2"": ""Z23""}, ""procedures"": {""1"": ""2""}, ""actual_procedures"": {""1"": ""Z23""}}",1: Z23,CO,204,204,,,,,204,,,,"HEALTH PLAN OF NEVADA, INC",mco_medicaid,PRIMARY,375.03,218.93,0.58,1861707069,0,6
200,1,6,1569121,16675,99393,well_visit,HC,EP,,,,,0,230,0,18-08-2025,18-08-2025,02-09-2025,28-08-2025,"{""icd_10"": {""1"": ""Z00.129"", ""2"": ""Z71.3"", ""3"": ""Z71.82"", ""4"": ""Z68.54""}, ""procedures"": {""1"": ""1"", ""2"": ""2"", ""3"": ""3"", ""4"": ""4""}, ""actual_procedures"": {""1"": ""Z00.129"", ""2"": ""Z71.3"", ""3"": ""Z71.82"", ""4"": ""Z68.54""}}","1: Z00.129 | 2: Z71.3
3: Z71.82 | 4: Z68.54",PR,27,27,,,,,27,,,,"HEALTH PLAN OF NEVADA, INC",mco_medicaid,PRIMARY,230,0,0,1861707069,9,118
201,1,1,22200,17326,99391,well_visit,HC,25,,,,,1,200,99.05,15-07-2025,15-07-2025,03-09-2025,28-08-2025,"{""icd_10"": {""1"": ""Z00.129"", ""2"": ""S82.90XA"", ""3"": ""H50.00""}, ""procedures"": {""1"": ""1""}, ""actual_procedures"": {""1"": ""Z00.129""}}",1: Z00.129,CO,45,45,,,,,45,,,,UNITED HEALTHCARE INSURANCE COMPANY,private,PRIMARY,350,128.59,0.37,1861707069,0,9
201,2,2,22200,17326,99213,sick_visit,HC,25,,,,,1,150,29.54,15-07-2025,15-07-2025,03-09-2025,28-08-2025,"{""icd_10"": {""1"": ""Z00.129"", ""2"": ""S82.90XA"", ""3"": ""H50.00""}, ""procedures"": {""1"": ""2"", ""2"": ""3""}, ""actual_procedures"": {""1"": ""S82.90XA"", ""2"": ""H50.00""}}",1: S82.90XA | 2: H50.00,"CO,PR","45,2",45,2,,,,45,2,,,UNITED HEALTHCARE INSURANCE COMPANY,private,PRIMARY,350,128.59,0.37,1861707069,0,9
202,1,1,2289,17395,99392,well_visit,HC,EP,25,,,,1,220,109.63,31-07-2025,31-07-2025,03-09-2025,28-08-2025,"{""icd_10"": {""1"": ""Z00.129"", ""2"": ""Z23""}, ""procedures"": {""1"": ""1""}, ""actual_procedures"": {""1"": ""Z00.129""}}",1: Z00.129,CO,45,45,,,,,45,,,,"MOLINA HEALTHCARE OF NEVADA, INC.",mco_medicaid,PRIMARY,345.03,202.74,0.59,1073015541,1,12
202,2,2,2289,17395,90460,vaccine_administration,HC,,,,,,3,75,69.99,31-07-2025,31-07-2025,03-09-2025,28-08-2025,"{""icd_10"": {""1"": ""Z00.129"", ""2"": ""Z23""}, ""procedures"": {""1"": ""2""}, ""actual_procedures"": {""1"": ""Z23""}}",1: Z23,CO,45,45,,,,,45,,,,"MOLINA HEALTHCARE OF NEVADA, INC.",mco_medicaid,PRIMARY,345.03,202.74,0.59,1073015541,1,12
202,3,3,2289,17395,90633,vaccine,HC,,,,,,1,0.01,0,31-07-2025,31-07-2025,03-09-2025,28-08-2025,"{""icd_10"": {""1"": ""Z00.129"", ""2"": ""Z23""}, ""procedures"": {""1"": ""2""}, ""actual_procedures"": {""1"": ""Z23""}}",1: Z23,CO,246,246,,,,,246,,,,"MOLINA HEALTHCARE OF NEVADA, INC.",mco_medicaid,PRIMARY,345.03,202.74,0.59,1073015541,1,12
202,4,4,2289,17395,90716,vaccine,HC,,,,,,1,0.01,0,31-07-2025,31-07-2025,03-09-2025,28-08-2025,"{""icd_10"": {""1"": ""Z00.129"", ""2"": ""Z23""}, ""procedures"": {""1"": ""2""}, ""actual_procedures"": {""1"": ""Z23""}}",1: Z23,CO,246,246,,,,,246,,,,"MOLINA HEALTHCARE OF NEVADA, INC.",mco_medicaid,PRIMARY,345.03,202.74,0.59,1073015541,1,12
202,5,5,2289,17395,90707,vaccine,HC,,,,,,1,0.01,0,31-07-2025,31-07-2025,03-09-2025,28-08-2025,"{""icd_10"": {""1"": ""Z00.129"", ""2"": ""Z23""}, ""procedures"": {""1"": ""2""}, ""actual_procedures"": {""1"": ""Z23""}}",1: Z23,CO,246,246,,,,,246,,,,"MOLINA HEALTHCARE OF NEVADA, INC.",mco_medicaid,PRIMARY,345.03,202.74,0.59,1073015541,1,12
202,6,6,2289,17395,90472,vaccine_administration,HC,,,,,,2,50,23.12,31-07-2025,31-07-2025,03-09-2025,28-08-2025,"{""icd_10"": {""1"": ""Z00.129"", ""2"": ""Z23""}, ""procedures"": {""1"": ""2""}, ""actual_procedures"": {""1"": ""Z23""}}",1: Z23,CO,45,45,,,,,45,,,,"MOLINA HEALTHCARE OF NEVADA, INC.",mco_medicaid,PRIMARY,345.03,202.74,0.59,1073015541,1,12
203,1,7,21791,17285,99391,well_visit,HC,EP,,,,,1,200,102.7,18-08-2025,18-08-2025,03-09-2025,28-08-2025,"{""icd_10"": {""1"": ""Z00.129""}, ""procedures"": {""1"": ""1""}, ""actual_procedures"": {""1"": ""Z00.129""}}",1: Z00.129,CO,45,45,,,,,45,,,,"MOLINA HEALTHCARE OF NEVADA, INC.",mco_medicaid,PRIMARY,200,102.7,0.51,1861707069,0,9
204,1,8,35792,50898,99391,well_visit,HC,EP,25,,,,1,200,102.7,18-08-2025,18-08-2025,03-09-2025,28-08-2025,"{""icd_10"": {""1"": ""Z00.129"", ""2"": ""Z23"", ""3"": ""Z29.3""}, ""procedures"": {""1"": ""1""}, ""actual_procedures"": {""1"": ""Z00.129""}}",1: Z00.129,CO,45,45,,,,,45,,,,"MOLINA HEALTHCARE OF NEVADA, INC.",mco_medicaid,PRIMARY,415.05,255.39,0.62,1861707069,0,9
204,2,9,35792,50898,99188,procedure,HC,,,,,,1,40,12.92,18-08-2025,18-08-2025,03-09-2025,28-08-2025,"{""icd_10"": {""1"": ""Z00.129"", ""2"": ""Z23"", ""3"": ""Z29.3""}, ""procedures"": {""1"": ""3""}, ""actual_procedures"": {""1"": ""Z29.3""}}",1: Z29.3,CO,45,45,,,,,45,,,,"MOLINA HEALTHCARE OF NEVADA, INC.",mco_medicaid,PRIMARY,415.05,255.39,0.62,1861707069,0,9
204,3,10,35792,50898,90671,vaccine,HC,,,,,,1,0.01,0,18-08-2025,18-08-2025,03-09-2025,28-08-2025,"{""icd_10"": {""1"": ""Z00.129"", ""2"": ""Z23"", ""3"": ""Z29.3""}, ""procedures"": {""1"": ""2""}, ""actual_procedures"": {""1"": ""Z23""}}",1: Z23,CO,246,246,,,,,246,,,,"MOLINA HEALTHCARE OF NEVADA, INC.",mco_medicaid,PRIMARY,415.05,255.39,0.62,1861707069,0,9
204,4,11,35792,50898,90700,vaccine,HC,,,,,,1,0.01,0,18-08-2025,18-08-2025,03-09-2025,28-08-2025,"{""icd_10"": {""1"": ""Z00.129"", ""2"": ""Z23"", ""3"": ""Z29.3""}, ""procedures"": {""1"": ""2""}, ""actual_procedures"": {""1"": ""Z23""}}",1: Z23,CO,246,246,,,,,246,,,,"MOLINA HEALTHCARE OF NEVADA, INC.",mco_medicaid,PRIMARY,415.05,255.39,0.62,1861707069,0,9
204,5,12,35792,50898,90647,vaccine,HC,,,,,,1,0.01,0,18-08-2025,18-08-2025,03-09-2025,28-08-2025,"{""icd_10"": {""1"": ""Z00.129"", ""2"": ""Z23"", ""3"": ""Z29.3""}, ""procedures"": {""1"": ""2""}, ""actual_procedures"": {""1"": ""Z23""}}",1: Z23,CO,246,246,,,,,246,,,,"MOLINA HEALTHCARE OF NEVADA, INC.",mco_medicaid,PRIMARY,415.05,255.39,0.62,1861707069,0,9
204,6,13,35792,50898,90713,vaccine,HC,,,,,,1,0.01,0,18-08-2025,18-08-2025,03-09-2025,28-08-2025,"{""icd_10"": {""1"": ""Z00.129"", ""2"": ""Z23"", ""3"": ""Z29.3""}, ""procedures"": {""1"": ""2""}, ""actual_procedures"": {""1"": ""Z23""}}",1: Z23,CO,246,246,,,,,246,,,,"MOLINA HEALTHCARE OF NEVADA, INC.",mco_medicaid,PRIMARY,415.05,255.39,0.62,1861707069,0,9
204,7,14,35792,50898,90743,vaccine,HC,,,,,,1,0.01,0,18-08-2025,18-08-2025,03-09-2025,28-08-2025,"{""icd_10"": {""1"": ""Z00.129"", ""2"": ""Z23"", ""3"": ""Z29.3""}, ""procedures"": {""1"": ""2""}, ""actual_procedures"": {""1"": ""Z23""}}",1: Z23,CO,246,246,,,,,246,,,,"MOLINA HEALTHCARE OF NEVADA, INC.",mco_medicaid,PRIMARY,415.05,255.39,0.62,1861707069,0,9
204,8,15,35792,50898,90472,vaccine_administration,HC,,,,,,2,50,23.12,18-08-2025,18-08-2025,03-09-2025,28-08-2025,"{""icd_10"": {""1"": ""Z00.129"", ""2"": ""Z23"", ""3"": ""Z29.3""}, ""procedures"": {""1"": ""2""}, ""actual_procedures"": {""1"": ""Z23""}}",1: Z23,CO,45,45,,,,,45,,,,"MOLINA HEALTHCARE OF NEVADA, INC.",mco_medicaid,PRIMARY,415.05,255.39,0.62,1861707069,0,9
204,9,16,35792,50898,90460,vaccine_administration,HC,,,,,,5,125,116.65,18-08-2025,18-08-2025,03-09-2025,28-08-2025,"{""icd_10"": {""1"": ""Z00.129"", ""2"": ""Z23"", ""3"": ""Z29.3""}, ""procedures"": {""1"": ""2""}, ""actual_procedures"": {""1"": ""Z23""}}",1: Z23,CO,45,45,,,,,45,,,,"MOLINA HEALTHCARE OF NEVADA, INC.",mco_medicaid,PRIMARY,415.05,255.39,0.62,1861707069,0,9
205,1,17,29983,45089,99392,well_visit,HC,EP,25,,,,1,220,109.63,30-07-2025,30-07-2025,03-09-2025,28-08-2025,"{""icd_10"": {""1"": ""Z00.129"", ""2"": ""Z71.3"", ""3"": ""Z71.82"", ""4"": ""Z68.53"", ""5"": ""Z23"", ""6"": ""Z29.3""}, ""procedures"": {""1"": ""1"", ""2"": ""2"", ""3"": ""3"", ""4"": ""4""}, ""actual_procedures"": {""1"": ""Z00.129"", ""2"": ""Z71.3"", ""3"": ""Z71.82"", ""4"": ""Z68.53""}}","1: Z00.129 | 2: Z71.3
3: Z71.82 | 4: Z68.53",CO,45,45,,,,,45,,,,"MOLINA HEALTHCARE OF NEVADA, INC.",mco_medicaid,PRIMARY,460.04,262.11,0.57,1861707069,4,50
205,2,18,29983,45089,99188,procedure,HC,,,,,,1,40,12.92,30-07-2025,30-07-2025,03-09-2025,28-08-2025,"{""icd_10"": {""1"": ""Z00.129"", ""2"": ""Z71.3"", ""3"": ""Z71.82"", ""4"": ""Z68.53"", ""5"": ""Z23"", ""6"": ""Z29.3""}, ""procedures"": {""1"": ""6""}, ""actual_procedures"": {""1"": ""Z29.3""}}",1: Z29.3,CO,45,45,,,,,45,,,,"MOLINA HEALTHCARE OF NEVADA, INC.",mco_medicaid,PRIMARY,460.04,262.11,0.57,1861707069,4,50
205,3,19,29983,45089,90700,vaccine,HC,,,,,,1,0.01,0,30-07-2025,30-07-2025,03-09-2025,28-08-2025,"{""icd_10"": {""1"": ""Z00.129"", ""2"": ""Z71.3"", ""3"": ""Z71.82"", ""4"": ""Z68.53"", ""5"": ""Z23"", ""6"": ""Z29.3""}, ""procedures"": {""1"": ""5""}, ""actual_procedures"": {""1"": ""Z23""}}",1: Z23,CO,246,246,,,,,246,,,,"MOLINA HEALTHCARE OF NEVADA, INC.",mco_medicaid,PRIMARY,460.04,262.11,0.57,1861707069,4,50
205,4,20,29983,45089,90713,vaccine,HC,,,,,,1,0.01,0,30-07-2025,30-07-2025,03-09-2025,28-08-2025,"{""icd_10"": {""1"": ""Z00.129"", ""2"": ""Z71.3"", ""3"": ""Z71.82"", ""4"": ""Z68.53"", ""5"": ""Z23"", ""6"": ""Z29.3""}, ""procedures"": {""1"": ""5""}, ""actual_procedures"": {""1"": ""Z23""}}",1: Z23,CO,246,246,,,,,246,,,,"MOLINA HEALTHCARE OF NEVADA, INC.",mco_medicaid,PRIMARY,460.04,262.11,0.57,1861707069,4,50
205,5,21,29983,45089,90472,vaccine_administration,HC,,,,,,4,100,46.24,30-07-2025,30-07-2025,03-09-2025,28-08-2025,"{""icd_10"": {""1"": ""Z00.129"", ""2"": ""Z71.3"", ""3"": ""Z71.82"", ""4"": ""Z68.53"", ""5"": ""Z23"", ""6"": ""Z29.3""}, ""procedures"": {""1"": ""5""}, ""actual_procedures"": {""1"": ""Z23""}}",1: Z23,CO,45,45,,,,,45,,,,"MOLINA HEALTHCARE OF NEVADA, INC.",mco_medicaid,PRIMARY,460.04,262.11,0.57,1861707069,4,50
205,6,22,29983,45089,90707,vaccine,HC,,,,,,1,0.01,0,30-07-2025,30-07-2025,03-09-2025,28-08-2025,"{""icd_10"": {""1"": ""Z00.129"", ""2"": ""Z71.3"", ""3"": ""Z71.82"", ""4"": ""Z68.53"", ""5"": ""Z23"", ""6"": ""Z29.3""}, ""procedures"": {""1"": ""5""}, ""actual_procedures"": {""1"": ""Z23""}}",1: Z23,CO,246,246,,,,,246,,,,"MOLINA HEALTHCARE OF NEVADA, INC.",mco_medicaid,PRIMARY,460.04,262.11,0.57,1861707069,4,50
205,7,23,29983,45089,90716,vaccine,HC,,,,,,1,0.01,0,30-07-2025,30-07-2025,03-09-2025,28-08-2025,"{""icd_10"": {""1"": ""Z00.129"", ""2"": ""Z71.3"", ""3"": ""Z71.82"", ""4"": ""Z68.53"", ""5"": ""Z23"", ""6"": ""Z29.3""}, ""procedures"": {""1"": ""5""}, ""actual_procedures"": {""1"": ""Z23""}}",1: Z23,CO,246,246,,,,,246,,,,"MOLINA HEALTHCARE OF NEVADA, INC.",mco_medicaid,PRIMARY,460.04,262.11,0.57,1861707069,4,50
205,8,24,29983,45089,90460,vaccine_administration,HC,,,,,,4,100,93.32,30-07-2025,30-07-2025,03-09-2025,28-08-2025,"{""icd_10"": {""1"": ""Z00.129"", ""2"": ""Z71.3"", ""3"": ""Z71.82"", ""4"": ""Z68.53"", ""5"": ""Z23"", ""6"": ""Z29.3""}, ""procedures"": {""1"": ""5""}, ""actual_procedures"": {""1"": ""Z23""}}",1: Z23,CO,45,45,,,,,45,,,,"MOLINA HEALTHCARE OF NEVADA, INC.",mco_medicaid,PRIMARY,460.04,262.11,0.57,1861707069,4,50
206,1,25,29977,45083,99382,well_visit,HC,EP,25,,,,1,240,118.84,06-08-2025,06-08-2025,03-09-2025,28-08-2025,"{""icd_10"": {""1"": ""Z00.129"", ""2"": ""Z71.3"", ""3"": ""Z68.52"", ""4"": ""Z71.82"", ""5"": ""Z29.3"", ""6"": ""Z23""}, ""procedures"": {""1"": ""1"", ""2"": ""2"", ""3"": ""3"", ""4"": ""4""}, ""actual_procedures"": {""1"": ""Z00.129"", ""2"": ""Z71.3"", ""3"": ""Z68.52"", ""4"": ""Z71.82""}, ""icd_10_procedures_mismatch"": false}","1: Z00.129 | 2: Z71.3
3: Z68.52 | 4: Z71.82",CO,45,45,,,,,45,,,,"MOLINA HEALTHCARE OF NEVADA, INC.",mco_medicaid,PRIMARY,440.04,258.4,0.59,1073015541,4,52
206,2,26,29977,45083,90460,vaccine_administration,HC,,,,,,4,100,93.32,06-08-2025,06-08-2025,03-09-2025,28-08-2025,"{""icd_10"": {""1"": ""Z00.129"", ""2"": ""Z71.3"", ""3"": ""Z68.52"", ""4"": ""Z71.82"", ""5"": ""Z29.3"", ""6"": ""Z23""}, ""procedures"": {""1"": ""6""}, ""actual_procedures"": {""1"": ""Z23""}, ""icd_10_procedures_mismatch"": false}",1: Z23,CO,45,45,,,,,45,,,,"MOLINA HEALTHCARE OF NEVADA, INC.",mco_medicaid,PRIMARY,440.04,258.4,0.59,1073015541,4,52
206,3,27,29977,45083,90700,vaccine,HC,,,,,,1,0.01,0,06-08-2025,06-08-2025,03-09-2025,28-08-2025,"{""icd_10"": {""1"": ""Z00.129"", ""2"": ""Z71.3"", ""3"": ""Z68.52"", ""4"": ""Z71.82"", ""5"": ""Z29.3"", ""6"": ""Z23""}, ""procedures"": {""1"": ""6""}, ""actual_procedures"": {""1"": ""Z23""}, ""icd_10_procedures_mismatch"": false}",1: Z23,CO,246,246,,,,,246,,,,"MOLINA HEALTHCARE OF NEVADA, INC.",mco_medicaid,PRIMARY,440.04,258.4,0.59,1073015541,4,52
206,4,28,29977,45083,90713,vaccine,HC,,,,,,1,0.01,0,06-08-2025,06-08-2025,03-09-2025,28-08-2025,"{""icd_10"": {""1"": ""Z00.129"", ""2"": ""Z71.3"", ""3"": ""Z68.52"", ""4"": ""Z71.82"", ""5"": ""Z29.3"", ""6"": ""Z23""}, ""procedures"": {""1"": ""6""}, ""actual_procedures"": {""1"": ""Z23""}, ""icd_10_procedures_mismatch"": false}",1: Z23,CO,246,246,,,,,246,,,,"MOLINA HEALTHCARE OF NEVADA, INC.",mco_medicaid,PRIMARY,440.04,258.4,0.59,1073015541,4,52
206,5,29,29977,45083,90472,vaccine_administration,HC,,,,,,4,100,46.24,06-08-2025,06-08-2025,03-09-2025,28-08-2025,"{""icd_10"": {""1"": ""Z00.129"", ""2"": ""Z71.3"", ""3"": ""Z68.52"", ""4"": ""Z71.82"", ""5"": ""Z29.3"", ""6"": ""Z23""}, ""procedures"": {""1"": ""6""}, ""actual_procedures"": {""1"": ""Z23""}, ""icd_10_procedures_mismatch"": false}",1: Z23,CO,45,45,,,,,45,,,,"MOLINA HEALTHCARE OF NEVADA, INC.",mco_medicaid,PRIMARY,440.04,258.4,0.59,1073015541,4,52
206,6,30,29977,45083,90707,vaccine,HC,,,,,,1,0.01,0,06-08-2025,06-08-2025,03-09-2025,28-08-2025,"{""icd_10"": {""1"": ""Z00.129"", ""2"": ""Z71.3"", ""3"": ""Z68.52"", ""4"": ""Z71.82"", ""5"": ""Z29.3"", ""6"": ""Z23""}, ""procedures"": {""1"": ""6""}, ""actual_procedures"": {""1"": ""Z23""}, ""icd_10_procedures_mismatch"": false}",1: Z23,CO,246,246,,,,,246,,,,"MOLINA HEALTHCARE OF NEVADA, INC.",mco_medicaid,PRIMARY,440.04,258.4,0.59,1073015541,4,52
206,7,31,29977,45083,90716,vaccine,HC,,,,,,1,0.01,0,06-08-2025,06-08-2025,03-09-2025,28-08-2025,"{""icd_10"": {""1"": ""Z00.129"", ""2"": ""Z71.3"", ""3"": ""Z68.52"", ""4"": ""Z71.82"", ""5"": ""Z29.3"", ""6"": ""Z23""}, ""procedures"": {""1"": ""6""}, ""actual_procedures"": {""1"": ""Z23""}, ""icd_10_procedures_mismatch"": false}",1: Z23,CO,246,246,,,,,246,,,,"MOLINA HEALTHCARE OF NEVADA, INC.",mco_medicaid,PRIMARY,440.04,258.4,0.59,1073015541,4,52
207,1,32,35795,50901,99392,well_visit,HC,EP,25,,,,1,220,109.63,18-08-2025,18-08-2025,03-09-2025,28-08-2025,"{""icd_10"": {""1"": ""Z00.129"", ""2"": ""Z23"", ""3"": ""Z29.3""}, ""procedures"": {""1"": ""1""}, ""actual_procedures"": {""1"": ""Z00.129""}, ""icd_10_procedures_mismatch"": false}",1: Z00.129,CO,45,45,,,,,45,,,,"MOLINA HEALTHCARE OF NEVADA, INC.",mco_medicaid,PRIMARY,385,169,0.44,1861707069,2,34
207,2,33,35795,50901,99188,procedure,HC,,,,,,1,40,12.92,18-08-2025,18-08-2025,03-09-2025,28-08-2025,"{""icd_10"": {""1"": ""Z00.129"", ""2"": ""Z23"", ""3"": ""Z29.3""}, ""procedures"": {""1"": ""3""}, ""actual_procedures"": {""1"": ""Z29.3""}, ""icd_10_procedures_mismatch"": false}",1: Z29.3,CO,45,45,,,,,45,,,,"MOLINA HEALTHCARE OF NEVADA, INC.",mco_medicaid,PRIMARY,385,169,0.44,1861707069,2,34
207,3,34,35795,50901,90460,vaccine_administration,HC,,,,,,1,25,23.33,18-08-2025,18-08-2025,03-09-2025,28-08-2025,"{""icd_10"": {""1"": ""Z00.129"", ""2"": ""Z23"", ""3"": ""Z29.3""}, ""procedures"": {""1"": ""2""}, ""actual_procedures"": {""1"": ""Z23""}, ""icd_10_procedures_mismatch"": false}",1: Z23,CO,45,45,,,,,45,,,,"MOLINA HEALTHCARE OF NEVADA, INC.",mco_medicaid,PRIMARY,385,169,0.44,1861707069,2,34
207,4,35,35795,50901,90700,vaccine,HC,,,,,,1,50,0,18-08-2025,18-08-2025,03-09-2025,28-08-2025,"{""icd_10"": {""1"": ""Z00.129"", ""2"": ""Z23"", ""3"": ""Z29.3""}, ""procedures"": {""1"": ""2""}, ""actual_procedures"": {""1"": ""Z23""}, ""icd_10_procedures_mismatch"": false}",1: Z23,CO,246,246,,,,,246,,,,"MOLINA HEALTHCARE OF NEVADA, INC.",mco_medicaid,PRIMARY,385,169,0.44,1861707069,2,34
207,5,36,35795,50901,90472,vaccine_administration,HC,,,,,,2,50,23.12,18-08-2025,18-08-2025,03-09-2025,28-08-2025,"{""icd_10"": {""1"": ""Z00.129"", ""2"": ""Z23"", ""3"": ""Z29.3""}, ""procedures"": {""1"": ""2""}, ""actual_procedures"": {""1"": ""Z23""}, ""icd_10_procedures_mismatch"": false}",1: Z23,CO,45,45,,,,,45,,,,"MOLINA HEALTHCARE OF NEVADA, INC.",mco_medicaid,PRIMARY,385,169,0.44,1861707069,2,34
208,1,37,2291,17397,99213,sick_visit,HC,,,,,,1,150,75.16,31-07-2025,31-07-2025,03-09-2025,28-08-2025,"{""icd_10"": {""1"": ""R04.0""}, ""procedures"": {""1"": ""1""}, ""actual_procedures"": {""1"": ""R04.0""}}",1: R04.0,CO,45,45,,,,,45,,,,"MOLINA HEALTHCARE OF NEVADA, INC.",mco_medicaid,PRIMARY,150,75.16,0.5,1073015541,3,43
209,1,38,35794,50900,99392,well_visit,HC,EP,25,,,,1,220,109.63,18-08-2025,18-08-2025,03-09-2025,28-08-2025,"{""icd_10"": {""1"": ""Z00.129"", ""2"": ""Z29.3"", ""3"": ""Z23""}, ""procedures"": {""1"": ""1""}, ""actual_procedures"": {""1"": ""Z00.129""}, ""icd_10_procedures_mismatch"": false}",1: Z00.129,CO,45,45,,,,,45,,,,"MOLINA HEALTHCARE OF NEVADA, INC.",mco_medicaid,PRIMARY,410.04,238.99,0.58,1861707069,1,21
209,2,39,35794,50900,90460,vaccine_administration,HC,,,,,,4,100,93.32,18-08-2025,18-08-2025,03-09-2025,28-08-2025,"{""icd_10"": {""1"": ""Z00.129"", ""2"": ""Z29.3"", ""3"": ""Z23""}, ""procedures"": {""1"": ""3""}, ""actual_procedures"": {""1"": ""Z23""}, ""icd_10_procedures_mismatch"": false}",1: Z23,CO,45,45,,,,,45,,,,"MOLINA HEALTHCARE OF NEVADA, INC.",mco_medicaid,PRIMARY,410.04,238.99,0.58,1861707069,1,21
209,3,40,35794,50900,99188,procedure,HC,,,,,,1,40,12.92,18-08-2025,18-08-2025,03-09-2025,28-08-2025,"{""icd_10"": {""1"": ""Z00.129"", ""2"": ""Z29.3"", ""3"": ""Z23""}, ""procedures"": {""1"": ""2""}, ""actual_procedures"": {""1"": ""Z29.3""}, ""icd_10_procedures_mismatch"": false}",1: Z29.3,CO,45,45,,,,,45,,,,"MOLINA HEALTHCARE OF NEVADA, INC.",mco_medicaid,PRIMARY,410.04,238.99,0.58,1861707069,1,21
209,4,41,35794,50900,90700,vaccine,HC,,,,,,1,0.01,0,18-08-2025,18-08-2025,03-09-2025,28-08-2025,"{""icd_10"": {""1"": ""Z00.129"", ""2"": ""Z29.3"", ""3"": ""Z23""}, ""procedures"": {""1"": ""3""}, ""actual_procedures"": {""1"": ""Z23""}, ""icd_10_procedures_mismatch"": false}",1: Z23,CO,246,246,,,,,246,,,,"MOLINA HEALTHCARE OF NEVADA, INC.",mco_medicaid,PRIMARY,410.04,238.99,0.58,1861707069,1,21
209,5,42,35794,50900,90647,vaccine,HC,,,,,,1,0.01,0,18-08-2025,18-08-2025,03-09-2025,28-08-2025,"{""icd_10"": {""1"": ""Z00.129"", ""2"": ""Z29.3"", ""3"": ""Z23""}, ""procedures"": {""1"": ""3""}, ""actual_procedures"": {""1"": ""Z23""}, ""icd_10_procedures_mismatch"": false}",1: Z23,CO,246,246,,,,,246,,,,"MOLINA HEALTHCARE OF NEVADA, INC.",mco_medicaid,PRIMARY,410.04,238.99,0.58,1861707069,1,21
209,6,43,35794,50900,90472,vaccine_administration,HC,,,,,,2,50,23.12,18-08-2025,18-08-2025,03-09-2025,28-08-2025,"{""icd_10"": {""1"": ""Z00.129"", ""2"": ""Z29.3"", ""3"": ""Z23""}, ""procedures"": {""1"": ""3""}, ""actual_procedures"": {""1"": ""Z23""}, ""icd_10_procedures_mismatch"": false}",1: Z23,CO,45,45,,,,,45,,,,"MOLINA HEALTHCARE OF NEVADA, INC.",mco_medicaid,PRIMARY,410.04,238.99,0.58,1861707069,1,21
209,7,44,35794,50900,90633,vaccine,HC,,,,,,1,0.01,0,18-08-2025,18-08-2025,03-09-2025,28-08-2025,"{""icd_10"": {""1"": ""Z00.129"", ""2"": ""Z29.3"", ""3"": ""Z23""}, ""procedures"": {""1"": ""3""}, ""actual_procedures"": {""1"": ""Z23""}, ""icd_10_procedures_mismatch"": false}",1: Z23,CO,246,246,,,,,246,,,,"MOLINA HEALTHCARE OF NEVADA, INC.",mco_medicaid,PRIMARY,410.04,238.99,0.58,1861707069,1,21
209,8,45,35794,50900,90671,vaccine,HC,,,,,,1,0.01,0,18-08-2025,18-08-2025,03-09-2025,28-08-2025,"{""icd_10"": {""1"": ""Z00.129"", ""2"": ""Z29.3"", ""3"": ""Z23""}, ""procedures"": {""1"": ""3""}, ""actual_procedures"": {""1"": ""Z23""}, ""icd_10_procedures_mismatch"": false}",1: Z23,CO,246,246,,,,,246,,,,"MOLINA HEALTHCARE OF NEVADA, INC.",mco_medicaid,PRIMARY,410.04,238.99,0.58,1861707069,1,21
210,1,46,36202,51308,99392,well_visit,HC,EP,25,,,,1,220,109.63,30-07-2025,30-07-2025,03-09-2025,28-08-2025,"{""icd_10"": {""1"": ""Z00.129"", ""2"": ""Z23"", ""3"": ""Z29.3""}, ""procedures"": {""1"": ""1""}, ""actual_procedures"": {""1"": ""Z00.129""}}",1: Z00.129,CO,45,45,,,,,45,,,,"MOLINA HEALTHCARE OF NEVADA, INC.",mco_medicaid,PRIMARY,385.03,215.66,0.56,1861707069,1,15
210,2,47,36202,51308,99188,procedure,HC,,,,,,1,40,12.92,30-07-2025,30-07-2025,03-09-2025,28-08-2025,"{""icd_10"": {""1"": ""Z00.129"", ""2"": ""Z23"", ""3"": ""Z29.3""}, ""procedures"": {""1"": ""3""}, ""actual_procedures"": {""1"": ""Z29.3""}}",1: Z29.3,CO,45,45,,,,,45,,,,"MOLINA HEALTHCARE OF NEVADA, INC.",mco_medicaid,PRIMARY,385.03,215.66,0.56,1861707069,1,15
210,3,48,36202,51308,90633,vaccine,HC,,,,,,1,0.01,0,30-07-2025,30-07-2025,03-09-2025,28-08-2025,"{""icd_10"": {""1"": ""Z00.129"", ""2"": ""Z23"", ""3"": ""Z29.3""}, ""procedures"": {""1"": ""2""}, ""actual_procedures"": {""1"": ""Z23""}}",1: Z23,CO,246,246,,,,,246,,,,"MOLINA HEALTHCARE OF NEVADA, INC.",mco_medicaid,PRIMARY,385.03,215.66,0.56,1861707069,1,15
210,4,49,36202,51308,90707,vaccine,HC,,,,,,1,0.01,0,30-07-2025,30-07-2025,03-09-2025,28-08-2025,"{""icd_10"": {""1"": ""Z00.129"", ""2"": ""Z23"", ""3"": ""Z29.3""}, ""procedures"": {""1"": ""2""}, ""actual_procedures"": {""1"": ""Z23""}}",1: Z23,CO,246,246,,,,,246,,,,"MOLINA HEALTHCARE OF NEVADA, INC.",mco_medicaid,PRIMARY,385.03,215.66,0.56,1861707069,1,15
210,5,50,36202,51308,90472,vaccine_administration,HC,,,,,,2,50,23.12,30-07-2025,30-07-2025,03-09-2025,28-08-2025,"{""icd_10"": {""1"": ""Z00.129"", ""2"": ""Z23"", ""3"": ""Z29.3""}, ""procedures"": {""1"": ""2""}, ""actual_procedures"": {""1"": ""Z23""}}",1: Z23,CO,45,45,,,,,45,,,,"MOLINA HEALTHCARE OF NEVADA, INC.",mco_medicaid,PRIMARY,385.03,215.66,0.56,1861707069,1,15
210,6,51,36202,51308,90716,vaccine,HC,,,,,,1,0.01,0,30-07-2025,30-07-2025,03-09-2025,28-08-2025,"{""icd_10"": {""1"": ""Z00.129"", ""2"": ""Z23"", ""3"": ""Z29.3""}, ""procedures"": {""1"": ""2""}, ""actual_procedures"": {""1"": ""Z23""}}",1: Z23,CO,246,246,,,,,246,,,,"MOLINA HEALTHCARE OF NEVADA, INC.",mco_medicaid,PRIMARY,385.03,215.66,0.56,1861707069,1,15
210,7,52,36202,51308,90460,vaccine_administration,HC,,,,,,3,75,69.99,30-07-2025,30-07-2025,03-09-2025,28-08-2025,"{""icd_10"": {""1"": ""Z00.129"", ""2"": ""Z23"", ""3"": ""Z29.3""}, ""procedures"": {""1"": ""2""}, ""actual_procedures"": {""1"": ""Z23""}}",1: Z23,CO,45,45,,,,,45,,,,"MOLINA HEALTHCARE OF NEVADA, INC.",mco_medicaid,PRIMARY,385.03,215.66,0.56,1861707069,1,15
211,1,53,32649,47755,99383,well_visit,HC,EP,25,,,,1,260,123.94,28-07-2025,28-07-2025,03-09-2025,28-08-2025,"{""icd_10"": {""1"": ""Z00.129"", ""2"": ""Z71.3"", ""3"": ""Z71.82"", ""4"": ""Z68.52"", ""5"": ""Z29.3"", ""6"": ""Z23"", ""7"": ""Z01.020"", ""8"": ""Z02.5""}, ""procedures"": {""1"": ""1"", ""2"": ""2"", ""3"": ""3"", ""4"": ""4""}, ""actual_procedures"": {""1"": ""Z00.129"", ""2"": ""Z71.3"", ""3"": ""Z71.82"", ""4"": ""Z68.52""}}","1: Z00.129 | 2: Z71.3
3: Z71.82 | 4: Z68.52",CO,45,45,,,,,45,,,,"MOLINA HEALTHCARE OF NEVADA, INC.",mco_medicaid,PRIMARY,480.03,247.9,0.52,1073015541,11,143
211,2,54,32649,47755,99173,diagnostic,HC,,,,,,1,20,0,28-07-2025,28-07-2025,03-09-2025,28-08-2025,"{""icd_10"": {""1"": ""Z00.129"", ""2"": ""Z71.3"", ""3"": ""Z71.82"", ""4"": ""Z68.52"", ""5"": ""Z29.3"", ""6"": ""Z23"", ""7"": ""Z01.020"", ""8"": ""Z02.5""}, ""procedures"": {""1"": ""7""}, ""actual_procedures"": {""1"": ""Z01.020""}}",1: Z01.020,CO,204,204,,N130,N130,,204,,N130,,"MOLINA HEALTHCARE OF NEVADA, INC.",mco_medicaid,PRIMARY,480.03,247.9,0.52,1073015541,11,143
211,3,55,32649,47755,99188,procedure,HC,,,,,,1,40,12.92,28-07-2025,28-07-2025,03-09-2025,28-08-2025,"{""icd_10"": {""1"": ""Z00.129"", ""2"": ""Z71.3"", ""3"": ""Z71.82"", ""4"": ""Z68.52"", ""5"": ""Z29.3"", ""6"": ""Z23"", ""7"": ""Z01.020"", ""8"": ""Z02.5""}, ""procedures"": {""1"": ""5""}, ""actual_procedures"": {""1"": ""Z29.3""}}",1: Z29.3,CO,45,45,,,,,45,,,,"MOLINA HEALTHCARE OF NEVADA, INC.",mco_medicaid,PRIMARY,480.03,247.9,0.52,1073015541,11,143
211,4,56,32649,47755,93000,poc,HC,59,,,,,1,35,17.93,28-07-2025,28-07-2025,03-09-2025,28-08-2025,"{""icd_10"": {""1"": ""Z00.129"", ""2"": ""Z71.3"", ""3"": ""Z71.82"", ""4"": ""Z68.52"", ""5"": ""Z29.3"", ""6"": ""Z23"", ""7"": ""Z01.020"", ""8"": ""Z02.5""}, ""procedures"": {""1"": ""8""}, ""actual_procedures"": {""1"": ""Z02.5""}}",1: Z02.5,CO,45,45,,,,,45,,,,"MOLINA HEALTHCARE OF NEVADA, INC.",mco_medicaid,PRIMARY,480.03,247.9,0.52,1073015541,11,143
211,5,57,32649,47755,90460,vaccine_administration,HC,,,,,,3,75,69.99,28-07-2025,28-07-2025,03-09-2025,28-08-2025,"{""icd_10"": {""1"": ""Z00.129"", ""2"": ""Z71.3"", ""3"": ""Z71.82"", ""4"": ""Z68.52"", ""5"": ""Z29.3"", ""6"": ""Z23"", ""7"": ""Z01.020"", ""8"": ""Z02.5""}, ""procedures"": {""1"": ""6""}, ""actual_procedures"": {""1"": ""Z23""}}",1: Z23,CO,45,45,,,,,45,,,,"MOLINA HEALTHCARE OF NEVADA, INC.",mco_medicaid,PRIMARY,480.03,247.9,0.52,1073015541,11,143
211,6,58,32649,47755,90651,vaccine,HC,,,,,,1,0.01,0,28-07-2025,28-07-2025,03-09-2025,28-08-2025,"{""icd_10"": {""1"": ""Z00.129"", ""2"": ""Z71.3"", ""3"": ""Z71.82"", ""4"": ""Z68.52"", ""5"": ""Z29.3"", ""6"": ""Z23"", ""7"": ""Z01.020"", ""8"": ""Z02.5""}, ""procedures"": {""1"": ""6""}, ""actual_procedures"": {""1"": ""Z23""}}",1: Z23,CO,246,246,,,,,246,,,,"MOLINA HEALTHCARE OF NEVADA, INC.",mco_medicaid,PRIMARY,480.03,247.9,0.52,1073015541,11,143
211,7,59,32649,47755,90715,vaccine,HC,,,,,,1,0.01,0,28-07-2025,28-07-2025,03-09-2025,28-08-2025,"{""icd_10"": {""1"": ""Z00.129"", ""2"": ""Z71.3"", ""3"": ""Z71.82"", ""4"": ""Z68.52"", ""5"": ""Z29.3"", ""6"": ""Z23"", ""7"": ""Z01.020"", ""8"": ""Z02.5""}, ""procedures"": {""1"": ""6""}, ""actual_procedures"": {""1"": ""Z23""}}",1: Z23,CO,246,246,,,,,246,,,,"MOLINA HEALTHCARE OF NEVADA, INC.",mco_medicaid,PRIMARY,480.03,247.9,0.52,1073015541,11,143
211,8,60,32649,47755,90619,vaccine,HC,,,,,,1,0.01,0,28-07-2025,28-07-2025,03-09-2025,28-08-2025,"{""icd_10"": {""1"": ""Z00.129"", ""2"": ""Z71.3"", ""3"": ""Z71.82"", ""4"": ""Z68.52"", ""5"": ""Z29.3"", ""6"": ""Z23"", ""7"": ""Z01.020"", ""8"": ""Z02.5""}, ""procedures"": {""1"": ""6""}, ""actual_procedures"": {""1"": ""Z23""}}",1: Z23,CO,246,246,,,,,246,,,,"MOLINA HEALTHCARE OF NEVADA, INC.",mco_medicaid,PRIMARY,480.03,247.9,0.52,1073015541,11,143
211,9,61,32649,47755,90472,vaccine_administration,HC,,,,,,2,50,23.12,28-07-2025,28-07-2025,03-09-2025,28-08-2025,"{""icd_10"": {""1"": ""Z00.129"", ""2"": ""Z71.3"", ""3"": ""Z71.82"", ""4"": ""Z68.52"", ""5"": ""Z29.3"", ""6"": ""Z23"", ""7"": ""Z01.020"", ""8"": ""Z02.5""}, ""procedures"": {""1"": ""6""}, ""actual_procedures"": {""1"": ""Z23""}}",1: Z23,CO,45,45,,,,,45,,,,"MOLINA HEALTHCARE OF NEVADA, INC.",mco_medicaid,PRIMARY,480.03,247.9,0.52,1073015541,11,143
212,1,62,31496,46602,99383,well_visit,HC,EP,25,,,,1,260,123.94,06-08-2025,06-08-2025,03-09-2025,28-08-2025,"{""icd_10"": {""1"": ""Z00.129"", ""2"": ""Z68.53"", ""3"": ""Z71.3"", ""4"": ""Z71.82"", ""5"": ""Z29.3"", ""6"": ""Z23"", ""7"": ""Z13.31""}, ""procedures"": {""1"": ""1"", ""2"": ""2"", ""3"": ""3"", ""4"": ""4""}, ""actual_procedures"": {""1"": ""Z00.129"", ""2"": ""Z68.53"", ""3"": ""Z71.3"", ""4"": ""Z71.82""}, ""icd_10_procedures_mismatch"": false}","1: Z00.129 | 2: Z68.53
3: Z71.3 | 4: Z71.82",CO,45,45,,,,,45,,,,"MOLINA HEALTHCARE OF NEVADA, INC.",mco_medicaid,PRIMARY,450.03,235.03,0.52,1073015541,11,140
212,2,63,31496,46602,96127,procedure,HC,,,,,,1,25,5.06,06-08-2025,06-08-2025,03-09-2025,28-08-2025,"{""icd_10"": {""1"": ""Z00.129"", ""2"": ""Z68.53"", ""3"": ""Z71.3"", ""4"": ""Z71.82"", ""5"": ""Z29.3"", ""6"": ""Z23"", ""7"": ""Z13.31""}, ""procedures"": {""1"": ""7""}, ""actual_procedures"": {""1"": ""Z13.31""}, ""icd_10_procedures_mismatch"": false}",1: Z13.31,CO,45,45,,,,,45,,,,"MOLINA HEALTHCARE OF NEVADA, INC.",mco_medicaid,PRIMARY,450.03,235.03,0.52,1073015541,11,140
212,3,64,31496,46602,90460,vaccine_administration,HC,,,,,,3,75,69.99,06-08-2025,06-08-2025,03-09-2025,28-08-2025,"{""icd_10"": {""1"": ""Z00.129"", ""2"": ""Z68.53"", ""3"": ""Z71.3"", ""4"": ""Z71.82"", ""5"": ""Z29.3"", ""6"": ""Z23"", ""7"": ""Z13.31""}, ""procedures"": {""1"": ""6""}, ""actual_procedures"": {""1"": ""Z23""}, ""icd_10_procedures_mismatch"": false}",1: Z23,CO,45,45,,,,,45,,,,"MOLINA HEALTHCARE OF NEVADA, INC.",mco_medicaid,PRIMARY,450.03,235.03,0.52,1073015541,11,140
212,4,65,31496,46602,90715,vaccine,HC,,,,,,1,0.01,0,06-08-2025,06-08-2025,03-09-2025,28-08-2025,"{""icd_10"": {""1"": ""Z00.129"", ""2"": ""Z68.53"", ""3"": ""Z71.3"", ""4"": ""Z71.82"", ""5"": ""Z29.3"", ""6"": ""Z23"", ""7"": ""Z13.31""}, ""procedures"": {""1"": ""6""}, ""actual_procedures"": {""1"": ""Z23""}, ""icd_10_procedures_mismatch"": false}",1: Z23,CO,246,246,,,,,246,,,,"MOLINA HEALTHCARE OF NEVADA, INC.",mco_medicaid,PRIMARY,450.03,235.03,0.52,1073015541,11,140
212,5,66,31496,46602,90619,vaccine,HC,,,,,,1,0.01,0,06-08-2025,06-08-2025,03-09-2025,28-08-2025,"{""icd_10"": {""1"": ""Z00.129"", ""2"": ""Z68.53"", ""3"": ""Z71.3"", ""4"": ""Z71.82"", ""5"": ""Z29.3"", ""6"": ""Z23"", ""7"": ""Z13.31""}, ""procedures"": {""1"": ""6""}, ""actual_procedures"": {""1"": ""Z23""}, ""icd_10_procedures_mismatch"": false}",1: Z23,CO,246,246,,,,,246,,,,"MOLINA HEALTHCARE OF NEVADA, INC.",mco_medicaid,PRIMARY,450.03,235.03,0.52,1073015541,11,140
212,6,67,31496,46602,90472,vaccine_administration,HC,,,,,,2,50,23.12,06-08-2025,06-08-2025,03-09-2025,28-08-2025,"{""icd_10"": {""1"": ""Z00.129"", ""2"": ""Z68.53"", ""3"": ""Z71.3"", ""4"": ""Z71.82"", ""5"": ""Z29.3"", ""6"": ""Z23"", ""7"": ""Z13.31""}, ""procedures"": {""1"": ""6""}, ""actual_procedures"": {""1"": ""Z23""}, ""icd_10_procedures_mismatch"": false}",1: Z23,CO,45,45,,,,,45,,,,"MOLINA HEALTHCARE OF NEVADA, INC.",mco_medicaid,PRIMARY,450.03,235.03,0.52,1073015541,11,140
212,7,68,31496,46602,90651,vaccine,HC,,,,,,1,0.01,0,06-08-2025,06-08-2025,03-09-2025,28-08-2025,"{""icd_10"": {""1"": ""Z00.129"", ""2"": ""Z68.53"", ""3"": ""Z71.3"", ""4"": ""Z71.82"", ""5"": ""Z29.3"", ""6"": ""Z23"", ""7"": ""Z13.31""}, ""procedures"": {""1"": ""6""}, ""actual_procedures"": {""1"": ""Z23""}, ""icd_10_procedures_mismatch"": false}",1: Z23,CO,246,246,,,,,246,,,,"MOLINA HEALTHCARE OF NEVADA, INC.",mco_medicaid,PRIMARY,450.03,235.03,0.52,1073015541,11,140
212,8,69,31496,46602,99188,procedure,HC,,,,,,1,40,12.92,06-08-2025,06-08-2025,03-09-2025,28-08-2025,"{""icd_10"": {""1"": ""Z00.129"", ""2"": ""Z68.53"", ""3"": ""Z71.3"", ""4"": ""Z71.82"", ""5"": ""Z29.3"", ""6"": ""Z23"", ""7"": ""Z13.31""}, ""procedures"": {""1"": ""5""}, ""actual_procedures"": {""1"": ""Z29.3""}, ""icd_10_procedures_mismatch"": false}",1: Z29.3,CO,45,45,,,,,45,,,,"MOLINA HEALTHCARE OF NEVADA, INC.",mco_medicaid,PRIMARY,450.03,235.03,0.52,1073015541,11,140
213,1,70,2132362,17238,99213,sick_visit,HC,,,,,,1,150,75.16,31-07-2025,31-07-2025,03-09-2025,28-08-2025,"{""icd_10"": {""1"": ""R30.9"", ""2"": ""N76.0"", ""3"": ""N39.0"", ""4"": ""Z09""}, ""procedures"": {""1"": ""1"", ""2"": ""2"", ""3"": ""3"", ""4"": ""4""}, ""actual_procedures"": {""1"": ""R30.9"", ""2"": ""N76.0"", ""3"": ""N39.0"", ""4"": ""Z09""}}","1: R30.9 | 2: N76.0
3: N39.0 | 4: Z09",CO,45,45,,,,,45,,,,"MOLINA HEALTHCARE OF NEVADA, INC.",mco_medicaid,PRIMARY,150,75.16,0.5,1073015541,5,71
214,1,71,29949,45055,99393,well_visit,HC,EP,,,,,1,230,109.25,30-07-2025,30-07-2025,03-09-2025,28-08-2025,"{""icd_10"": {""1"": ""Z00.129"", ""2"": ""Z71.3"", ""3"": ""Z71.82"", ""4"": ""Z68.52""}, ""procedures"": {""1"": ""1"", ""2"": ""2"", ""3"": ""3"", ""4"": ""4""}, ""actual_procedures"": {""1"": ""Z00.129"", ""2"": ""Z71.3"", ""3"": ""Z71.82"", ""4"": ""Z68.52""}}","1: Z00.129 | 2: Z71.3
3: Z71.82 | 4: Z68.52",CO,45,45,,,,,45,,,,"MOLINA HEALTHCARE OF NEVADA, INC.",mco_medicaid,PRIMARY,230,109.25,0.48,1861707069,9,118
215,1,72,29963,45069,99382,well_visit,HC,EP,25,,,,1,240,118.84,03-07-2025,03-07-2025,03-09-2025,28-08-2025,"{""icd_10"": {""1"": ""Z00.129"", ""2"": ""Z71.3"", ""3"": ""Z68.53"", ""4"": ""Z71.82"", ""5"": ""Z29.3""}, ""procedures"": {""1"": ""1"", ""2"": ""2"", ""3"": ""3"", ""4"": ""4""}, ""actual_procedures"": {""1"": ""Z00.129"", ""2"": ""Z71.3"", ""3"": ""Z68.53"", ""4"": ""Z71.82""}}","1: Z00.129 | 2: Z71.3
3: Z68.53 | 4: Z71.82",CO,45,45,,,,,45,,,,"MOLINA HEALTHCARE OF NEVADA, INC.",mco_medicaid,PRIMARY,280,131.76,0.47,1073015541,4,54
215,2,73,29963,45069,99188,procedure,HC,,,,,,1,40,12.92,03-07-2025,03-07-2025,03-09-2025,28-08-2025,"{""icd_10"": {""1"": ""Z00.129"", ""2"": ""Z71.3"", ""3"": ""Z68.53"", ""4"": ""Z71.82"", ""5"": ""Z29.3""}, ""procedures"": {""1"": ""5""}, ""actual_procedures"": {""1"": ""Z29.3""}}",1: Z29.3,CO,45,45,,,,,45,,,,"MOLINA HEALTHCARE OF NEVADA, INC.",mco_medicaid,PRIMARY,280,131.76,0.47,1073015541,4,54
216,1,74,29958,45064,99393,well_visit,HC,EP,25,,,,1,230,109.25,30-07-2025,30-07-2025,03-09-2025,28-08-2025,"{""icd_10"": {""1"": ""Z00.129"", ""2"": ""Z71.3"", ""3"": ""Z71.82"", ""4"": ""Z68.52"", ""5"": ""Z29.3""}, ""procedures"": {""1"": ""1"", ""2"": ""2"", ""3"": ""3"", ""4"": ""4""}, ""actual_procedures"": {""1"": ""Z00.129"", ""2"": ""Z71.3"", ""3"": ""Z71.82"", ""4"": ""Z68.52""}}","1: Z00.129 | 2: Z71.3
3: Z71.82 | 4: Z68.52",CO,45,45,,,,,45,,,,"MOLINA HEALTHCARE OF NEVADA, INC.",mco_medicaid,PRIMARY,270,122.17,0.45,1861707069,5,60
216,2,75,29958,45064,99188,procedure,HC,,,,,,1,40,12.92,30-07-2025,30-07-2025,03-09-2025,28-08-2025,"{""icd_10"": {""1"": ""Z00.129"", ""2"": ""Z71.3"", ""3"": ""Z71.82"", ""4"": ""Z68.52"", ""5"": ""Z29.3""}, ""procedures"": {""1"": ""5""}, ""actual_procedures"": {""1"": ""Z29.3""}}",1: Z29.3,CO,45,45,,,,,45,,,,"MOLINA HEALTHCARE OF NEVADA, INC.",mco_medicaid,PRIMARY,270,122.17,0.45,1861707069,5,60
217,1,1,36521,51627,99213,sick_visit,HC,U6,25,,,,1,150,67.64,12-08-2025,12-08-2025,28-08-2025,26-08-2025,"{""icd_10"": {""1"": ""Z00.129"", ""2"": ""Z30.02"", ""3"": ""Z71.3"", ""4"": ""Z71.82"", ""5"": ""Z23"", ""6"": ""R04.0"", ""7"": ""Z68.54"", ""8"": ""Z13.31"", ""9"": ""Z29.3""}, ""procedures"": {""1"": ""6""}, ""actual_procedures"": {""1"": ""R04.0""}}",1: R04.0,CO,45,45,,N381,N381,,45,,N381,,ANTHEM BCBS HEALTHCARE SOLUTIONS,mco_medicaid,PRIMARY,845.16,245.45,0.29,1861707069,17,213
217,2,2,36521,51627,99394,well_visit,HC,EP,25,,,,1,260,107.48,12-08-2025,12-08-2025,28-08-2025,26-08-2025,"{""icd_10"": {""1"": ""Z00.129"", ""2"": ""Z30.02"", ""3"": ""Z71.3"", ""4"": ""Z71.82"", ""5"": ""Z23"", ""6"": ""R04.0"", ""7"": ""Z68.54"", ""8"": ""Z13.31"", ""9"": ""Z29.3""}, ""procedures"": {""1"": ""1"", ""2"": ""3"", ""3"": ""4"", ""4"": ""7""}, ""actual_procedures"": {""1"": ""Z00.129"", ""2"": ""Z71.3"", ""3"": ""Z71.82"", ""4"": ""Z68.54""}}","1: Z00.129 | 2: Z71.3
3: Z71.82 | 4: Z68.54",CO,45,45,,N381,N381,,45,,N381,,ANTHEM BCBS HEALTHCARE SOLUTIONS,mco_medicaid,PRIMARY,845.16,245.45,0.29,1861707069,17,213
217,3,3,36521,51627,99401,Counseling - Preventive Counseling,HC,FP,,,,,1,70.16,33.15,12-08-2025,12-08-2025,28-08-2025,26-08-2025,"{""icd_10"": {""1"": ""Z00.129"", ""2"": ""Z30.02"", ""3"": ""Z71.3"", ""4"": ""Z71.82"", ""5"": ""Z23"", ""6"": ""R04.0"", ""7"": ""Z68.54"", ""8"": ""Z13.31"", ""9"": ""Z29.3""}, ""procedures"": {""1"": ""2""}, ""actual_procedures"": {""1"": ""Z30.02""}}",1: Z30.02,CO,45,45,,N381,N381,,45,,N381,,ANTHEM BCBS HEALTHCARE SOLUTIONS,mco_medicaid,PRIMARY,845.16,245.45,0.29,1861707069,17,213
217,4,4,36521,51627,96127,procedure,HC,,,,,,1,25,4.55,12-08-2025,12-08-2025,28-08-2025,26-08-2025,"{""icd_10"": {""1"": ""Z00.129"", ""2"": ""Z30.02"", ""3"": ""Z71.3"", ""4"": ""Z71.82"", ""5"": ""Z23"", ""6"": ""R04.0"", ""7"": ""Z68.54"", ""8"": ""Z13.31"", ""9"": ""Z29.3""}, ""procedures"": {""1"": ""8""}, ""actual_procedures"": {""1"": ""Z13.31""}}",1: Z13.31,CO,45,45,,N381,N381,,45,,N381,,ANTHEM BCBS HEALTHCARE SOLUTIONS,mco_medicaid,PRIMARY,845.16,245.45,0.29,1861707069,17,213
217,5,5,36521,51627,90460,vaccine_administration,HC,,,,,,1,25,21,12-08-2025,12-08-2025,28-08-2025,26-08-2025,"{""icd_10"": {""1"": ""Z00.129"", ""2"": ""Z30.02"", ""3"": ""Z71.3"", ""4"": ""Z71.82"", ""5"": ""Z23"", ""6"": ""R04.0"", ""7"": ""Z68.54"", ""8"": ""Z13.31"", ""9"": ""Z29.3""}, ""procedures"": {""1"": ""5""}, ""actual_procedures"": {""1"": ""Z23""}}",1: Z23,CO,45,45,,N381,N381,,45,,N381,,ANTHEM BCBS HEALTHCARE SOLUTIONS,mco_medicaid,PRIMARY,845.16,245.45,0.29,1861707069,17,213
217,6,6,36521,51627,90621,vaccine,HC,,,,,,0,275,0,12-08-2025,12-08-2025,28-08-2025,26-08-2025,"{""icd_10"": {""1"": ""Z00.129"", ""2"": ""Z30.02"", ""3"": ""Z71.3"", ""4"": ""Z71.82"", ""5"": ""Z23"", ""6"": ""R04.0"", ""7"": ""Z68.54"", ""8"": ""Z13.31"", ""9"": ""Z29.3""}, ""procedures"": {""1"": ""5""}, ""actual_procedures"": {""1"": ""Z23""}}",1: Z23,CO,45,45,,N381,N381,,45,,N381,,ANTHEM BCBS HEALTHCARE SOLUTIONS,mco_medicaid,PRIMARY,845.16,245.45,0.29,1861707069,17,213
217,7,7,36521,51627,99188,procedure,HC,,,,,,1,40,11.63,12-08-2025,12-08-2025,28-08-2025,26-08-2025,"{""icd_10"": {""1"": ""Z00.129"", ""2"": ""Z30.02"", ""3"": ""Z71.3"", ""4"": ""Z71.82"", ""5"": ""Z23"", ""6"": ""R04.0"", ""7"": ""Z68.54"", ""8"": ""Z13.31"", ""9"": ""Z29.3""}, ""procedures"": {""1"": ""1""}, ""actual_procedures"": {""1"": ""Z00.129""}}",1: Z00.129,CO,45,45,,N381,N381,,45,,N381,,ANTHEM BCBS HEALTHCARE SOLUTIONS,mco_medicaid,PRIMARY,845.16,245.45,0.29,1861707069,17,213
218,1,8,36072,51178,99213,sick_visit,HC,U6,25,,,,1,150,67.64,31-07-2025,31-07-2025,28-08-2025,26-08-2025,"{""icd_10"": {""1"": ""Z00.129"", ""2"": ""Z71.3"", ""3"": ""D64.9"", ""4"": ""Z23"", ""5"": ""Z29.3""}, ""procedures"": {""1"": ""3""}, ""actual_procedures"": {""1"": ""D64.9""}}",1: D64.9,CO,45,45,,N381,N381,,45,,N381,,ANTHEM BCBS HEALTHCARE SOLUTIONS,mco_medicaid,PRIMARY,563.24,272.14,0.48,1861707069,1,13
218,2,9,36072,51178,99392,well_visit,HC,EP,25,,,,1,220,98.67,31-07-2025,31-07-2025,28-08-2025,26-08-2025,"{""icd_10"": {""1"": ""Z00.129"", ""2"": ""Z71.3"", ""3"": ""D64.9"", ""4"": ""Z23"", ""5"": ""Z29.3""}, ""procedures"": {""1"": ""1"", ""2"": ""2""}, ""actual_procedures"": {""1"": ""Z00.129"", ""2"": ""Z71.3""}}",1: Z00.129 | 2: Z71.3,CO,45,45,,N381,N381,,45,,N381,,ANTHEM BCBS HEALTHCARE SOLUTIONS,mco_medicaid,PRIMARY,563.24,272.14,0.48,1861707069,1,13
218,3,10,36072,51178,90472,vaccine_administration,HC,,,,,,3,75,31.21,31-07-2025,31-07-2025,28-08-2025,26-08-2025,"{""icd_10"": {""1"": ""Z00.129"", ""2"": ""Z71.3"", ""3"": ""D64.9"", ""4"": ""Z23"", ""5"": ""Z29.3""}, ""procedures"": {""1"": ""4""}, ""actual_procedures"": {""1"": ""Z23""}}",1: Z23,CO,45,45,,N381,N381,,45,,N381,,ANTHEM BCBS HEALTHCARE SOLUTIONS,mco_medicaid,PRIMARY,563.24,272.14,0.48,1861707069,1,13
218,4,11,36072,51178,99188,procedure,HC,,,,,,1,40,11.63,31-07-2025,31-07-2025,28-08-2025,26-08-2025,"{""icd_10"": {""1"": ""Z00.129"", ""2"": ""Z71.3"", ""3"": ""D64.9"", ""4"": ""Z23"", ""5"": ""Z29.3""}, ""procedures"": {""1"": ""5""}, ""actual_procedures"": {""1"": ""Z29.3""}}",1: Z29.3,CO,45,45,,N381,N381,,45,,N381,,ANTHEM BCBS HEALTHCARE SOLUTIONS,mco_medicaid,PRIMARY,563.24,272.14,0.48,1861707069,1,13
218,5,12,36072,51178,90460,vaccine_administration,HC,,,,,,3,75,62.99,31-07-2025,31-07-2025,28-08-2025,26-08-2025,"{""icd_10"": {""1"": ""Z00.129"", ""2"": ""Z71.3"", ""3"": ""D64.9"", ""4"": ""Z23"", ""5"": ""Z29.3""}, ""procedures"": {""1"": ""4""}, ""actual_procedures"": {""1"": ""Z23""}}",1: Z23,CO,45,45,,N381,N381,,45,,N381,,ANTHEM BCBS HEALTHCARE SOLUTIONS,mco_medicaid,PRIMARY,563.24,272.14,0.48,1861707069,1,13
218,6,13,36072,51178,90716,vaccine,HC,,,,,,0,0,0,31-07-2025,31-07-2025,28-08-2025,26-08-2025,"{""icd_10"": {""1"": ""Z00.129"", ""2"": ""Z71.3"", ""3"": ""D64.9"", ""4"": ""Z23"", ""5"": ""Z29.3""}, ""procedures"": {""1"": ""4""}, ""actual_procedures"": {""1"": ""Z23""}}",1: Z23,,,,,,,,,,,,ANTHEM BCBS HEALTHCARE SOLUTIONS,mco_medicaid,PRIMARY,563.24,272.14,0.48,1861707069,1,13
218,7,14,36072,51178,90707,vaccine,HC,,,,,,0,0,0,31-07-2025,31-07-2025,28-08-2025,26-08-2025,"{""icd_10"": {""1"": ""Z00.129"", ""2"": ""Z71.3"", ""3"": ""D64.9"", ""4"": ""Z23"", ""5"": ""Z29.3""}, ""procedures"": {""1"": ""4""}, ""actual_procedures"": {""1"": ""Z23""}}",1: Z23,,,,,,,,,,,,ANTHEM BCBS HEALTHCARE SOLUTIONS,mco_medicaid,PRIMARY,563.24,272.14,0.48,1861707069,1,13
218,8,15,36072,51178,90633,vaccine,HC,,,,,,0,0,0,31-07-2025,31-07-2025,28-08-2025,26-08-2025,"{""icd_10"": {""1"": ""Z00.129"", ""2"": ""Z71.3"", ""3"": ""D64.9"", ""4"": ""Z23"", ""5"": ""Z29.3""}, ""procedures"": {""1"": ""4""}, ""actual_procedures"": {""1"": ""Z23""}}",1: Z23,,,,,,,,,,,,ANTHEM BCBS HEALTHCARE SOLUTIONS,mco_medicaid,PRIMARY,563.24,272.14,0.48,1861707069,1,13
218,9,16,36072,51178,85018,poc,HC,QW,,,,,0,3.24,0,31-07-2025,31-07-2025,28-08-2025,26-08-2025,"{""icd_10"": {""1"": ""Z00.129"", ""2"": ""Z71.3"", ""3"": ""D64.9"", ""4"": ""Z23"", ""5"": ""Z29.3""}, ""procedures"": {""1"": ""3""}, ""actual_procedures"": {""1"": ""D64.9""}}",1: D64.9,CO,97,97,,N19,N19,,97,,N19,,ANTHEM BCBS HEALTHCARE SOLUTIONS,mco_medicaid,PRIMARY,563.24,272.14,0.48,1861707069,1,13
219,1,17,29758,44864,99213,sick_visit,HC,U6,25,,,,1,150,67.64,12-08-2025,12-08-2025,28-08-2025,26-08-2025,"{""icd_10"": {""1"": ""Z00.129"", ""2"": ""Z71.3"", ""3"": ""Z71.82"", ""4"": ""Z23"", ""5"": ""F84.0"", ""6"": ""Z68.52"", ""7"": ""Z29.3""}, ""procedures"": {""1"": ""5""}, ""actual_procedures"": {""1"": ""F84.0""}}",1: F84.0,CO,45,45,,N381,N381,,45,,N381,,ANTHEM BCBS HEALTHCARE SOLUTIONS,mco_medicaid,PRIMARY,585,293.14,0.5,1861707069,3,41
219,2,18,29758,44864,99392,well_visit,HC,EP,25,,,,1,220,98.67,12-08-2025,12-08-2025,28-08-2025,26-08-2025,"{""icd_10"": {""1"": ""Z00.129"", ""2"": ""Z71.3"", ""3"": ""Z71.82"", ""4"": ""Z23"", ""5"": ""F84.0"", ""6"": ""Z68.52"", ""7"": ""Z29.3""}, ""procedures"": {""1"": ""1"", ""2"": ""2"", ""3"": ""3"", ""4"": ""6""}, ""actual_procedures"": {""1"": ""Z00.129"", ""2"": ""Z71.3"", ""3"": ""Z71.82"", ""4"": ""Z68.52""}}","1: Z00.129 | 2: Z71.3
3: Z71.82 | 4: Z68.52",CO,45,45,,N381,N381,,45,,N381,,ANTHEM BCBS HEALTHCARE SOLUTIONS,mco_medicaid,PRIMARY,585,293.14,0.5,1861707069,3,41
219,3,19,29758,44864,90460,vaccine_administration,HC,,,,,,4,100,83.99,12-08-2025,12-08-2025,28-08-2025,26-08-2025,"{""icd_10"": {""1"": ""Z00.129"", ""2"": ""Z71.3"", ""3"": ""Z71.82"", ""4"": ""Z23"", ""5"": ""F84.0"", ""6"": ""Z68.52"", ""7"": ""Z29.3""}, ""procedures"": {""1"": ""4""}, ""actual_procedures"": {""1"": ""Z23""}}",1: Z23,CO,45,45,,N381,N381,,45,,N381,,ANTHEM BCBS HEALTHCARE SOLUTIONS,mco_medicaid,PRIMARY,585,293.14,0.5,1861707069,3,41
219,4,20,29758,44864,99188,procedure,HC,,,,,,1,40,11.63,12-08-2025,12-08-2025,28-08-2025,26-08-2025,"{""icd_10"": {""1"": ""Z00.129"", ""2"": ""Z71.3"", ""3"": ""Z71.82"", ""4"": ""Z23"", ""5"": ""F84.0"", ""6"": ""Z68.52"", ""7"": ""Z29.3""}, ""procedures"": {""1"": ""7""}, ""actual_procedures"": {""1"": ""Z29.3""}}",1: Z29.3,CO,45,45,,N381,N381,,45,,N381,,ANTHEM BCBS HEALTHCARE SOLUTIONS,mco_medicaid,PRIMARY,585,293.14,0.5,1861707069,3,41
219,5,21,29758,44864,90700,vaccine,HC,,,,,,0,0,0,12-08-2025,12-08-2025,28-08-2025,26-08-2025,"{""icd_10"": {""1"": ""Z00.129"", ""2"": ""Z71.3"", ""3"": ""Z71.82"", ""4"": ""Z23"", ""5"": ""F84.0"", ""6"": ""Z68.52"", ""7"": ""Z29.3""}, ""procedures"": {""1"": ""4""}, ""actual_procedures"": {""1"": ""Z23""}}",1: Z23,,,,,,,,,,,,ANTHEM BCBS HEALTHCARE SOLUTIONS,mco_medicaid,PRIMARY,585,293.14,0.5,1861707069,3,41
219,6,22,29758,44864,90713,vaccine,HC,,,,,,0,0,0,12-08-2025,12-08-2025,28-08-2025,26-08-2025,"{""icd_10"": {""1"": ""Z00.129"", ""2"": ""Z71.3"", ""3"": ""Z71.82"", ""4"": ""Z23"", ""5"": ""F84.0"", ""6"": ""Z68.52"", ""7"": ""Z29.3""}, ""procedures"": {""1"": ""4""}, ""actual_procedures"": {""1"": ""Z23""}}",1: Z23,,,,,,,,,,,,ANTHEM BCBS HEALTHCARE SOLUTIONS,mco_medicaid,PRIMARY,585,293.14,0.5,1861707069,3,41
219,7,23,29758,44864,90743,vaccine,HC,,,,,,0,0,0,12-08-2025,12-08-2025,28-08-2025,26-08-2025,"{""icd_10"": {""1"": ""Z00.129"", ""2"": ""Z71.3"", ""3"": ""Z71.82"", ""4"": ""Z23"", ""5"": ""F84.0"", ""6"": ""Z68.52"", ""7"": ""Z29.3""}, ""procedures"": {""1"": ""4""}, ""actual_procedures"": {""1"": ""Z23""}}",1: Z23,,,,,,,,,,,,ANTHEM BCBS HEALTHCARE SOLUTIONS,mco_medicaid,PRIMARY,585,293.14,0.5,1861707069,3,41
219,8,24,29758,44864,90647,vaccine,HC,,,,,,0,0,0,12-08-2025,12-08-2025,28-08-2025,26-08-2025,"{""icd_10"": {""1"": ""Z00.129"", ""2"": ""Z71.3"", ""3"": ""Z71.82"", ""4"": ""Z23"", ""5"": ""F84.0"", ""6"": ""Z68.52"", ""7"": ""Z29.3""}, ""procedures"": {""1"": ""4""}, ""actual_procedures"": {""1"": ""Z23""}}",1: Z23,,,,,,,,,,,,ANTHEM BCBS HEALTHCARE SOLUTIONS,mco_medicaid,PRIMARY,585,293.14,0.5,1861707069,3,41
219,9,25,29758,44864,90472,vaccine_administration,HC,,,,,,3,75,31.21,12-08-2025,12-08-2025,28-08-2025,26-08-2025,"{""icd_10"": {""1"": ""Z00.129"", ""2"": ""Z71.3"", ""3"": ""Z71.82"", ""4"": ""Z23"", ""5"": ""F84.0"", ""6"": ""Z68.52"", ""7"": ""Z29.3""}, ""procedures"": {""1"": ""4""}, ""actual_procedures"": {""1"": ""Z23""}}",1: Z23,CO,45,45,,N381,N381,,45,,N381,,ANTHEM BCBS HEALTHCARE SOLUTIONS,mco_medicaid,PRIMARY,585,293.14,0.5,1861707069,3,41
220,1,26,36256,51362,90633,vaccine,HC,,,,,,0,0,0,12-08-2025,12-08-2025,28-08-2025,26-08-2025,"{""icd_10"": {""1"": ""Z00.129"", ""2"": ""Z71.3"", ""3"": ""Z23"", ""4"": ""Z13.41""}, ""procedures"": {""1"": ""3""}, ""actual_procedures"": {""1"": ""Z23""}}",1: Z23,,,,,,,,,,,,ANTHEM BCBS HEALTHCARE SOLUTIONS,mco_medicaid,PRIMARY,459.8,262.85,0.57,1861707069,2,24
220,2,27,36256,51362,99392,well_visit,HC,EP,25,,,,1,220,98.67,12-08-2025,12-08-2025,28-08-2025,26-08-2025,"{""icd_10"": {""1"": ""Z00.129"", ""2"": ""Z71.3"", ""3"": ""Z23"", ""4"": ""Z13.41""}, ""procedures"": {""1"": ""1"", ""2"": ""2""}, ""actual_procedures"": {""1"": ""Z00.129"", ""2"": ""Z71.3""}}",1: Z00.129 | 2: Z71.3,CO,45,45,,N381,N381,,45,,N381,,ANTHEM BCBS HEALTHCARE SOLUTIONS,mco_medicaid,PRIMARY,459.8,262.85,0.57,1861707069,2,24
220,3,28,36256,51362,90460,vaccine_administration,HC,,,,,,6,150,125.98,12-08-2025,12-08-2025,28-08-2025,26-08-2025,"{""icd_10"": {""1"": ""Z00.129"", ""2"": ""Z71.3"", ""3"": ""Z23"", ""4"": ""Z13.41""}, ""procedures"": {""1"": ""3""}, ""actual_procedures"": {""1"": ""Z23""}}",1: Z23,CO,45,45,,N381,N381,,45,,N381,,ANTHEM BCBS HEALTHCARE SOLUTIONS,mco_medicaid,PRIMARY,459.8,262.85,0.57,1861707069,2,24
220,4,29,36256,51362,90472,vaccine_administration,HC,,,,,,3,75,31.21,12-08-2025,12-08-2025,28-08-2025,26-08-2025,"{""icd_10"": {""1"": ""Z00.129"", ""2"": ""Z71.3"", ""3"": ""Z23"", ""4"": ""Z13.41""}, ""procedures"": {""1"": ""3""}, ""actual_procedures"": {""1"": ""Z23""}}",1: Z23,CO,45,45,,N381,N381,,45,,N381,,ANTHEM BCBS HEALTHCARE SOLUTIONS,mco_medicaid,PRIMARY,459.8,262.85,0.57,1861707069,2,24
220,5,30,36256,51362,96110,procedure,HC,,,,,,1,14.8,6.99,12-08-2025,12-08-2025,28-08-2025,26-08-2025,"{""icd_10"": {""1"": ""Z00.129"", ""2"": ""Z71.3"", ""3"": ""Z23"", ""4"": ""Z13.41""}, ""procedures"": {""1"": ""4""}, ""actual_procedures"": {""1"": ""Z13.41""}}",1: Z13.41,CO,45,45,,N381,N381,,45,,N381,,ANTHEM BCBS HEALTHCARE SOLUTIONS,mco_medicaid,PRIMARY,459.8,262.85,0.57,1861707069,2,24
220,6,31,36256,51362,90700,vaccine,HC,,,,,,0,0,0,12-08-2025,12-08-2025,28-08-2025,26-08-2025,"{""icd_10"": {""1"": ""Z00.129"", ""2"": ""Z71.3"", ""3"": ""Z23"", ""4"": ""Z13.41""}, ""procedures"": {""1"": ""3""}, ""actual_procedures"": {""1"": ""Z23""}}",1: Z23,,,,,,,,,,,,ANTHEM BCBS HEALTHCARE SOLUTIONS,mco_medicaid,PRIMARY,459.8,262.85,0.57,1861707069,2,24
220,7,32,36256,51362,90743,vaccine,HC,,,,,,0,0,0,12-08-2025,12-08-2025,28-08-2025,26-08-2025,"{""icd_10"": {""1"": ""Z00.129"", ""2"": ""Z71.3"", ""3"": ""Z23"", ""4"": ""Z13.41""}, ""procedures"": {""1"": ""3""}, ""actual_procedures"": {""1"": ""Z23""}}",1: Z23,,,,,,,,,,,,ANTHEM BCBS HEALTHCARE SOLUTIONS,mco_medicaid,PRIMARY,459.8,262.85,0.57,1861707069,2,24
220,8,33,36256,51362,90713,vaccine,HC,,,,,,0,0,0,12-08-2025,12-08-2025,28-08-2025,26-08-2025,"{""icd_10"": {""1"": ""Z00.129"", ""2"": ""Z71.3"", ""3"": ""Z23"", ""4"": ""Z13.41""}, ""procedures"": {""1"": ""3""}, ""actual_procedures"": {""1"": ""Z23""}}",1: Z23,,,,,,,,,,,,ANTHEM BCBS HEALTHCARE SOLUTIONS,mco_medicaid,PRIMARY,459.8,262.85,0.57,1861707069,2,24
220,9,34,36256,51362,90671,vaccine,HC,,,,,,0,0,0,12-08-2025,12-08-2025,28-08-2025,26-08-2025,"{""icd_10"": {""1"": ""Z00.129"", ""2"": ""Z71.3"", ""3"": ""Z23"", ""4"": ""Z13.41""}, ""procedures"": {""1"": ""3""}, ""actual_procedures"": {""1"": ""Z23""}}",1: Z23,,,,,,,,,,,,ANTHEM BCBS HEALTHCARE SOLUTIONS,mco_medicaid,PRIMARY,459.8,262.85,0.57,1861707069,2,24
220,10,35,36256,51362,90647,vaccine,HC,,,,,,0,0,0,12-08-2025,12-08-2025,28-08-2025,26-08-2025,"{""icd_10"": {""1"": ""Z00.129"", ""2"": ""Z71.3"", ""3"": ""Z23"", ""4"": ""Z13.41""}, ""procedures"": {""1"": ""3""}, ""actual_procedures"": {""1"": ""Z23""}}",1: Z23,,,,,,,,,,,,ANTHEM BCBS HEALTHCARE SOLUTIONS,mco_medicaid,PRIMARY,459.8,262.85,0.57,1861707069,2,24
221,1,36,36060,51166,99382,well_visit,HC,EP,,,,,1,240,106.96,21-07-2025,21-07-2025,28-08-2025,26-08-2025,"{""icd_10"": {""1"": ""Z00.129"", ""2"": ""Z71.3"", ""3"": ""Z68.52""}, ""procedures"": {""1"": ""1"", ""2"": ""2"", ""3"": ""3""}, ""actual_procedures"": {""1"": ""Z00.129"", ""2"": ""Z71.3"", ""3"": ""Z68.52""}}","1: Z00.129 | 2: Z71.3
3: Z68.52",CO,45,45,,N381,N381,,45,,N381,,ANTHEM BCBS HEALTHCARE SOLUTIONS,mco_medicaid,PRIMARY,240,106.96,0.45,1861707069,3,41
222,1,37,2145,17251,99213,sick_visit,HC,U6,25,,,,1,150,67.64,21-07-2025,21-07-2025,28-08-2025,26-08-2025,"{""icd_10"": {""1"": ""Z00.129"", ""2"": ""Z23"", ""3"": ""L22""}, ""procedures"": {""1"": ""3""}, ""actual_procedures"": {""1"": ""L22""}}",1: L22,CO,45,45,,N381,N381,,45,,N381,,ANTHEM BCBS HEALTHCARE SOLUTIONS,mco_medicaid,PRIMARY,500,254.27,0.51,1861707069,0,5
222,2,38,2145,17251,99391,well_visit,HC,EP,25,,,,1,200,92.43,21-07-2025,21-07-2025,28-08-2025,26-08-2025,"{""icd_10"": {""1"": ""Z00.129"", ""2"": ""Z23"", ""3"": ""L22""}, ""procedures"": {""1"": ""1"", ""2"": ""3""}, ""actual_procedures"": {""1"": ""Z00.129"", ""2"": ""L22""}}",1: Z00.129 | 2: L22,CO,45,45,,N381,N381,,45,,N381,,ANTHEM BCBS HEALTHCARE SOLUTIONS,mco_medicaid,PRIMARY,500,254.27,0.51,1861707069,0,5
222,3,39,2145,17251,90698,vaccine_administration,HC,,,,,,0,0,0,21-07-2025,21-07-2025,28-08-2025,26-08-2025,"{""icd_10"": {""1"": ""Z00.129"", ""2"": ""Z23"", ""3"": ""L22""}, ""procedures"": {""1"": ""2""}, ""actual_procedures"": {""1"": ""Z23""}}",1: Z23,,,,,,,,,,,,ANTHEM BCBS HEALTHCARE SOLUTIONS,mco_medicaid,PRIMARY,500,254.27,0.51,1861707069,0,5
222,4,40,2145,17251,90671,vaccine,HC,,,,,,0,0,0,21-07-2025,21-07-2025,28-08-2025,26-08-2025,"{""icd_10"": {""1"": ""Z00.129"", ""2"": ""Z23"", ""3"": ""L22""}, ""procedures"": {""1"": ""2""}, ""actual_procedures"": {""1"": ""Z23""}}",1: Z23,,,,,,,,,,,,ANTHEM BCBS HEALTHCARE SOLUTIONS,mco_medicaid,PRIMARY,500,254.27,0.51,1861707069,0,5
222,5,41,2145,17251,90680,vaccine,HC,,,,,,0,0,0,21-07-2025,21-07-2025,28-08-2025,26-08-2025,"{""icd_10"": {""1"": ""Z00.129"", ""2"": ""Z23"", ""3"": ""L22""}, ""procedures"": {""1"": ""2""}, ""actual_procedures"": {""1"": ""Z23""}}",1: Z23,,,,,,,,,,,,ANTHEM BCBS HEALTHCARE SOLUTIONS,mco_medicaid,PRIMARY,500,254.27,0.51,1861707069,0,5
222,6,42,2145,17251,90460,vaccine_administration,HC,,,,,,3,75,62.99,21-07-2025,21-07-2025,28-08-2025,26-08-2025,"{""icd_10"": {""1"": ""Z00.129"", ""2"": ""Z23"", ""3"": ""L22""}, ""procedures"": {""1"": ""2""}, ""actual_procedures"": {""1"": ""Z23""}}",1: Z23,CO,45,45,,N381,N381,,45,,N381,,ANTHEM BCBS HEALTHCARE SOLUTIONS,mco_medicaid,PRIMARY,500,254.27,0.51,1861707069,0,5
222,7,43,2145,17251,90472,vaccine_administration,HC,,,,,,3,75,31.21,21-07-2025,21-07-2025,28-08-2025,26-08-2025,"{""icd_10"": {""1"": ""Z00.129"", ""2"": ""Z23"", ""3"": ""L22""}, ""procedures"": {""1"": ""2""}, ""actual_procedures"": {""1"": ""Z23""}}",1: Z23,CO,45,45,,N381,N381,,45,,N381,,ANTHEM BCBS HEALTHCARE SOLUTIONS,mco_medicaid,PRIMARY,500,254.27,0.51,1861707069,0,5
223,1,44,29762,44868,99392,well_visit,HC,EP,25,,,,1,220,98.67,21-07-2025,21-07-2025,28-08-2025,26-08-2025,"{""icd_10"": {""1"": ""Z00.129"", ""2"": ""Z23""}, ""procedures"": {""1"": ""1""}, ""actual_procedures"": {""1"": ""Z00.129""}}",1: Z00.129,CO,45,45,,N381,N381,,45,,N381,,ANTHEM BCBS HEALTHCARE SOLUTIONS,mco_medicaid,PRIMARY,370,192.87,0.52,1861707069,1,12
223,2,45,29762,44868,90460,vaccine_administration,HC,,,,,,3,75,62.99,21-07-2025,21-07-2025,28-08-2025,26-08-2025,"{""icd_10"": {""1"": ""Z00.129"", ""2"": ""Z23""}, ""procedures"": {""1"": ""2""}, ""actual_procedures"": {""1"": ""Z23""}}",1: Z23,CO,45,45,,N381,N381,,45,,N381,,ANTHEM BCBS HEALTHCARE SOLUTIONS,mco_medicaid,PRIMARY,370,192.87,0.52,1861707069,1,12
223,3,46,29762,44868,90633,vaccine,HC,,,,,,0,0,0,21-07-2025,21-07-2025,28-08-2025,26-08-2025,"{""icd_10"": {""1"": ""Z00.129"", ""2"": ""Z23""}, ""procedures"": {""1"": ""2""}, ""actual_procedures"": {""1"": ""Z23""}}",1: Z23,,,,,,,,,,,,ANTHEM BCBS HEALTHCARE SOLUTIONS,mco_medicaid,PRIMARY,370,192.87,0.52,1861707069,1,12
223,4,47,29762,44868,90707,vaccine,HC,,,,,,0,0,0,21-07-2025,21-07-2025,28-08-2025,26-08-2025,"{""icd_10"": {""1"": ""Z00.129"", ""2"": ""Z23""}, ""procedures"": {""1"": ""2""}, ""actual_procedures"": {""1"": ""Z23""}}",1: Z23,,,,,,,,,,,,ANTHEM BCBS HEALTHCARE SOLUTIONS,mco_medicaid,PRIMARY,370,192.87,0.52,1861707069,1,12
223,5,48,29762,44868,90716,vaccine,HC,,,,,,0,0,0,21-07-2025,21-07-2025,28-08-2025,26-08-2025,"{""icd_10"": {""1"": ""Z00.129"", ""2"": ""Z23""}, ""procedures"": {""1"": ""2""}, ""actual_procedures"": {""1"": ""Z23""}}",1: Z23,,,,,,,,,,,,ANTHEM BCBS HEALTHCARE SOLUTIONS,mco_medicaid,PRIMARY,370,192.87,0.52,1861707069,1,12
223,6,49,29762,44868,90472,vaccine_administration,HC,,,,,,3,75,31.21,21-07-2025,21-07-2025,28-08-2025,26-08-2025,"{""icd_10"": {""1"": ""Z00.129"", ""2"": ""Z23""}, ""procedures"": {""1"": ""2""}, ""actual_procedures"": {""1"": ""Z23""}}",1: Z23,CO,45,45,,N381,N381,,45,,N381,,ANTHEM BCBS HEALTHCARE SOLUTIONS,mco_medicaid,PRIMARY,370,192.87,0.52,1861707069,1,12
224,1,50,35696,50802,99213,sick_visit,HC,U6,25,,,,1,150,67.64,12-08-2025,12-08-2025,28-08-2025,26-08-2025,"{""icd_10"": {""1"": ""Z00.129"", ""2"": ""Z71.3"", ""3"": ""Z23"", ""4"": ""D64.9""}, ""procedures"": {""1"": ""4""}, ""actual_procedures"": {""1"": ""D64.9""}}",1: D64.9,CO,45,45,,N381,N381,,45,,N381,,ANTHEM BCBS HEALTHCARE SOLUTIONS,mco_medicaid,PRIMARY,523.24,260.51,0.5,1861707069,1,12
224,2,51,35696,50802,99392,well_visit,HC,EP,25,,,,1,220,98.67,12-08-2025,12-08-2025,28-08-2025,26-08-2025,"{""icd_10"": {""1"": ""Z00.129"", ""2"": ""Z71.3"", ""3"": ""Z23"", ""4"": ""D64.9""}, ""procedures"": {""1"": ""1"", ""2"": ""2""}, ""actual_procedures"": {""1"": ""Z00.129"", ""2"": ""Z71.3""}}",1: Z00.129 | 2: Z71.3,CO,45,45,,N381,N381,,45,,N381,,ANTHEM BCBS HEALTHCARE SOLUTIONS,mco_medicaid,PRIMARY,523.24,260.51,0.5,1861707069,1,12
224,3,52,35696,50802,85018,poc,HC,QW,,,,,0,3.24,0,12-08-2025,12-08-2025,28-08-2025,26-08-2025,"{""icd_10"": {""1"": ""Z00.129"", ""2"": ""Z71.3"", ""3"": ""Z23"", ""4"": ""D64.9""}, ""procedures"": {""1"": ""4""}, ""actual_procedures"": {""1"": ""D64.9""}}",1: D64.9,CO,97,97,,N19,N19,,97,,N19,,ANTHEM BCBS HEALTHCARE SOLUTIONS,mco_medicaid,PRIMARY,523.24,260.51,0.5,1861707069,1,12
224,4,53,35696,50802,90460,vaccine_administration,HC,,,,,,3,75,62.99,12-08-2025,12-08-2025,28-08-2025,26-08-2025,"{""icd_10"": {""1"": ""Z00.129"", ""2"": ""Z71.3"", ""3"": ""Z23"", ""4"": ""D64.9""}, ""procedures"": {""1"": ""3""}, ""actual_procedures"": {""1"": ""Z23""}}",1: Z23,CO,45,45,,N381,N381,,45,,N381,,ANTHEM BCBS HEALTHCARE SOLUTIONS,mco_medicaid,PRIMARY,523.24,260.51,0.5,1861707069,1,12
224,5,54,35696,50802,90633,vaccine,HC,,,,,,0,0,0,12-08-2025,12-08-2025,28-08-2025,26-08-2025,"{""icd_10"": {""1"": ""Z00.129"", ""2"": ""Z71.3"", ""3"": ""Z23"", ""4"": ""D64.9""}, ""procedures"": {""1"": ""3""}, ""actual_procedures"": {""1"": ""Z23""}}",1: Z23,,,,,,,,,,,,ANTHEM BCBS HEALTHCARE SOLUTIONS,mco_medicaid,PRIMARY,523.24,260.51,0.5,1861707069,1,12
224,6,55,35696,50802,90707,vaccine,HC,,,,,,0,0,0,12-08-2025,12-08-2025,28-08-2025,26-08-2025,"{""icd_10"": {""1"": ""Z00.129"", ""2"": ""Z71.3"", ""3"": ""Z23"", ""4"": ""D64.9""}, ""procedures"": {""1"": ""3""}, ""actual_procedures"": {""1"": ""Z23""}}",1: Z23,,,,,,,,,,,,ANTHEM BCBS HEALTHCARE SOLUTIONS,mco_medicaid,PRIMARY,523.24,260.51,0.5,1861707069,1,12
224,7,56,35696,50802,90716,vaccine,HC,,,,,,0,0,0,12-08-2025,12-08-2025,28-08-2025,26-08-2025,"{""icd_10"": {""1"": ""Z00.129"", ""2"": ""Z71.3"", ""3"": ""Z23"", ""4"": ""D64.9""}, ""procedures"": {""1"": ""3""}, ""actual_procedures"": {""1"": ""Z23""}}",1: Z23,,,,,,,,,,,,ANTHEM BCBS HEALTHCARE SOLUTIONS,mco_medicaid,PRIMARY,523.24,260.51,0.5,1861707069,1,12
224,8,57,35696,50802,90472,vaccine_administration,HC,,,,,,3,75,31.21,12-08-2025,12-08-2025,28-08-2025,26-08-2025,"{""icd_10"": {""1"": ""Z00.129"", ""2"": ""Z71.3"", ""3"": ""Z23"", ""4"": ""D64.9""}, ""procedures"": {""1"": ""1""}, ""actual_procedures"": {""1"": ""Z00.129""}}",1: Z00.129,CO,45,45,,N381,N381,,45,,N381,,ANTHEM BCBS HEALTHCARE SOLUTIONS,mco_medicaid,PRIMARY,523.24,260.51,0.5,1861707069,1,12
225,1,58,35829,50935,99213,sick_visit,HC,25,,,,,1,150,67.64,21-07-2025,21-07-2025,28-08-2025,26-08-2025,"{""icd_10"": {""1"": ""L85.3"", ""2"": ""Z23""}, ""procedures"": {""1"": ""1""}, ""actual_procedures"": {""1"": ""L85.3""}}",1: L85.3,CO,45,45,,N381,N381,,45,,N381,,ANTHEM BCBS HEALTHCARE SOLUTIONS,mco_medicaid,PRIMARY,200,109.63,0.55,1861707069,13,160
225,2,59,35829,50935,90633,vaccine,HC,,,,,,0,0,0,21-07-2025,21-07-2025,28-08-2025,26-08-2025,"{""icd_10"": {""1"": ""L85.3"", ""2"": ""Z23""}, ""procedures"": {""1"": ""2""}, ""actual_procedures"": {""1"": ""Z23""}}",1: Z23,,,,,,,,,,,,ANTHEM BCBS HEALTHCARE SOLUTIONS,mco_medicaid,PRIMARY,200,109.63,0.55,1861707069,13,160
225,3,60,35829,50935,90651,vaccine,HC,,,,,,0,0,0,21-07-2025,21-07-2025,28-08-2025,26-08-2025,"{""icd_10"": {""1"": ""L85.3"", ""2"": ""Z23""}, ""procedures"": {""1"": ""2""}, ""actual_procedures"": {""1"": ""Z23""}}",1: Z23,,,,,,,,,,,,ANTHEM BCBS HEALTHCARE SOLUTIONS,mco_medicaid,PRIMARY,200,109.63,0.55,1861707069,13,160
225,4,61,35829,50935,90460,vaccine_administration,HC,,,,,,2,50,41.99,21-07-2025,21-07-2025,28-08-2025,26-08-2025,"{""icd_10"": {""1"": ""L85.3"", ""2"": ""Z23""}, ""procedures"": {""1"": ""2""}, ""actual_procedures"": {""1"": ""Z23""}}",1: Z23,CO,45,45,,N381,N381,,45,,N381,,ANTHEM BCBS HEALTHCARE SOLUTIONS,mco_medicaid,PRIMARY,200,109.63,0.55,1861707069,13,160
226,1,62,34277,49383,99394,well_visit,HC,EP,25,,,,1,260,107.48,12-08-2025,12-08-2025,28-08-2025,26-08-2025,"{""icd_10"": {""1"": ""Z00.129"", ""2"": ""Z71.3"", ""3"": ""Z71.82"", ""4"": ""Z23"", ""5"": ""E66.9"", ""6"": ""Z68.54"", ""7"": ""Z29.3"", ""8"": ""Z13.31""}, ""procedures"": {""1"": ""1"", ""2"": ""2"", ""3"": ""3"", ""4"": ""6""}, ""actual_procedures"": {""1"": ""Z00.129"", ""2"": ""Z71.3"", ""3"": ""Z71.82"", ""4"": ""Z68.54""}}","1: Z00.129 | 2: Z71.3
3: Z71.82 | 4: Z68.54",CO,45,45,,N381,N381,,45,,N381,,ANTHEM BCBS HEALTHCARE SOLUTIONS,mco_medicaid,PRIMARY,475,217.86,0.46,1861707069,12,145
226,2,63,34277,49383,99188,procedure,HC,,,,,,1,40,11.63,12-08-2025,12-08-2025,28-08-2025,26-08-2025,"{""icd_10"": {""1"": ""Z00.129"", ""2"": ""Z71.3"", ""3"": ""Z71.82"", ""4"": ""Z23"", ""5"": ""E66.9"", ""6"": ""Z68.54"", ""7"": ""Z29.3"", ""8"": ""Z13.31""}, ""procedures"": {""1"": ""7""}, ""actual_procedures"": {""1"": ""Z29.3""}}",1: Z29.3,CO,45,45,,N381,N381,,45,,N381,,ANTHEM BCBS HEALTHCARE SOLUTIONS,mco_medicaid,PRIMARY,475,217.86,0.46,1861707069,12,145
226,3,64,34277,49383,96127,procedure,HC,,,,,,1,25,4.55,12-08-2025,12-08-2025,28-08-2025,26-08-2025,"{""icd_10"": {""1"": ""Z00.129"", ""2"": ""Z71.3"", ""3"": ""Z71.82"", ""4"": ""Z23"", ""5"": ""E66.9"", ""6"": ""Z68.54"", ""7"": ""Z29.3"", ""8"": ""Z13.31""}, ""procedures"": {""1"": ""8""}, ""actual_procedures"": {""1"": ""Z13.31""}}",1: Z13.31,CO,45,45,,N381,N381,,45,,N381,,ANTHEM BCBS HEALTHCARE SOLUTIONS,mco_medicaid,PRIMARY,475,217.86,0.46,1861707069,12,145
226,4,65,34277,49383,90715,vaccine,HC,,,,,,0,0,0,12-08-2025,12-08-2025,28-08-2025,26-08-2025,"{""icd_10"": {""1"": ""Z00.129"", ""2"": ""Z71.3"", ""3"": ""Z71.82"", ""4"": ""Z23"", ""5"": ""E66.9"", ""6"": ""Z68.54"", ""7"": ""Z29.3"", ""8"": ""Z13.31""}, ""procedures"": {""1"": ""4""}, ""actual_procedures"": {""1"": ""Z23""}}",1: Z23,,,,,,,,,,,,ANTHEM BCBS HEALTHCARE SOLUTIONS,mco_medicaid,PRIMARY,475,217.86,0.46,1861707069,12,145
226,5,66,34277,49383,90619,vaccine,HC,,,,,,0,0,0,12-08-2025,12-08-2025,28-08-2025,26-08-2025,"{""icd_10"": {""1"": ""Z00.129"", ""2"": ""Z71.3"", ""3"": ""Z71.82"", ""4"": ""Z23"", ""5"": ""E66.9"", ""6"": ""Z68.54"", ""7"": ""Z29.3"", ""8"": ""Z13.31""}, ""procedures"": {""1"": ""4""}, ""actual_procedures"": {""1"": ""Z23""}}",1: Z23,,,,,,,,,,,,ANTHEM BCBS HEALTHCARE SOLUTIONS,mco_medicaid,PRIMARY,475,217.86,0.46,1861707069,12,145
226,6,67,34277,49383,90651,vaccine,HC,,,,,,0,0,0,12-08-2025,12-08-2025,28-08-2025,26-08-2025,"{""icd_10"": {""1"": ""Z00.129"", ""2"": ""Z71.3"", ""3"": ""Z71.82"", ""4"": ""Z23"", ""5"": ""E66.9"", ""6"": ""Z68.54"", ""7"": ""Z29.3"", ""8"": ""Z13.31""}, ""procedures"": {""1"": ""4""}, ""actual_procedures"": {""1"": ""Z23""}}",1: Z23,,,,,,,,,,,,ANTHEM BCBS HEALTHCARE SOLUTIONS,mco_medicaid,PRIMARY,475,217.86,0.46,1861707069,12,145
226,7,68,34277,49383,90460,vaccine_administration,HC,,,,,,3,75,62.99,12-08-2025,12-08-2025,28-08-2025,26-08-2025,"{""icd_10"": {""1"": ""Z00.129"", ""2"": ""Z71.3"", ""3"": ""Z71.82"", ""4"": ""Z23"", ""5"": ""E66.9"", ""6"": ""Z68.54"", ""7"": ""Z29.3"", ""8"": ""Z13.31""}, ""procedures"": {""1"": ""4""}, ""actual_procedures"": {""1"": ""Z23""}}",1: Z23,CO,45,45,,N381,N381,,45,,N381,,ANTHEM BCBS HEALTHCARE SOLUTIONS,mco_medicaid,PRIMARY,475,217.86,0.46,1861707069,12,145
226,8,69,34277,49383,90472,vaccine_administration,HC,,,,,,3,75,31.21,12-08-2025,12-08-2025,28-08-2025,26-08-2025,"{""icd_10"": {""1"": ""Z00.129"", ""2"": ""Z71.3"", ""3"": ""Z71.82"", ""4"": ""Z23"", ""5"": ""E66.9"", ""6"": ""Z68.54"", ""7"": ""Z29.3"", ""8"": ""Z13.31""}, ""procedures"": {""1"": ""4""}, ""actual_procedures"": {""1"": ""Z23""}}",1: Z23,CO,45,45,,N381,N381,,45,,N381,,ANTHEM BCBS HEALTHCARE SOLUTIONS,mco_medicaid,PRIMARY,475,217.86,0.46,1861707069,12,145
227,1,1,2141,17247,99204,sick_visit,HC,,,,,,1,320,0,07-03-2025,07-03-2025,04-09-2025,29-08-2025,"{""icd_10"": {""1"": ""J01.90"", ""2"": ""R09.81"", ""3"": ""R05.9"", ""4"": ""J06.0"", ""5"": ""R09.82""}, ""procedures"": {""1"": ""1"", ""2"": ""2"", ""3"": ""3"", ""4"": ""4""}, ""actual_procedures"": {""1"": ""J01.90"", ""2"": ""R09.81"", ""3"": ""R05.9"", ""4"": ""J06.0""}}","1: J01.90 | 2: R09.81
3: R05.9 | 4: J06.0","CO,PR","45,1",45,1,,,,45,1,,,MERITAIN HEALTH,private,PRIMARY,385,0,0,,3,37
227,2,2,2141,17247,94760,respiratory,HC,,,,,,1,15,0,07-03-2025,07-03-2025,04-09-2025,29-08-2025,"{""icd_10"": {""1"": ""J01.90"", ""2"": ""R09.81"", ""3"": ""R05.9"", ""4"": ""J06.0"", ""5"": ""R09.82""}, ""procedures"": {""1"": ""1"", ""2"": ""2"", ""3"": ""3"", ""4"": ""4""}, ""actual_procedures"": {""1"": ""J01.90"", ""2"": ""R09.81"", ""3"": ""R05.9"", ""4"": ""J06.0""}}","1: J01.90 | 2: R09.81
3: R05.9 | 4: J06.0","CO,PR","45,1",45,1,,,,45,1,,,MERITAIN HEALTH,private,PRIMARY,385,0,0,,3,37
227,3,3,2141,17247,87807,poc,HC,,,,,,1,25,0,07-03-2025,07-03-2025,04-09-2025,29-08-2025,"{""icd_10"": {""1"": ""J01.90"", ""2"": ""R09.81"", ""3"": ""R05.9"", ""4"": ""J06.0"", ""5"": ""R09.82""}, ""procedures"": {""1"": ""1"", ""2"": ""2"", ""3"": ""3"", ""4"": ""5""}, ""actual_procedures"": {""1"": ""J01.90"", ""2"": ""R09.81"", ""3"": ""R05.9"", ""4"": ""R09.82""}}","1: J01.90 | 2: R09.81
3: R05.9 | 4: R09.82","CO,PR","45,1",45,1,,,,45,1,,,MERITAIN HEALTH,private,PRIMARY,385,0,0,,3,37
227,4,4,2141,17247,87880,poc,HC,,,,,,1,25,0,07-03-2025,07-03-2025,04-09-2025,29-08-2025,"{""icd_10"": {""1"": ""J01.90"", ""2"": ""R09.81"", ""3"": ""R05.9"", ""4"": ""J06.0"", ""5"": ""R09.82""}, ""procedures"": {""1"": ""1"", ""2"": ""2"", ""3"": ""3"", ""4"": ""4""}, ""actual_procedures"": {""1"": ""J01.90"", ""2"": ""R09.81"", ""3"": ""R05.9"", ""4"": ""J06.0""}}","1: J01.90 | 2: R09.81
3: R05.9 | 4: J06.0","CO,PR","45,1",45,1,,,,45,1,,,MERITAIN HEALTH,private,PRIMARY,385,0,0,,3,37
228,1,1,35906,51012,99213,sick_visit,HC,25,,,,,0,150,6.93,21-07-2025,21-07-2025,03-09-2025,28-08-2025,"{""icd_10"": {""1"": ""Z00.129"", ""2"": ""Z23"", ""3"": ""R09.81""}, ""procedures"": {""1"": ""3""}, ""actual_procedures"": {""1"": ""R09.81""}}",1: R09.81,"CO,PR","45,3",45,3,,,,45,3,,,UNITED HEALTHCARE INSURANCE COMPANY,private,PRIMARY,665,306.4,0.46,1073015541,0,2
228,2,2,35906,51012,99391,well_visit,HC,25,,,,,0,200,99.05,21-07-2025,21-07-2025,03-09-2025,28-08-2025,"{""icd_10"": {""1"": ""Z00.129"", ""2"": ""Z23"", ""3"": ""R09.81""}, ""procedures"": {""1"": ""1""}, ""actual_procedures"": {""1"": ""Z00.129""}}",1: Z00.129,CO,45,45,,,,,45,,,,UNITED HEALTHCARE INSURANCE COMPANY,private,PRIMARY,665,306.4,0.46,1073015541,0,2
228,3,3,35906,51012,90460,vaccine_administration,HC,,,,,,2,50,28.88,21-07-2025,21-07-2025,03-09-2025,28-08-2025,"{""icd_10"": {""1"": ""Z00.129"", ""2"": ""Z23"", ""3"": ""R09.81""}, ""procedures"": {""1"": ""2""}, ""actual_procedures"": {""1"": ""Z23""}}",1: Z23,CO,45,45,,,,,45,,,,UNITED HEALTHCARE INSURANCE COMPANY,private,PRIMARY,665,306.4,0.46,1073015541,0,2
228,4,4,35906,51012,94760,respiratory,HC,59,,,,,0,15,0,21-07-2025,21-07-2025,03-09-2025,28-08-2025,"{""icd_10"": {""1"": ""Z00.129"", ""2"": ""Z23"", ""3"": ""R09.81""}, ""procedures"": {""1"": ""3""}, ""actual_procedures"": {""1"": ""R09.81""}}",1: R09.81,CO,97,97,,N19,N19,,97,,N19,,UNITED HEALTHCARE INSURANCE COMPANY,private,PRIMARY,665,306.4,0.46,1073015541,0,2
228,5,5,35906,51012,90700,vaccine,HC,,,,,,0,50,33.89,21-07-2025,21-07-2025,03-09-2025,28-08-2025,"{""icd_10"": {""1"": ""Z00.129"", ""2"": ""Z23"", ""3"": ""R09.81""}, ""procedures"": {""1"": ""2""}, ""actual_procedures"": {""1"": ""Z23""}}",1: Z23,CO,45,45,,,,,45,,,,UNITED HEALTHCARE INSURANCE COMPANY,private,PRIMARY,665,306.4,0.46,1073015541,0,2
228,6,6,35906,51012,90680,vaccine,HC,,,,,,0,150,111.67,21-07-2025,21-07-2025,03-09-2025,28-08-2025,"{""icd_10"": {""1"": ""Z00.129"", ""2"": ""Z23"", ""3"": ""R09.81""}, ""procedures"": {""1"": ""2""}, ""actual_procedures"": {""1"": ""Z23""}}",1: Z23,CO,45,45,,,,,45,,,,UNITED HEALTHCARE INSURANCE COMPANY,private,PRIMARY,665,306.4,0.46,1073015541,0,2
228,7,7,35906,51012,90461,vaccine,HC,,,,,,2,50,25.98,21-07-2025,21-07-2025,03-09-2025,28-08-2025,"{""icd_10"": {""1"": ""Z00.129"", ""2"": ""Z23"", ""3"": ""R09.81""}, ""procedures"": {""1"": ""3""}, ""actual_procedures"": {""1"": ""R09.81""}}",1: R09.81,CO,45,45,,,,,45,,,,UNITED HEALTHCARE INSURANCE COMPANY,private,PRIMARY,665,306.4,0.46,1073015541,0,2
229,1,1,1920,17026,99213,sick_visit,HC,25,,,,,0,-150,0,12-05-2025,12-05-2025,03-09-2025,29-08-2025,"{""icd_10"": {""1"": ""R50.9"", ""2"": ""U07.1"", ""3"": ""B34.9""}, ""procedures"": {""1"": ""1"", ""2"": ""2"", ""3"": ""3""}, ""actual_procedures"": {""1"": ""R50.9"", ""2"": ""U07.1"", ""3"": ""B34.9""}}","1: R50.9 | 2: U07.1
3: B34.9",CO,16,16,,M76,M76,,16,,M76,,ANTHEM BCBS HEALTHCARE SOLUTIONS,mco_medicaid,REVERSED,-290,0,0,1861707069,0,5
229,2,2,1920,17026,87811,poc,HC,QW,,,,,0,-90,0,12-05-2025,12-05-2025,03-09-2025,29-08-2025,"{""icd_10"": {""1"": ""R50.9"", ""2"": ""U07.1"", ""3"": ""B34.9""}, ""procedures"": {""1"": ""1"", ""2"": ""2"", ""3"": ""3""}, ""actual_procedures"": {""1"": ""R50.9"", ""2"": ""U07.1"", ""3"": ""B34.9""}}","1: R50.9 | 2: U07.1
3: B34.9",CO,16,16,,M76,M76,,16,,M76,,ANTHEM BCBS HEALTHCARE SOLUTIONS,mco_medicaid,REVERSED,-290,0,0,1861707069,0,5
229,3,3,1920,17026,87804,poc,HC,QW,,,,,0,-50,0,12-05-2025,12-05-2025,03-09-2025,29-08-2025,"{""icd_10"": {""1"": ""R50.9"", ""2"": ""U07.1"", ""3"": ""B34.9""}, ""procedures"": {""1"": ""1"", ""2"": ""2"", ""3"": ""3""}, ""actual_procedures"": {""1"": ""R50.9"", ""2"": ""U07.1"", ""3"": ""B34.9""}}","1: R50.9 | 2: U07.1
3: B34.9",CO,16,16,,M76,M76,,16,,M76,,ANTHEM BCBS HEALTHCARE SOLUTIONS,mco_medicaid,REVERSED,-290,0,0,1861707069,0,5
230,1,4,1920,17026,99213,sick_visit,HC,25,,,,,1,150,67.64,12-05-2025,12-05-2025,03-09-2025,29-08-2025,"{""icd_10"": {""1"": ""R50.9"", ""2"": ""U07.1"", ""3"": ""B34.9""}, ""procedures"": {""1"": ""1"", ""2"": ""2"", ""3"": ""3""}, ""actual_procedures"": {""1"": ""R50.9"", ""2"": ""U07.1"", ""3"": ""B34.9""}}","1: R50.9 | 2: U07.1
3: B34.9",CO,45,45,,N381,N381,,45,,N381,,ANTHEM BCBS HEALTHCARE SOLUTIONS,mco_medicaid,PRIMARY,290,103.64,0.36,1861707069,0,5
230,2,5,1920,17026,87811,poc,HC,QW,,,,,1,90,16.14,12-05-2025,12-05-2025,03-09-2025,29-08-2025,"{""icd_10"": {""1"": ""R50.9"", ""2"": ""U07.1"", ""3"": ""B34.9""}, ""procedures"": {""1"": ""1"", ""2"": ""2"", ""3"": ""3""}, ""actual_procedures"": {""1"": ""R50.9"", ""2"": ""U07.1"", ""3"": ""B34.9""}}","1: R50.9 | 2: U07.1
3: B34.9",CO,45,45,,N381,N381,,45,,N381,,ANTHEM BCBS HEALTHCARE SOLUTIONS,mco_medicaid,PRIMARY,290,103.64,0.36,1861707069,0,5
230,3,6,1920,17026,87804,poc,HC,QW,,,,,2,50,19.86,12-05-2025,12-05-2025,03-09-2025,29-08-2025,"{""icd_10"": {""1"": ""R50.9"", ""2"": ""U07.1"", ""3"": ""B34.9""}, ""procedures"": {""1"": ""1"", ""2"": ""2"", ""3"": ""3""}, ""actual_procedures"": {""1"": ""R50.9"", ""2"": ""U07.1"", ""3"": ""B34.9""}}","1: R50.9 | 2: U07.1
3: B34.9",CO,45,45,,N381,N381,,45,,N381,,ANTHEM BCBS HEALTHCARE SOLUTIONS,mco_medicaid,PRIMARY,290,103.64,0.36,1861707069,0,5
231,1,7,32061,47167,99392,well_visit,HC,EP,25,,,,1,220,98.67,23-07-2025,23-07-2025,03-09-2025,29-08-2025,"{""icd_10"": {""1"": ""Z00.129"", ""2"": ""Z71.3"", ""3"": ""Z71.82"", ""4"": ""Z68.52"", ""5"": ""Z23"", ""6"": ""Z29.3""}, ""procedures"": {""1"": ""1"", ""2"": ""2"", ""3"": ""3"", ""4"": ""4""}, ""actual_procedures"": {""1"": ""Z00.129"", ""2"": ""Z71.3"", ""3"": ""Z71.82"", ""4"": ""Z68.52""}}","1: Z00.129 | 2: Z71.3
3: Z71.82 | 4: Z68.52",CO,45,45,,N381,N381,,45,,N381,,ANTHEM BCBS HEALTHCARE SOLUTIONS,mco_medicaid,PRIMARY,460.04,235.92,0.51,1861707069,4,55
231,2,8,32061,47167,99188,procedure,HC,,,,,,1,40,11.63,23-07-2025,23-07-2025,03-09-2025,29-08-2025,"{""icd_10"": {""1"": ""Z00.129"", ""2"": ""Z71.3"", ""3"": ""Z71.82"", ""4"": ""Z68.52"", ""5"": ""Z23"", ""6"": ""Z29.3""}, ""procedures"": {""1"": ""6""}, ""actual_procedures"": {""1"": ""Z29.3""}}",1: Z29.3,CO,45,45,,N381,N381,,45,,N381,,ANTHEM BCBS HEALTHCARE SOLUTIONS,mco_medicaid,PRIMARY,460.04,235.92,0.51,1861707069,4,55
231,3,9,32061,47167,90700,vaccine,HC,,,,,,0,0.01,0,23-07-2025,23-07-2025,03-09-2025,29-08-2025,"{""icd_10"": {""1"": ""Z00.129"", ""2"": ""Z71.3"", ""3"": ""Z71.82"", ""4"": ""Z68.52"", ""5"": ""Z23"", ""6"": ""Z29.3""}, ""procedures"": {""1"": ""5""}, ""actual_procedures"": {""1"": ""Z23""}}",1: Z23,CO,45,45,,N381,N381,,45,,N381,,ANTHEM BCBS HEALTHCARE SOLUTIONS,mco_medicaid,PRIMARY,460.04,235.92,0.51,1861707069,4,55
231,4,10,32061,47167,90713,vaccine,HC,,,,,,1,0.01,0.01,23-07-2025,23-07-2025,03-09-2025,29-08-2025,"{""icd_10"": {""1"": ""Z00.129"", ""2"": ""Z71.3"", ""3"": ""Z71.82"", ""4"": ""Z68.52"", ""5"": ""Z23"", ""6"": ""Z29.3""}, ""procedures"": {""1"": ""5""}, ""actual_procedures"": {""1"": ""Z23""}}",1: Z23,,,,,,,,,,,,ANTHEM BCBS HEALTHCARE SOLUTIONS,mco_medicaid,PRIMARY,460.04,235.92,0.51,1861707069,4,55
231,5,11,32061,47167,90472,vaccine_administration,HC,,,,,,4,100,41.62,23-07-2025,23-07-2025,03-09-2025,29-08-2025,"{""icd_10"": {""1"": ""Z00.129"", ""2"": ""Z71.3"", ""3"": ""Z71.82"", ""4"": ""Z68.52"", ""5"": ""Z23"", ""6"": ""Z29.3""}, ""procedures"": {""1"": ""5""}, ""actual_procedures"": {""1"": ""Z23""}}",1: Z23,CO,45,45,,N381,N381,,45,,N381,,ANTHEM BCBS HEALTHCARE SOLUTIONS,mco_medicaid,PRIMARY,460.04,235.92,0.51,1861707069,4,55
231,6,12,32061,47167,90707,vaccine,HC,,,,,,0,0.01,0,23-07-2025,23-07-2025,03-09-2025,29-08-2025,"{""icd_10"": {""1"": ""Z00.129"", ""2"": ""Z71.3"", ""3"": ""Z71.82"", ""4"": ""Z68.52"", ""5"": ""Z23"", ""6"": ""Z29.3""}, ""procedures"": {""1"": ""5""}, ""actual_procedures"": {""1"": ""Z23""}}",1: Z23,CO,45,45,,N381,N381,,45,,N381,,ANTHEM BCBS HEALTHCARE SOLUTIONS,mco_medicaid,PRIMARY,460.04,235.92,0.51,1861707069,4,55
231,7,13,32061,47167,90716,vaccine,HC,,,,,,0,0.01,0,23-07-2025,23-07-2025,03-09-2025,29-08-2025,"{""icd_10"": {""1"": ""Z00.129"", ""2"": ""Z71.3"", ""3"": ""Z71.82"", ""4"": ""Z68.52"", ""5"": ""Z23"", ""6"": ""Z29.3""}, ""procedures"": {""1"": ""5""}, ""actual_procedures"": {""1"": ""Z23""}}",1: Z23,CO,45,45,,N381,N381,,45,,N381,,ANTHEM BCBS HEALTHCARE SOLUTIONS,mco_medicaid,PRIMARY,460.04,235.92,0.51,1861707069,4,55
231,8,14,32061,47167,90460,vaccine_administration,HC,,,,,,4,100,83.99,23-07-2025,23-07-2025,03-09-2025,29-08-2025,"{""icd_10"": {""1"": ""Z00.129"", ""2"": ""Z71.3"", ""3"": ""Z71.82"", ""4"": ""Z68.52"", ""5"": ""Z23"", ""6"": ""Z29.3""}, ""procedures"": {""1"": ""5""}, ""actual_procedures"": {""1"": ""Z23""}}",1: Z23,CO,45,45,,N381,N381,,45,,N381,,ANTHEM BCBS HEALTHCARE SOLUTIONS,mco_medicaid,PRIMARY,460.04,235.92,0.51,1861707069,4,55
232,1,15,31979,47085,99393,well_visit,HC,EP,25,,,,0,230,0,23-07-2025,23-07-2025,03-09-2025,29-08-2025,"{""icd_10"": {""1"": ""Z00.129"", ""2"": ""Z71.3"", ""3"": ""Z71.82"", ""4"": ""Z68.52"", ""5"": ""Z29.3""}, ""procedures"": {""1"": ""1"", ""2"": ""2"", ""3"": ""3"", ""4"": ""4""}, ""actual_procedures"": {""1"": ""Z00.129"", ""2"": ""Z71.3"", ""3"": ""Z71.82"", ""4"": ""Z68.52""}}","1: Z00.129 | 2: Z71.3
3: Z71.82 | 4: Z68.52",PR,27,27,,,,,27,,,,ANTHEM BCBS HEALTHCARE SOLUTIONS,mco_medicaid,PRIMARY,270,0,0,1861707069,5,60
232,2,16,31979,47085,99188,procedure,HC,,,,,,0,40,0,23-07-2025,23-07-2025,03-09-2025,29-08-2025,"{""icd_10"": {""1"": ""Z00.129"", ""2"": ""Z71.3"", ""3"": ""Z71.82"", ""4"": ""Z68.52"", ""5"": ""Z29.3""}, ""procedures"": {""1"": ""5""}, ""actual_procedures"": {""1"": ""Z29.3""}}",1: Z29.3,PR,27,27,,,,,27,,,,ANTHEM BCBS HEALTHCARE SOLUTIONS,mco_medicaid,PRIMARY,270,0,0,1861707069,5,60
233,1,17,3271625,47822,99395,well_visit,HC,25,,,,,0,275,0,07-08-2025,07-08-2025,03-09-2025,29-08-2025,"{""icd_10"": {""1"": ""Z00.00"", ""2"": ""Z68.54"", ""3"": ""Z71.3"", ""4"": ""Z71.82"", ""5"": ""L83"", ""6"": ""Z30.02"", ""7"": ""Z23"", ""8"": ""Z29.3""}, ""procedures"": {""1"": ""1"", ""2"": ""2"", ""3"": ""3"", ""4"": ""4""}, ""actual_procedures"": {""1"": ""Z00.00"", ""2"": ""Z68.54"", ""3"": ""Z71.3"", ""4"": ""Z71.82""}}","1: Z00.00 | 2: Z68.54
3: Z71.3 | 4: Z71.82",PR,27,27,,,,,27,,,,ANTHEM BCBS HEALTHCARE SOLUTIONS,mco_medicaid,PRIMARY,850,0,0,1073015541,18,221
233,2,18,3271625,47822,99401,Counseling - Preventive Counseling,HC,FP,25,,,,0,50,0,07-08-2025,07-08-2025,03-09-2025,29-08-2025,"{""icd_10"": {""1"": ""Z00.00"", ""2"": ""Z68.54"", ""3"": ""Z71.3"", ""4"": ""Z71.82"", ""5"": ""L83"", ""6"": ""Z30.02"", ""7"": ""Z23"", ""8"": ""Z29.3""}, ""procedures"": {""1"": ""6""}, ""actual_procedures"": {""1"": ""Z30.02""}}",1: Z30.02,PR,27,27,,,,,27,,,,ANTHEM BCBS HEALTHCARE SOLUTIONS,mco_medicaid,PRIMARY,850,0,0,1073015541,18,221
233,3,19,3271625,47822,99188,procedure,HC,,,,,,0,40,0,07-08-2025,07-08-2025,03-09-2025,29-08-2025,"{""icd_10"": {""1"": ""Z00.00"", ""2"": ""Z68.54"", ""3"": ""Z71.3"", ""4"": ""Z71.82"", ""5"": ""L83"", ""6"": ""Z30.02"", ""7"": ""Z23"", ""8"": ""Z29.3""}, ""procedures"": {""1"": ""8""}, ""actual_procedures"": {""1"": ""Z29.3""}}",1: Z29.3,PR,27,27,,,,,27,,,,ANTHEM BCBS HEALTHCARE SOLUTIONS,mco_medicaid,PRIMARY,850,0,0,1073015541,18,221
233,4,20,3271625,47822,90619,vaccine,HC,,,,,,0,160,0,07-08-2025,07-08-2025,03-09-2025,29-08-2025,"{""icd_10"": {""1"": ""Z00.00"", ""2"": ""Z68.54"", ""3"": ""Z71.3"", ""4"": ""Z71.82"", ""5"": ""L83"", ""6"": ""Z30.02"", ""7"": ""Z23"", ""8"": ""Z29.3""}, ""procedures"": {""1"": ""7""}, ""actual_procedures"": {""1"": ""Z23""}}",1: Z23,PR,27,27,,,,,27,,,,ANTHEM BCBS HEALTHCARE SOLUTIONS,mco_medicaid,PRIMARY,850,0,0,1073015541,18,221
233,5,21,3271625,47822,90471,,HC,,,,,,0,25,0,07-08-2025,07-08-2025,03-09-2025,29-08-2025,,,PR,27,27,,,,,27,,,,ANTHEM BCBS HEALTHCARE SOLUTIONS,mco_medicaid,PRIMARY,850,0,0,1073015541,18,221
233,6,22,3271625,47822,90621,vaccine,HC,,,,,,0,275,0,07-08-2025,07-08-2025,03-09-2025,29-08-2025,"{""icd_10"": {""1"": ""Z00.00"", ""2"": ""Z68.54"", ""3"": ""Z71.3"", ""4"": ""Z71.82"", ""5"": ""L83"", ""6"": ""Z30.02"", ""7"": ""Z23"", ""8"": ""Z29.3""}, ""procedures"": {""1"": ""7""}, ""actual_procedures"": {""1"": ""Z23""}}",1: Z23,PR,27,27,,,,,27,,,,ANTHEM BCBS HEALTHCARE SOLUTIONS,mco_medicaid,PRIMARY,850,0,0,1073015541,18,221
233,7,23,3271625,47822,90472,vaccine_administration,HC,,,,,,0,25,0,07-08-2025,07-08-2025,03-09-2025,29-08-2025,,,PR,27,27,,,,,27,,,,ANTHEM BCBS HEALTHCARE SOLUTIONS,mco_medicaid,PRIMARY,850,0,0,1073015541,18,221
234,1,24,160122,16707,99213,sick_visit,HC,U6,25,,,,0,150,0,28-05-2025,28-05-2025,03-09-2025,29-08-2025,"{""icd_10"": {""1"": ""Z00.129"", ""2"": ""Z71.3"", ""3"": ""Z23"", ""4"": ""T74.4XXD"", ""5"": ""R62.50"", ""6"": ""R09.81"", ""7"": ""Z29.3""}, ""procedures"": {""1"": ""4"", ""2"": ""5"", ""3"": ""6""}, ""actual_procedures"": {""1"": ""T74.4XXD"", ""2"": ""R62.50"", ""3"": ""R09.81""}}","1: T74.4XXD | 2: R62.50
3: R09.81",PR,27,27,,,,,27,,,,ANTHEM BCBS HEALTHCARE SOLUTIONS,mco_medicaid,PRIMARY,560,0,0,1861707069,1,15
234,2,25,160122,16707,99392,well_visit,HC,EP,25,,,,0,220,0,28-05-2025,28-05-2025,03-09-2025,29-08-2025,"{""icd_10"": {""1"": ""Z00.129"", ""2"": ""Z71.3"", ""3"": ""Z23"", ""4"": ""T74.4XXD"", ""5"": ""R62.50"", ""6"": ""R09.81"", ""7"": ""Z29.3""}, ""procedures"": {""1"": ""1""}, ""actual_procedures"": {""1"": ""Z00.129""}}",1: Z00.129,PR,27,27,,,,,27,,,,ANTHEM BCBS HEALTHCARE SOLUTIONS,mco_medicaid,PRIMARY,560,0,0,1861707069,1,15
234,3,26,160122,16707,90460,vaccine_administration,HC,,,,,,0,25,0,28-05-2025,28-05-2025,03-09-2025,29-08-2025,"{""icd_10"": {""1"": ""Z00.129"", ""2"": ""Z71.3"", ""3"": ""Z23"", ""4"": ""T74.4XXD"", ""5"": ""R62.50"", ""6"": ""R09.81"", ""7"": ""Z29.3""}, ""procedures"": {""1"": ""3""}, ""actual_procedures"": {""1"": ""Z23""}}",1: Z23,PR,27,27,,,,,27,,,,ANTHEM BCBS HEALTHCARE SOLUTIONS,mco_medicaid,PRIMARY,560,0,0,1861707069,1,15
234,4,27,160122,16707,90700,vaccine,HC,,,,,,0,50,0,28-05-2025,28-05-2025,03-09-2025,29-08-2025,"{""icd_10"": {""1"": ""Z00.129"", ""2"": ""Z71.3"", ""3"": ""Z23"", ""4"": ""T74.4XXD"", ""5"": ""R62.50"", ""6"": ""R09.81"", ""7"": ""Z29.3""}, ""procedures"": {""1"": ""3""}, ""actual_procedures"": {""1"": ""Z23""}}",1: Z23,PR,27,27,,,,,27,,,,ANTHEM BCBS HEALTHCARE SOLUTIONS,mco_medicaid,PRIMARY,560,0,0,1861707069,1,15
234,5,28,160122,16707,90472,vaccine_administration,HC,,,,,,0,75,0,28-05-2025,28-05-2025,03-09-2025,29-08-2025,"{""icd_10"": {""1"": ""Z00.129"", ""2"": ""Z71.3"", ""3"": ""Z23"", ""4"": ""T74.4XXD"", ""5"": ""R62.50"", ""6"": ""R09.81"", ""7"": ""Z29.3""}, ""procedures"": {""1"": ""3""}, ""actual_procedures"": {""1"": ""Z23""}}",1: Z23,PR,27,27,,,,,27,,,,ANTHEM BCBS HEALTHCARE SOLUTIONS,mco_medicaid,PRIMARY,560,0,0,1861707069,1,15
234,6,29,160122,16707,99188,procedure,HC,,,,,,0,40,0,28-05-2025,28-05-2025,03-09-2025,29-08-2025,"{""icd_10"": {""1"": ""Z00.129"", ""2"": ""Z71.3"", ""3"": ""Z23"", ""4"": ""T74.4XXD"", ""5"": ""R62.50"", ""6"": ""R09.81"", ""7"": ""Z29.3""}, ""procedures"": {""1"": ""7""}, ""actual_procedures"": {""1"": ""Z29.3""}}",1: Z29.3,PR,27,27,,,,,27,,,,ANTHEM BCBS HEALTHCARE SOLUTIONS,mco_medicaid,PRIMARY,560,0,0,1861707069,1,15
235,1,30,160122,16707,99392,well_visit,HC,EP,25,,,,0,220,0,25-03-2025,25-03-2025,03-09-2025,29-08-2025,"{""icd_10"": {""1"": ""Z00.121"", ""2"": ""Z23"", ""3"": ""R62.50"", ""4"": ""T74.4XXS""}, ""procedures"": {""1"": ""1"", ""2"": ""3"", ""3"": ""4""}, ""actual_procedures"": {""1"": ""Z00.121"", ""2"": ""R62.50"", ""3"": ""T74.4XXS""}}","1: Z00.121 | 2: R62.50
3: T74.4XXS",OA,18,18,,,,,18,,,,ANTHEM BCBS HEALTHCARE SOLUTIONS,mco_medicaid,PRIMARY,395,0,0,1861707069,1,13
235,2,31,160122,16707,90648,vaccine,HC,,,,,,0,0,0,25-03-2025,25-03-2025,03-09-2025,29-08-2025,"{""icd_10"": {""1"": ""Z00.121"", ""2"": ""Z23"", ""3"": ""R62.50"", ""4"": ""T74.4XXS""}, ""procedures"": {""1"": ""2""}, ""actual_procedures"": {""1"": ""Z23""}}",1: Z23,,,,,,,,,,,,ANTHEM BCBS HEALTHCARE SOLUTIONS,mco_medicaid,PRIMARY,395,0,0,1861707069,1,13
235,3,32,160122,16707,90671,vaccine,HC,,,,,,0,0,0,25-03-2025,25-03-2025,03-09-2025,29-08-2025,"{""icd_10"": {""1"": ""Z00.121"", ""2"": ""Z23"", ""3"": ""R62.50"", ""4"": ""T74.4XXS""}, ""procedures"": {""1"": ""2""}, ""actual_procedures"": {""1"": ""Z23""}}",1: Z23,,,,,,,,,,,,ANTHEM BCBS HEALTHCARE SOLUTIONS,mco_medicaid,PRIMARY,395,0,0,1861707069,1,13
235,4,33,160122,16707,90633,vaccine,HC,,,,,,0,0,0,25-03-2025,25-03-2025,03-09-2025,29-08-2025,"{""icd_10"": {""1"": ""Z00.121"", ""2"": ""Z23"", ""3"": ""R62.50"", ""4"": ""T74.4XXS""}, ""procedures"": {""1"": ""2""}, ""actual_procedures"": {""1"": ""Z23""}}",1: Z23,,,,,,,,,,,,ANTHEM BCBS HEALTHCARE SOLUTIONS,mco_medicaid,PRIMARY,395,0,0,1861707069,1,13
235,5,34,160122,16707,90710,vaccine,HC,,,,,,0,0,0,25-03-2025,25-03-2025,03-09-2025,29-08-2025,"{""icd_10"": {""1"": ""Z00.121"", ""2"": ""Z23"", ""3"": ""R62.50"", ""4"": ""T74.4XXS""}, ""procedures"": {""1"": ""2""}, ""actual_procedures"": {""1"": ""Z23""}}",1: Z23,,,,,,,,,,,,ANTHEM BCBS HEALTHCARE SOLUTIONS,mco_medicaid,PRIMARY,395,0,0,1861707069,1,13
235,6,35,160122,16707,90460,vaccine_administration,HC,,,,,,0,100,0,25-03-2025,25-03-2025,03-09-2025,29-08-2025,"{""icd_10"": {""1"": ""Z00.121"", ""2"": ""Z23"", ""3"": ""R62.50"", ""4"": ""T74.4XXS""}, ""procedures"": {""1"": ""2""}, ""actual_procedures"": {""1"": ""Z23""}}",1: Z23,OA,18,18,,,,,18,,,,ANTHEM BCBS HEALTHCARE SOLUTIONS,mco_medicaid,PRIMARY,395,0,0,1861707069,1,13
235,7,36,160122,16707,90472,vaccine_administration,HC,,,,,,0,75,0,25-03-2025,25-03-2025,03-09-2025,29-08-2025,"{""icd_10"": {""1"": ""Z00.121"", ""2"": ""Z23"", ""3"": ""R62.50"", ""4"": ""T74.4XXS""}, ""procedures"": {""1"": ""2""}, ""actual_procedures"": {""1"": ""Z23""}}",1: Z23,OA,18,18,,,,,18,,,,ANTHEM BCBS HEALTHCARE SOLUTIONS,mco_medicaid,PRIMARY,395,0,0,1861707069,1,13
253,1,1,36013,51119,99213,sick_visit,HC,25,,,,,0,150,0,27-06-2025,27-06-2025,03-09-2025,25-08-2025,"{""icd_10"": {""1"": ""Z00.129"", ""2"": ""Z71.3"", ""3"": ""Z71.82"", ""4"": ""E66.9"", ""5"": ""R06.83"", ""6"": ""J35.1"", ""7"": ""Z13.31"", ""8"": ""Z68.54"", ""9"": ""Z29.3"", ""10"": ""Z23""}, ""procedures"": {""1"": ""4"", ""2"": ""5"", ""3"": ""6""}, ""actual_procedures"": {""1"": ""E66.9"", ""2"": ""R06.83"", ""3"": ""J35.1""}}","1: E66.9 | 2: R06.83
3: J35.1",PI,B10,B10,,,,,B10,,,,UMR,private,PRIMARY,1260,484.6,0.38,1861707069,12,147
253,2,2,36013,51119,99384,well_visit,HC,25,,,,,0,285,70,27-06-2025,27-06-2025,03-09-2025,25-08-2025,"{""icd_10"": {""1"": ""Z00.129"", ""2"": ""Z71.3"", ""3"": ""Z71.82"", ""4"": ""E66.9"", ""5"": ""R06.83"", ""6"": ""J35.1"", ""7"": ""Z13.31"", ""8"": ""Z68.54"", ""9"": ""Z29.3"", ""10"": ""Z23""}, ""procedures"": {""1"": ""1"", ""2"": ""2"", ""3"": ""3"", ""4"": ""8""}, ""actual_procedures"": {""1"": ""Z00.129"", ""2"": ""Z71.3"", ""3"": ""Z71.82"", ""4"": ""Z68.54""}}","1: Z00.129 | 2: Z71.3
3: Z71.82 | 4: Z68.54",CO,45,45,,,,,45,,,,UMR,private,PRIMARY,1260,484.6,0.38,1861707069,12,147
253,3,3,36013,51119,99188,procedure,HC,,,,,,0,40,24,27-06-2025,27-06-2025,03-09-2025,25-08-2025,"{""icd_10"": {""1"": ""Z00.129"", ""2"": ""Z71.3"", ""3"": ""Z71.82"", ""4"": ""E66.9"", ""5"": ""R06.83"", ""6"": ""J35.1"", ""7"": ""Z13.31"", ""8"": ""Z68.54"", ""9"": ""Z29.3"", ""10"": ""Z23""}, ""procedures"": {""1"": ""9""}, ""actual_procedures"": {""1"": ""Z29.3""}}",1: Z29.3,CO,45,45,,,,,45,,,,UMR,private,PRIMARY,1260,484.6,0.38,1861707069,12,147
253,4,4,36013,51119,90460,vaccine_administration,HC,,,,,,0,75,57.3,27-06-2025,27-06-2025,03-09-2025,25-08-2025,"{""icd_10"": {""1"": ""Z00.129"", ""2"": ""Z71.3"", ""3"": ""Z71.82"", ""4"": ""E66.9"", ""5"": ""R06.83"", ""6"": ""J35.1"", ""7"": ""Z13.31"", ""8"": ""Z68.54"", ""9"": ""Z29.3"", ""10"": ""Z23""}, ""procedures"": {""1"": ""10""}, ""actual_procedures"": {""1"": ""Z23""}}",1: Z23,CO,45,45,,,,,45,,,,UMR,private,PRIMARY,1260,484.6,0.38,1861707069,12,147
253,5,5,36013,51119,96127,procedure,HC,,,,,,0,25,3.23,27-06-2025,27-06-2025,03-09-2025,25-08-2025,"{""icd_10"": {""1"": ""Z00.129"", ""2"": ""Z71.3"", ""3"": ""Z71.82"", ""4"": ""E66.9"", ""5"": ""R06.83"", ""6"": ""J35.1"", ""7"": ""Z13.31"", ""8"": ""Z68.54"", ""9"": ""Z29.3"", ""10"": ""Z23""}, ""procedures"": {""1"": ""7""}, ""actual_procedures"": {""1"": ""Z13.31""}}",1: Z13.31,CO,45,45,,,,,45,,,,UMR,private,PRIMARY,1260,484.6,0.38,1861707069,12,147
253,6,6,36013,51119,90715,vaccine,HC,,,,,,0,150,39.07,27-06-2025,27-06-2025,03-09-2025,25-08-2025,"{""icd_10"": {""1"": ""Z00.129"", ""2"": ""Z71.3"", ""3"": ""Z71.82"", ""4"": ""E66.9"", ""5"": ""R06.83"", ""6"": ""J35.1"", ""7"": ""Z13.31"", ""8"": ""Z68.54"", ""9"": ""Z29.3"", ""10"": ""Z23""}, ""procedures"": {""1"": ""10""}, ""actual_procedures"": {""1"": ""Z23""}}",1: Z23,CO,45,45,,,,,45,,,,UMR,private,PRIMARY,1260,484.6,0.38,1861707069,12,147
253,7,7,36013,51119,90619,vaccine,HC,,,,,,0,160,96,27-06-2025,27-06-2025,03-09-2025,25-08-2025,"{""icd_10"": {""1"": ""Z00.129"", ""2"": ""Z71.3"", ""3"": ""Z71.82"", ""4"": ""E66.9"", ""5"": ""R06.83"", ""6"": ""J35.1"", ""7"": ""Z13.31"", ""8"": ""Z68.54"", ""9"": ""Z29.3"", ""10"": ""Z23""}, ""procedures"": {""1"": ""10""}, ""actual_procedures"": {""1"": ""Z23""}}",1: Z23,CO,45,45,,,,,45,,,,UMR,private,PRIMARY,1260,484.6,0.38,1861707069,12,147
253,8,8,36013,51119,90651,vaccine,HC,,,,,,0,300,180,27-06-2025,27-06-2025,03-09-2025,25-08-2025,"{""icd_10"": {""1"": ""Z00.129"", ""2"": ""Z71.3"", ""3"": ""Z71.82"", ""4"": ""E66.9"", ""5"": ""R06.83"", ""6"": ""J35.1"", ""7"": ""Z13.31"", ""8"": ""Z68.54"", ""9"": ""Z29.3"", ""10"": ""Z23""}, ""procedures"": {""1"": ""10""}, ""actual_procedures"": {""1"": ""Z23""}}",1: Z23,CO,45,45,,,,,45,,,,UMR,private,PRIMARY,1260,484.6,0.38,1861707069,12,147
253,9,9,36013,51119,90472,vaccine_administration,HC,,,,,,0,75,15,27-06-2025,27-06-2025,03-09-2025,25-08-2025,"{""icd_10"": {""1"": ""Z00.129"", ""2"": ""Z71.3"", ""3"": ""Z71.82"", ""4"": ""E66.9"", ""5"": ""R06.83"", ""6"": ""J35.1"", ""7"": ""Z13.31"", ""8"": ""Z68.54"", ""9"": ""Z29.3"", ""10"": ""Z23""}, ""procedures"": {""1"": ""10""}, ""actual_procedures"": {""1"": ""Z23""}}",1: Z23,CO,45,45,,,,,45,,,,UMR,private,PRIMARY,1260,484.6,0.38,1861707069,12,147
2266,1,1,3598,10819,99395,well_visit,HC,25,,,,,1,275,0,18-06-2025,18-06-2025,04-09-2025,01-09-2025,"{""icd_10"": {""1"": ""Z00.00"", ""2"": ""Z13.31"", ""3"": ""Z23""}, ""procedures"": {""1"": ""1""}, ""actual_procedures"": {""1"": ""Z00.00""}}",1: Z00.00,CO,234,234,,M80,M80,,234,,M80,,UNITED HEALTHCARE INSURANCE COMPANY,private,PRIMARY,600,0,0,1861707069,18,219
2266,2,2,3598,10819,90460,vaccine_administration,HC,,,,,,1,25,0,18-06-2025,18-06-2025,04-09-2025,01-09-2025,"{""icd_10"": {""1"": ""Z00.00"", ""2"": ""Z13.31"", ""3"": ""Z23""}, ""procedures"": {""1"": ""3""}, ""actual_procedures"": {""1"": ""Z23""}}",1: Z23,OA,18,18,,N702,N702,,18,,N702,,UNITED HEALTHCARE INSURANCE COMPANY,private,PRIMARY,600,0,0,1861707069,18,219
2266,3,3,3598,10819,90620,vaccine,HC,,,,,,1,275,0,18-06-2025,18-06-2025,04-09-2025,01-09-2025,"{""icd_10"": {""1"": ""Z00.00"", ""2"": ""Z13.31"", ""3"": ""Z23""}, ""procedures"": {""1"": ""3""}, ""actual_procedures"": {""1"": ""Z23""}}",1: Z23,CO,96,96,,N362,N362,,96,,N362,,UNITED HEALTHCARE INSURANCE COMPANY,private,PRIMARY,600,0,0,1861707069,18,219
2266,4,4,3598,10819,96127,procedure,HC,,,,,,1,25,0,18-06-2025,18-06-2025,04-09-2025,01-09-2025,"{""icd_10"": {""1"": ""Z00.00"", ""2"": ""Z13.31"", ""3"": ""Z23""}, ""procedures"": {""1"": ""2""}, ""actual_procedures"": {""1"": ""Z13.31""}}",1: Z13.31,OA,18,18,,N702,N702,,18,,N702,,UNITED HEALTHCARE INSURANCE COMPANY,private,PRIMARY,600,0,0,1861707069,18,219
2267,1,1,357475,50853,99392,well_visit,HC,25,,,,,1,220,105.35,18-08-2025,18-08-2025,04-09-2025,01-09-2025,"{""icd_10"": {""1"": ""Z00.129"", ""2"": ""Z23""}, ""procedures"": {""1"": ""1""}, ""actual_procedures"": {""1"": ""Z00.129""}}",1: Z00.129,CO,45,45,,,,,45,,,,UNITED HEALTHCARE INSURANCE COMPANY,private,PRIMARY,345,163.85,0.47,1861707069,1,12
2267,2,2,357475,50853,90460,vaccine_administration,HC,,,,,,1,25,14.44,18-08-2025,18-08-2025,04-09-2025,01-09-2025,"{""icd_10"": {""1"": ""Z00.129"", ""2"": ""Z23""}, ""procedures"": {""1"": ""2""}, ""actual_procedures"": {""1"": ""Z23""}}",1: Z23,CO,45,45,,,,,45,,,,UNITED HEALTHCARE INSURANCE COMPANY,private,PRIMARY,345,163.85,0.47,1861707069,1,12
2267,3,3,357475,50853,90633,vaccine,HC,,,,,,1,100,44.06,18-08-2025,18-08-2025,04-09-2025,01-09-2025,"{""icd_10"": {""1"": ""Z00.129"", ""2"": ""Z23""}, ""procedures"": {""1"": ""2""}, ""actual_procedures"": {""1"": ""Z23""}}",1: Z23,CO,45,45,,,,,45,,,,UNITED HEALTHCARE INSURANCE COMPANY,private,PRIMARY,345,163.85,0.47,1861707069,1,12
2268,1,6,11531,26637,99212,,HC,25,,,,,1,95,45.14,28-07-2025,28-07-2025,03-09-2025,01-09-2025,"{""icd_10"": {""1"": ""Z00.129"", ""2"": ""Z71.3"", ""3"": ""Z71.82"", ""4"": ""Z68.52"", ""5"": ""Z23"", ""6"": ""R63.39""}, ""procedures"": {""1"": ""6""}, ""actual_procedures"": {""1"": ""R63.39""}}",1: R63.39,CO,45,45,,,,,45,,,,"HEALTH PLAN OF NEVADA, INC",mco_medicaid,PRIMARY,353.25,179.42,0.51,1861707069,5,69
2268,2,2,11531,26637,99393,well_visit,HC,EP,25,,,,1,230,109.25,28-07-2025,28-07-2025,03-09-2025,01-09-2025,"{""icd_10"": {""1"": ""Z00.129"", ""2"": ""Z71.3"", ""3"": ""Z71.82"", ""4"": ""Z68.52"", ""5"": ""Z23"", ""6"": ""R63.39""}, ""procedures"": {""1"": ""1"", ""2"": ""2"", ""3"": ""3"", ""4"": ""4""}, ""actual_procedures"": {""1"": ""Z00.129"", ""2"": ""Z71.3"", ""3"": ""Z71.82"", ""4"": ""Z68.52""}}","1: Z00.129 | 2: Z71.3
3: Z71.82 | 4: Z68.52",CO,45,45,,,,,45,,,,"HEALTH PLAN OF NEVADA, INC",mco_medicaid,PRIMARY,353.25,179.42,0.51,1861707069,5,69
2268,3,3,11531,26637,90460,vaccine_administration,HC,,,,,,1,25,23.33,28-07-2025,28-07-2025,03-09-2025,01-09-2025,"{""icd_10"": {""1"": ""Z00.129"", ""2"": ""Z71.3"", ""3"": ""Z71.82"", ""4"": ""Z68.52"", ""5"": ""Z23"", ""6"": ""R63.39""}, ""procedures"": {""1"": ""5""}, ""actual_procedures"": {""1"": ""Z23""}}",1: Z23,CO,45,45,,,,,45,,,,"HEALTH PLAN OF NEVADA, INC",mco_medicaid,PRIMARY,353.25,179.42,0.51,1861707069,5,69
2268,4,4,11531,26637,85018,poc,HC,QW,,,,,1,3.24,1.7,28-07-2025,28-07-2025,03-09-2025,01-09-2025,"{""icd_10"": {""1"": ""Z00.129"", ""2"": ""Z71.3"", ""3"": ""Z71.82"", ""4"": ""Z68.52"", ""5"": ""Z23"", ""6"": ""R63.39""}, ""procedures"": {""1"": ""6""}, ""actual_procedures"": {""1"": ""R63.39""}}",1: R63.39,CO,45,45,,,,,45,,,,"HEALTH PLAN OF NEVADA, INC",mco_medicaid,PRIMARY,353.25,179.42,0.51,1861707069,5,69
2268,5,5,11531,26637,90716,vaccine,HC,,,,,,0,0.01,0,28-07-2025,28-07-2025,03-09-2025,01-09-2025,"{""icd_10"": {""1"": ""Z00.129"", ""2"": ""Z71.3"", ""3"": ""Z71.82"", ""4"": ""Z68.52"", ""5"": ""Z23"", ""6"": ""R63.39""}, ""procedures"": {""1"": ""5""}, ""actual_procedures"": {""1"": ""Z23""}}",1: Z23,CO,204,204,,,,,204,,,,"HEALTH PLAN OF NEVADA, INC",mco_medicaid,PRIMARY,353.25,179.42,0.51,1861707069,5,69
2269,1,9,35882,50988,99213,sick_visit,HC,25,,,,,0,150,0,25-07-2025,25-07-2025,03-09-2025,01-09-2025,"{""icd_10"": {""1"": ""L92.9""}, ""procedures"": {""1"": ""1""}, ""actual_procedures"": {""1"": ""L92.9""}}",1: L92.9,CO,A1,A1,,N19,N19,,A1,,N19,,"HEALTH PLAN OF NEVADA, INC",mco_medicaid,PRIMARY,235.68,25.76,0.11,1861707069,0,2
2269,2,7,35882,50988,17250,procedure,HC,59,,,,,1,85.68,25.76,25-07-2025,25-07-2025,03-09-2025,01-09-2025,"{""icd_10"": {""1"": ""L92.9""}, ""procedures"": {""1"": ""1""}, ""actual_procedures"": {""1"": ""L92.9""}}",1: L92.9,"CO,PR","45,3",45,3,,,,45,3,,,"HEALTH PLAN OF NEVADA, INC",mco_medicaid,PRIMARY,235.68,25.76,0.11,1861707069,0,2
2270,1,12,33758,48864,99383,well_visit,HC,EP,25,,,,0,260,0,08-08-2025,08-08-2025,03-09-2025,01-09-2025,"{""icd_10"": {""1"": ""Z00.129"", ""2"": ""Z71.3"", ""3"": ""Z71.82"", ""4"": ""Z68.52"", ""5"": ""Z01.818""}, ""procedures"": {""1"": ""1"", ""2"": ""2"", ""3"": ""3"", ""4"": ""4""}, ""actual_procedures"": {""1"": ""Z00.129"", ""2"": ""Z71.3"", ""3"": ""Z71.82"", ""4"": ""Z68.52""}}","1: Z00.129 | 2: Z71.3
3: Z71.82 | 4: Z68.52",PR,27,27,,,,,27,,,,"HEALTH PLAN OF NEVADA, INC",mco_medicaid,PRIMARY,295,0,0,1073015541,5,63
2270,2,9,33758,48864,93000,poc,HC,59,,,,,0,35,0,08-08-2025,08-08-2025,03-09-2025,01-09-2025,"{""icd_10"": {""1"": ""Z00.129"", ""2"": ""Z71.3"", ""3"": ""Z71.82"", ""4"": ""Z68.52"", ""5"": ""Z01.818""}, ""procedures"": {""1"": ""5""}, ""actual_procedures"": {""1"": ""Z01.818""}}",1: Z01.818,PR,27,27,,,,,27,,,,"HEALTH PLAN OF NEVADA, INC",mco_medicaid,PRIMARY,295,0,0,1073015541,5,63
2271,1,11,36187,51293,90651,vaccine,HC,,,,,,1,300,300,25-07-2025,25-07-2025,03-09-2025,01-09-2025,"{""icd_10"": {""1"": ""Z00.129"", ""2"": ""Z71.3"", ""3"": ""Z71.82"", ""4"": ""Z68.51"", ""5"": ""Z23"", ""6"": ""M25.569""}, ""procedures"": {""1"": ""5""}, ""actual_procedures"": {""1"": ""Z23""}}",1: Z23,,,,,,,,,,,,"HEALTH PLAN OF NEVADA, INC",mco_medicaid,PRIMARY,1170,692.63,0.59,1861707069,12,153
2271,2,11,36187,51293,99213,sick_visit,HC,25,,,,,1,150,53.25,25-07-2025,25-07-2025,03-09-2025,01-09-2025,"{""icd_10"": {""1"": ""Z00.129"", ""2"": ""Z71.3"", ""3"": ""Z71.82"", ""4"": ""Z68.51"", ""5"": ""Z23"", ""6"": ""M25.569""}, ""procedures"": {""1"": ""6""}, ""actual_procedures"": {""1"": ""M25.569""}}",1: M25.569,"CO,PR","45,3",45,3,,,,45,3,,,"HEALTH PLAN OF NEVADA, INC",mco_medicaid,PRIMARY,1170,692.63,0.59,1861707069,12,153
2271,3,12,36187,51293,99384,well_visit,HC,25,,,,,1,285,70,25-07-2025,25-07-2025,03-09-2025,01-09-2025,"{""icd_10"": {""1"": ""Z00.129"", ""2"": ""Z71.3"", ""3"": ""Z71.82"", ""4"": ""Z68.51"", ""5"": ""Z23"", ""6"": ""M25.569""}, ""procedures"": {""1"": ""1"", ""2"": ""2"", ""3"": ""3"", ""4"": ""4""}, ""actual_procedures"": {""1"": ""Z00.129"", ""2"": ""Z71.3"", ""3"": ""Z71.82"", ""4"": ""Z68.51""}}","1: Z00.129 | 2: Z71.3
3: Z71.82 | 4: Z68.51",CO,45,45,,,,,45,,,,"HEALTH PLAN OF NEVADA, INC",mco_medicaid,PRIMARY,1170,692.63,0.59,1861707069,12,153
2271,4,13,36187,51293,90460,vaccine_administration,HC,,,,,,3,75,48,25-07-2025,25-07-2025,03-09-2025,01-09-2025,"{""icd_10"": {""1"": ""Z00.129"", ""2"": ""Z71.3"", ""3"": ""Z71.82"", ""4"": ""Z68.51"", ""5"": ""Z23"", ""6"": ""M25.569""}, ""procedures"": {""1"": ""5""}, ""actual_procedures"": {""1"": ""Z23""}}",1: Z23,CO,45,45,,,,,45,,,,"HEALTH PLAN OF NEVADA, INC",mco_medicaid,PRIMARY,1170,692.63,0.59,1861707069,12,153
2271,5,14,36187,51293,90461,vaccine,HC,,,,,,2,50,12.04,25-07-2025,25-07-2025,03-09-2025,01-09-2025,"{""icd_10"": {""1"": ""Z00.129"", ""2"": ""Z71.3"", ""3"": ""Z71.82"", ""4"": ""Z68.51"", ""5"": ""Z23"", ""6"": ""M25.569""}, ""procedures"": {""1"": ""5""}, ""actual_procedures"": {""1"": ""Z23""}}",1: Z23,CO,45,45,,,,,45,,,,"HEALTH PLAN OF NEVADA, INC",mco_medicaid,PRIMARY,1170,692.63,0.59,1861707069,12,153
2271,6,15,36187,51293,90715,vaccine,HC,,,,,,1,150,49.34,25-07-2025,25-07-2025,03-09-2025,01-09-2025,"{""icd_10"": {""1"": ""Z00.129"", ""2"": ""Z71.3"", ""3"": ""Z71.82"", ""4"": ""Z68.51"", ""5"": ""Z23"", ""6"": ""M25.569""}, ""procedures"": {""1"": ""5""}, ""actual_procedures"": {""1"": ""Z23""}}",1: Z23,CO,45,45,,,,,45,,,,"HEALTH PLAN OF NEVADA, INC",mco_medicaid,PRIMARY,1170,692.63,0.59,1861707069,12,153
2271,7,16,36187,51293,90619,vaccine,HC,,,,,,1,160,160,25-07-2025,25-07-2025,03-09-2025,01-09-2025,"{""icd_10"": {""1"": ""Z00.129"", ""2"": ""Z71.3"", ""3"": ""Z71.82"", ""4"": ""Z68.51"", ""5"": ""Z23"", ""6"": ""M25.569""}, ""procedures"": {""1"": ""5""}, ""actual_procedures"": {""1"": ""Z23""}}",1: Z23,,,,,,,,,,,,"HEALTH PLAN OF NEVADA, INC",mco_medicaid,PRIMARY,1170,692.63,0.59,1861707069,12,153
2272,1,2,1773,16879,99392,well_visit,HC,EP,,,,,1,220,109.63,28-07-2025,28-07-2025,03-09-2025,01-09-2025,"{""icd_10"": {""1"": ""Z00.129"", ""2"": ""Z71.3""}, ""procedures"": {""1"": ""1"", ""2"": ""2""}, ""actual_procedures"": {""1"": ""Z00.129"", ""2"": ""Z71.3""}}",1: Z00.129 | 2: Z71.3,CO,45,45,,,,,45,,,,"HEALTH PLAN OF NEVADA, INC",mco_medicaid,PRIMARY,220,109.63,0.5,1861707069,1,15
2273,1,5,151223,16618,90700,vaccine,HC,,,,,,0,0.01,0,25-07-2025,25-07-2025,03-09-2025,01-09-2025,"{""icd_10"": {""1"": ""Z00.129"", ""2"": ""Z23"", ""3"": ""Z29.3""}, ""procedures"": {""1"": ""2""}, ""actual_procedures"": {""1"": ""Z23""}}",1: Z23,CO,204,204,,,,,204,,,,"HEALTH PLAN OF NEVADA, INC",mco_medicaid,PRIMARY,510.06,308.77,0.61,1861707069,2,28
2273,2,19,151223,16618,90707,vaccine,HC,,,,,,0,0.01,0,25-07-2025,25-07-2025,03-09-2025,01-09-2025,"{""icd_10"": {""1"": ""Z00.129"", ""2"": ""Z23"", ""3"": ""Z29.3""}, ""procedures"": {""1"": ""2""}, ""actual_procedures"": {""1"": ""Z23""}}",1: Z23,CO,204,204,,,,,204,,,,"HEALTH PLAN OF NEVADA, INC",mco_medicaid,PRIMARY,510.06,308.77,0.61,1861707069,2,28
2273,3,20,151223,16618,90648,vaccine,HC,,,,,,0,0.01,0,25-07-2025,25-07-2025,03-09-2025,01-09-2025,"{""icd_10"": {""1"": ""Z00.129"", ""2"": ""Z23"", ""3"": ""Z29.3""}, ""procedures"": {""1"": ""2""}, ""actual_procedures"": {""1"": ""Z23""}}",1: Z23,CO,204,204,,,,,204,,,,"HEALTH PLAN OF NEVADA, INC",mco_medicaid,PRIMARY,510.06,308.77,0.61,1861707069,2,28
2273,4,21,151223,16618,90460,vaccine_administration,HC,,,,,,6,150,139.98,25-07-2025,25-07-2025,03-09-2025,01-09-2025,"{""icd_10"": {""1"": ""Z00.129"", ""2"": ""Z23"", ""3"": ""Z29.3""}, ""procedures"": {""1"": ""2""}, ""actual_procedures"": {""1"": ""Z23""}}",1: Z23,CO,45,45,,,,,45,,,,"HEALTH PLAN OF NEVADA, INC",mco_medicaid,PRIMARY,510.06,308.77,0.61,1861707069,2,28
2273,5,22,151223,16618,90671,vaccine,HC,,,,,,0,0.01,0,25-07-2025,25-07-2025,03-09-2025,01-09-2025,"{""icd_10"": {""1"": ""Z00.129"", ""2"": ""Z23"", ""3"": ""Z29.3""}, ""procedures"": {""1"": ""2""}, ""actual_procedures"": {""1"": ""Z23""}}",1: Z23,CO,204,204,,,,,204,,,,"HEALTH PLAN OF NEVADA, INC",mco_medicaid,PRIMARY,510.06,308.77,0.61,1861707069,2,28
2273,6,23,151223,16618,90472,vaccine_administration,HC,,,,,,4,100,46.24,25-07-2025,25-07-2025,03-09-2025,01-09-2025,"{""icd_10"": {""1"": ""Z00.129"", ""2"": ""Z23"", ""3"": ""Z29.3""}, ""procedures"": {""1"": ""2""}, ""actual_procedures"": {""1"": ""Z23""}}",1: Z23,CO,45,45,,,,,45,,,,"HEALTH PLAN OF NEVADA, INC",mco_medicaid,PRIMARY,510.06,308.77,0.61,1861707069,2,28
2273,7,24,151223,16618,90716,vaccine,HC,,,,,,0,0.01,0,25-07-2025,25-07-2025,03-09-2025,01-09-2025,"{""icd_10"": {""1"": ""Z00.129"", ""2"": ""Z23"", ""3"": ""Z29.3""}, ""procedures"": {""1"": ""2""}, ""actual_procedures"": {""1"": ""Z23""}}",1: Z23,CO,204,204,,,,,204,,,,"HEALTH PLAN OF NEVADA, INC",mco_medicaid,PRIMARY,510.06,308.77,0.61,1861707069,2,28
2273,8,25,151223,16618,90633,vaccine,HC,,,,,,0,0.01,0,25-07-2025,25-07-2025,03-09-2025,01-09-2025,"{""icd_10"": {""1"": ""Z00.129"", ""2"": ""Z23"", ""3"": ""Z29.3""}, ""procedures"": {""1"": ""2""}, ""actual_procedures"": {""1"": ""Z23""}}",1: Z23,CO,204,204,,,,,204,,,,"HEALTH PLAN OF NEVADA, INC",mco_medicaid,PRIMARY,510.06,308.77,0.61,1861707069,2,28
2273,9,26,151223,16618,99188,procedure,HC,,,,,,1,40,12.92,25-07-2025,25-07-2025,03-09-2025,01-09-2025,"{""icd_10"": {""1"": ""Z00.129"", ""2"": ""Z23"", ""3"": ""Z29.3""}, ""procedures"": {""1"": ""3""}, ""actual_procedures"": {""1"": ""Z29.3""}}",1: Z29.3,CO,45,45,,,,,45,,,,"HEALTH PLAN OF NEVADA, INC",mco_medicaid,PRIMARY,510.06,308.77,0.61,1861707069,2,28
2273,10,27,151223,16618,99392,well_visit,HC,EP,25,,,,1,220,109.63,25-07-2025,25-07-2025,03-09-2025,01-09-2025,"{""icd_10"": {""1"": ""Z00.129"", ""2"": ""Z23"", ""3"": ""Z29.3""}, ""procedures"": {""1"": ""1""}, ""actual_procedures"": {""1"": ""Z00.129""}}",1: Z00.129,CO,45,45,,,,,45,,,,"HEALTH PLAN OF NEVADA, INC",mco_medicaid,PRIMARY,510.06,308.77,0.61,1861707069,2,28
2274,1,8,36177,51283,99213,sick_visit,HC,25,,,,,1,150,75.16,25-07-2025,25-07-2025,03-09-2025,01-09-2025,"{""icd_10"": {""1"": ""Z00.111"", ""2"": ""Q10.5""}, ""procedures"": {""1"": ""2""}, ""actual_procedures"": {""1"": ""Q10.5""}}",1: Q10.5,CO,45,45,,,,,45,,,,"HEALTH PLAN OF NEVADA, INC",mco_medicaid,PRIMARY,380,189.32,0.5,1861707069,0,0
2274,2,29,36177,51283,99381,well_visit,HC,EP,25,,,,1,230,114.16,25-07-2025,25-07-2025,03-09-2025,01-09-2025,"{""icd_10"": {""1"": ""Z00.111"", ""2"": ""Q10.5""}, ""procedures"": {""1"": ""1""}, ""actual_procedures"": {""1"": ""Z00.111""}}",1: Z00.111,CO,45,45,,,,,45,,,,"HEALTH PLAN OF NEVADA, INC",mco_medicaid,PRIMARY,380,189.32,0.5,1861707069,0,0
2275,1,3,11360,1507,90460,vaccine_administration,HC,,,,,,3,75,69.99,28-07-2025,28-07-2025,03-09-2025,01-09-2025,"{""icd_10"": {""1"": ""Z00.129"", ""2"": ""Z71.3"", ""3"": ""Z71.82"", ""4"": ""Z68.52"", ""5"": ""Z23"", ""6"": ""Z13.31"", ""7"": ""J45.901"", ""8"": ""Z82.49"", ""9"": ""Z02.5""}, ""procedures"": {""1"": ""5""}, ""actual_procedures"": {""1"": ""Z23""}}",1: Z23,CO,45,45,,,,,45,,,,"HEALTH PLAN OF NEVADA, INC",mco_medicaid,PRIMARY,830.02,282.58,0.34,1861707069,11,136
2275,2,31,11360,1507,90472,vaccine_administration,HC,,,,,,2,50,23.12,28-07-2025,28-07-2025,03-09-2025,01-09-2025,"{""icd_10"": {""1"": ""Z00.129"", ""2"": ""Z71.3"", ""3"": ""Z71.82"", ""4"": ""Z68.52"", ""5"": ""Z23"", ""6"": ""Z13.31"", ""7"": ""J45.901"", ""8"": ""Z82.49"", ""9"": ""Z02.5""}, ""procedures"": {""1"": ""5""}, ""actual_procedures"": {""1"": ""Z23""}}",1: Z23,CO,45,45,,,,,45,,,,"HEALTH PLAN OF NEVADA, INC",mco_medicaid,PRIMARY,830.02,282.58,0.34,1861707069,11,136
2275,3,32,11360,1507,96127,procedure,HC,59,,,,,1,25,5.06,28-07-2025,28-07-2025,03-09-2025,01-09-2025,"{""icd_10"": {""1"": ""Z00.129"", ""2"": ""Z71.3"", ""3"": ""Z71.82"", ""4"": ""Z68.52"", ""5"": ""Z23"", ""6"": ""Z13.31"", ""7"": ""J45.901"", ""8"": ""Z82.49"", ""9"": ""Z02.5""}, ""procedures"": {""1"": ""6""}, ""actual_procedures"": {""1"": ""Z13.31""}}",1: Z13.31,CO,45,45,,,,,45,,,,"HEALTH PLAN OF NEVADA, INC",mco_medicaid,PRIMARY,830.02,282.58,0.34,1861707069,11,136
2275,4,33,11360,1507,99393,well_visit,HC,EP,25,,,,1,230,109.25,28-07-2025,28-07-2025,03-09-2025,01-09-2025,"{""icd_10"": {""1"": ""Z00.129"", ""2"": ""Z71.3"", ""3"": ""Z71.82"", ""4"": ""Z68.52"", ""5"": ""Z23"", ""6"": ""Z13.31"", ""7"": ""J45.901"", ""8"": ""Z82.49"", ""9"": ""Z02.5""}, ""procedures"": {""1"": ""1"", ""2"": ""2"", ""3"": ""3"", ""4"": ""4""}, ""actual_procedures"": {""1"": ""Z00.129"", ""2"": ""Z71.3"", ""3"": ""Z71.82"", ""4"": ""Z68.52""}}","1: Z00.129 | 2: Z71.3
3: Z71.82 | 4: Z68.52",CO,45,45,,,,,45,,,,"HEALTH PLAN OF NEVADA, INC",mco_medicaid,PRIMARY,830.02,282.58,0.34,1861707069,11,136
2275,5,34,11360,1507,90619,vaccine,HC,,,,,,0,0.01,0,28-07-2025,28-07-2025,03-09-2025,01-09-2025,"{""icd_10"": {""1"": ""Z00.129"", ""2"": ""Z71.3"", ""3"": ""Z71.82"", ""4"": ""Z68.52"", ""5"": ""Z23"", ""6"": ""Z13.31"", ""7"": ""J45.901"", ""8"": ""Z82.49"", ""9"": ""Z02.5""}, ""procedures"": {""1"": ""5""}, ""actual_procedures"": {""1"": ""Z23""}}",1: Z23,CO,204,204,,,,,204,,,,"HEALTH PLAN OF NEVADA, INC",mco_medicaid,PRIMARY,830.02,282.58,0.34,1861707069,11,136
2275,6,35,11360,1507,90715,vaccine,HC,,,,,,0,0.01,0,28-07-2025,28-07-2025,03-09-2025,01-09-2025,"{""icd_10"": {""1"": ""Z00.129"", ""2"": ""Z71.3"", ""3"": ""Z71.82"", ""4"": ""Z68.52"", ""5"": ""Z23"", ""6"": ""Z13.31"", ""7"": ""J45.901"", ""8"": ""Z82.49"", ""9"": ""Z02.5""}, ""procedures"": {""1"": ""5""}, ""actual_procedures"": {""1"": ""Z23""}}",1: Z23,CO,204,204,,,,,204,,,,"HEALTH PLAN OF NEVADA, INC",mco_medicaid,PRIMARY,830.02,282.58,0.34,1861707069,11,136
2275,7,36,11360,1507,99213,sick_visit,HC,25,,,,,1,150,75.16,28-07-2025,28-07-2025,03-09-2025,01-09-2025,"{""icd_10"": {""1"": ""Z00.129"", ""2"": ""Z71.3"", ""3"": ""Z71.82"", ""4"": ""Z68.52"", ""5"": ""Z23"", ""6"": ""Z13.31"", ""7"": ""J45.901"", ""8"": ""Z82.49"", ""9"": ""Z02.5""}, ""procedures"": {""1"": ""7"", ""2"": ""8"", ""3"": ""9""}, ""actual_procedures"": {""1"": ""J45.901"", ""2"": ""Z82.49"", ""3"": ""Z02.5""}}","1: J45.901 | 2: Z82.49
3: Z02.5",CO,45,45,,,,,45,,,,"HEALTH PLAN OF NEVADA, INC",mco_medicaid,PRIMARY,830.02,282.58,0.34,1861707069,11,136
2275,8,37,11360,1507,90651,vaccine,HC,,,,,,0,300,0,28-07-2025,28-07-2025,03-09-2025,01-09-2025,"{""icd_10"": {""1"": ""Z00.129"", ""2"": ""Z71.3"", ""3"": ""Z71.82"", ""4"": ""Z68.52"", ""5"": ""Z23"", ""6"": ""Z13.31"", ""7"": ""J45.901"", ""8"": ""Z82.49"", ""9"": ""Z02.5""}, ""procedures"": {""1"": ""5""}, ""actual_procedures"": {""1"": ""Z23""}}",1: Z23,CO,204,204,,,,,204,,,,"HEALTH PLAN OF NEVADA, INC",mco_medicaid,PRIMARY,830.02,282.58,0.34,1861707069,11,136
2276,1,1,36188,51294,99394,well_visit,HC,EP,25,,,,1,260,119.42,25-07-2025,25-07-2025,03-09-2025,01-09-2025,"{""icd_10"": {""1"": ""Z00.129"", ""2"": ""Z68.54"", ""3"": ""Z71.3"", ""4"": ""Z71.82"", ""5"": ""Z13.31"", ""6"": ""Z23"", ""7"": ""Z30.02"", ""8"": ""R25.1"", ""9"": ""E66.9"", ""10"": ""Z29.3""}, ""procedures"": {""1"": ""1"", ""2"": ""2"", ""3"": ""3"", ""4"": ""4""}, ""actual_procedures"": {""1"": ""Z00.129"", ""2"": ""Z68.54"", ""3"": ""Z71.3"", ""4"": ""Z71.82""}}","1: Z00.129 | 2: Z68.54
3: Z71.3 | 4: Z71.82",CO,45,45,,,,,45,,,,"HEALTH PLAN OF NEVADA, INC",mco_medicaid,PRIMARY,1190.16,296.05,0.25,1861707069,16,196
2276,2,39,36188,51294,96127,procedure,HC,59,,,,,1,25,5.06,25-07-2025,25-07-2025,03-09-2025,01-09-2025,"{""icd_10"": {""1"": ""Z00.129"", ""2"": ""Z68.54"", ""3"": ""Z71.3"", ""4"": ""Z71.82"", ""5"": ""Z13.31"", ""6"": ""Z23"", ""7"": ""Z30.02"", ""8"": ""R25.1"", ""9"": ""E66.9"", ""10"": ""Z29.3""}, ""procedures"": {""1"": ""5""}, ""actual_procedures"": {""1"": ""Z13.31""}}",1: Z13.31,CO,45,45,,,,,45,,,,"HEALTH PLAN OF NEVADA, INC",mco_medicaid,PRIMARY,1190.16,296.05,0.25,1861707069,16,196
2276,3,40,36188,51294,99173,diagnostic,HC,,,,,,0,20,0,25-07-2025,25-07-2025,03-09-2025,01-09-2025,"{""icd_10"": {""1"": ""Z00.129"", ""2"": ""Z68.54"", ""3"": ""Z71.3"", ""4"": ""Z71.82"", ""5"": ""Z13.31"", ""6"": ""Z23"", ""7"": ""Z30.02"", ""8"": ""R25.1"", ""9"": ""E66.9"", ""10"": ""Z29.3""}, ""procedures"": {""1"": ""1""}, ""actual_procedures"": {""1"": ""Z00.129""}}",1: Z00.129,CO,A1,A1,,N19,N19,,A1,,N19,,"HEALTH PLAN OF NEVADA, INC",mco_medicaid,PRIMARY,1190.16,296.05,0.25,1861707069,16,196
2276,4,41,36188,51294,99188,procedure,HC,,,,,,1,40,12.92,25-07-2025,25-07-2025,03-09-2025,01-09-2025,"{""icd_10"": {""1"": ""Z00.129"", ""2"": ""Z68.54"", ""3"": ""Z71.3"", ""4"": ""Z71.82"", ""5"": ""Z13.31"", ""6"": ""Z23"", ""7"": ""Z30.02"", ""8"": ""R25.1"", ""9"": ""E66.9"", ""10"": ""Z29.3""}, ""procedures"": {""1"": ""10""}, ""actual_procedures"": {""1"": ""Z29.3""}}",1: Z29.3,CO,45,45,,,,,45,,,,"HEALTH PLAN OF NEVADA, INC",mco_medicaid,PRIMARY,1190.16,296.05,0.25,1861707069,16,196
2276,5,42,36188,51294,99401,Counseling - Preventive Counseling,HC,FP,25,,,,1,70.16,36.83,25-07-2025,25-07-2025,03-09-2025,01-09-2025,"{""icd_10"": {""1"": ""Z00.129"", ""2"": ""Z68.54"", ""3"": ""Z71.3"", ""4"": ""Z71.82"", ""5"": ""Z13.31"", ""6"": ""Z23"", ""7"": ""Z30.02"", ""8"": ""R25.1"", ""9"": ""E66.9"", ""10"": ""Z29.3""}, ""procedures"": {""1"": ""7""}, ""actual_procedures"": {""1"": ""Z30.02""}}",1: Z30.02,CO,45,45,,,,,45,,,,"HEALTH PLAN OF NEVADA, INC",mco_medicaid,PRIMARY,1190.16,296.05,0.25,1861707069,16,196
2276,6,43,36188,51294,90734,vaccine,HC,,,,,,0,300,0,25-07-2025,25-07-2025,03-09-2025,01-09-2025,"{""icd_10"": {""1"": ""Z00.129"", ""2"": ""Z68.54"", ""3"": ""Z71.3"", ""4"": ""Z71.82"", ""5"": ""Z13.31"", ""6"": ""Z23"", ""7"": ""Z30.02"", ""8"": ""R25.1"", ""9"": ""E66.9"", ""10"": ""Z29.3""}, ""procedures"": {""1"": ""6""}, ""actual_procedures"": {""1"": ""Z23""}}",1: Z23,CO,204,204,,,,,204,,,,"HEALTH PLAN OF NEVADA, INC",mco_medicaid,PRIMARY,1190.16,296.05,0.25,1861707069,16,196
2276,7,44,36188,51294,90460,vaccine_administration,HC,,,,,,2,50,46.66,25-07-2025,25-07-2025,03-09-2025,01-09-2025,"{""icd_10"": {""1"": ""Z00.129"", ""2"": ""Z68.54"", ""3"": ""Z71.3"", ""4"": ""Z71.82"", ""5"": ""Z13.31"", ""6"": ""Z23"", ""7"": ""Z30.02"", ""8"": ""R25.1"", ""9"": ""E66.9"", ""10"": ""Z29.3""}, ""procedures"": {""1"": ""6""}, ""actual_procedures"": {""1"": ""Z23""}}",1: Z23,CO,45,45,,,,,45,,,,"HEALTH PLAN OF NEVADA, INC",mco_medicaid,PRIMARY,1190.16,296.05,0.25,1861707069,16,196
2276,8,45,36188,51294,90620,vaccine,HC,,,,,,0,275,0,25-07-2025,25-07-2025,03-09-2025,01-09-2025,"{""icd_10"": {""1"": ""Z00.129"", ""2"": ""Z68.54"", ""3"": ""Z71.3"", ""4"": ""Z71.82"", ""5"": ""Z13.31"", ""6"": ""Z23"", ""7"": ""Z30.02"", ""8"": ""R25.1"", ""9"": ""E66.9"", ""10"": ""Z29.3""}, ""procedures"": {""1"": ""6""}, ""actual_procedures"": {""1"": ""Z23""}}",1: Z23,CO,204,204,,,,,204,,,,"HEALTH PLAN OF NEVADA, INC",mco_medicaid,PRIMARY,1190.16,296.05,0.25,1861707069,16,196
2276,9,46,36188,51294,99213,sick_visit,HC,25,,,,,1,150,75.16,25-07-2025,25-07-2025,03-09-2025,01-09-2025,"{""icd_10"": {""1"": ""Z00.129"", ""2"": ""Z68.54"", ""3"": ""Z71.3"", ""4"": ""Z71.82"", ""5"": ""Z13.31"", ""6"": ""Z23"", ""7"": ""Z30.02"", ""8"": ""R25.1"", ""9"": ""E66.9"", ""10"": ""Z29.3""}, ""procedures"": {""1"": ""8"", ""2"": ""9""}, ""actual_procedures"": {""1"": ""R25.1"", ""2"": ""E66.9""}}",1: R25.1 | 2: E66.9,CO,45,45,,,,,45,,,,"HEALTH PLAN OF NEVADA, INC",mco_medicaid,PRIMARY,1190.16,296.05,0.25,1861707069,16,196
2277,1,10,2153974,17259,99391,well_visit,HC,EP,,,,,1,200,70,28-07-2025,28-07-2025,03-09-2025,01-09-2025,"{""icd_10"": {""1"": ""Z00.129""}, ""procedures"": {""1"": ""1""}, ""actual_procedures"": {""1"": ""Z00.129""}}",1: Z00.129,CO,45,45,,,,,45,,,,"HEALTH PLAN OF NEVADA, INC",mco_medicaid,PRIMARY,200,70,0.35,1861707069,0,8
2278,1,4,13692,7662,99213,sick_visit,HC,25,,,,,1,150,75.16,28-07-2025,28-07-2025,03-09-2025,01-09-2025,"{""icd_10"": {""1"": ""Z00.129"", ""2"": ""Z71.3"", ""3"": ""Z71.82"", ""4"": ""Z68.52"", ""5"": ""L98.9"", ""6"": ""Z23""}, ""procedures"": {""1"": ""5""}, ""actual_procedures"": {""1"": ""L98.9""}}",1: L98.9,CO,45,45,,,,,45,,,,"HEALTH PLAN OF NEVADA, INC",mco_medicaid,PRIMARY,435.01,217.91,0.5,1861707069,12,144
2278,2,49,13692,7662,90651,vaccine,HC,,,,,,0,0.01,0,28-07-2025,28-07-2025,03-09-2025,01-09-2025,"{""icd_10"": {""1"": ""Z00.129"", ""2"": ""Z71.3"", ""3"": ""Z71.82"", ""4"": ""Z68.52"", ""5"": ""L98.9"", ""6"": ""Z23""}, ""procedures"": {""1"": ""6""}, ""actual_procedures"": {""1"": ""Z23""}}",1: Z23,CO,204,204,,,,,204,,,,"HEALTH PLAN OF NEVADA, INC",mco_medicaid,PRIMARY,435.01,217.91,0.5,1861707069,12,144
2278,3,50,13692,7662,90460,vaccine_administration,HC,,,,,,1,25,23.33,28-07-2025,28-07-2025,03-09-2025,01-09-2025,"{""icd_10"": {""1"": ""Z00.129"", ""2"": ""Z71.3"", ""3"": ""Z71.82"", ""4"": ""Z68.52"", ""5"": ""L98.9"", ""6"": ""Z23""}, ""procedures"": {""1"": ""6""}, ""actual_procedures"": {""1"": ""Z23""}}",1: Z23,CO,45,45,,,,,45,,,,"HEALTH PLAN OF NEVADA, INC",mco_medicaid,PRIMARY,435.01,217.91,0.5,1861707069,12,144
2278,4,51,13692,7662,99394,well_visit,HC,EP,25,,,,1,260,119.42,28-07-2025,28-07-2025,03-09-2025,01-09-2025,"{""icd_10"": {""1"": ""Z00.129"", ""2"": ""Z71.3"", ""3"": ""Z71.82"", ""4"": ""Z68.52"", ""5"": ""L98.9"", ""6"": ""Z23""}, ""procedures"": {""1"": ""1"", ""2"": ""2"", ""3"": ""3"", ""4"": ""4""}, ""actual_procedures"": {""1"": ""Z00.129"", ""2"": ""Z71.3"", ""3"": ""Z71.82"", ""4"": ""Z68.52""}}","1: Z00.129 | 2: Z71.3
3: Z71.82 | 4: Z68.52",CO,45,45,,,,,45,,,,"HEALTH PLAN OF NEVADA, INC",mco_medicaid,PRIMARY,435.01,217.91,0.5,1861707069,12,144
2279,1,7,36149,51255,96127,procedure,HC,,,,,,1,25,5.06,25-07-2025,25-07-2025,03-09-2025,01-09-2025,"{""icd_10"": {""1"": ""Z00.129"", ""2"": ""Z71.3"", ""3"": ""Z71.82"", ""4"": ""Z68.52"", ""5"": ""Z13.31""}, ""procedures"": {""1"": ""5""}, ""actual_procedures"": {""1"": ""Z13.31""}}",1: Z13.31,CO,45,45,,,,,45,,,,"HEALTH PLAN OF NEVADA, INC",mco_medicaid,PRIMARY,310,145.05,0.47,1861707069,13,163
2279,2,53,36149,51255,99384,well_visit,HC,EP,25,,,,1,285,139.99,25-07-2025,25-07-2025,03-09-2025,01-09-2025,"{""icd_10"": {""1"": ""Z00.129"", ""2"": ""Z71.3"", ""3"": ""Z71.82"", ""4"": ""Z68.52"", ""5"": ""Z13.31""}, ""procedures"": {""1"": ""1"", ""2"": ""2"", ""3"": ""3"", ""4"": ""4""}, ""actual_procedures"": {""1"": ""Z00.129"", ""2"": ""Z71.3"", ""3"": ""Z71.82"", ""4"": ""Z68.52""}}","1: Z00.129 | 2: Z71.3
3: Z71.82 | 4: Z68.52",CO,45,45,,,,,45,,,,"HEALTH PLAN OF NEVADA, INC",mco_medicaid,PRIMARY,310,145.05,0.47,1861707069,13,163
2280,1,1,2434,10960,99214,sick_visit,HC,25,,,,,1,215,110.75,01-08-2025,01-08-2025,05-09-2025,02-09-2025,"{""icd_10"": {""1"": ""R30.9"", ""2"": ""N39.0"", ""3"": ""E66.9""}, ""procedures"": {""1"": ""1"", ""2"": ""2"", ""3"": ""3""}, ""actual_procedures"": {""1"": ""R30.9"", ""2"": ""N39.0"", ""3"": ""E66.9""}}","1: R30.9 | 2: N39.0
3: E66.9",CO,45,45,,,,,45,,,,"MOLINA HEALTHCARE OF NEVADA, INC.",mco_medicaid,PRIMARY,218.5,112.59,0.52,1861707069,13,161
2280,2,2,2434,10960,81002,poc,HC,,,,,,1,3.5,1.84,01-08-2025,01-08-2025,05-09-2025,02-09-2025,"{""icd_10"": {""1"": ""R30.9"", ""2"": ""N39.0"", ""3"": ""E66.9""}, ""procedures"": {""1"": ""1"", ""2"": ""2"", ""3"": ""3""}, ""actual_procedures"": {""1"": ""R30.9"", ""2"": ""N39.0"", ""3"": ""E66.9""}}","1: R30.9 | 2: N39.0
3: E66.9",CO,45,45,,,,,45,,,,"MOLINA HEALTHCARE OF NEVADA, INC.",mco_medicaid,PRIMARY,218.5,112.59,0.52,1861707069,13,161
2281,1,3,36195,51301,99213,sick_visit,HC,,,,,,1,150,75.16,01-08-2025,01-08-2025,05-09-2025,02-09-2025,"{""icd_10"": {""1"": ""R50.9"", ""2"": ""N39.0"", ""3"": ""Z09""}, ""procedures"": {""1"": ""1"", ""2"": ""2"", ""3"": ""3""}, ""actual_procedures"": {""1"": ""R50.9"", ""2"": ""N39.0"", ""3"": ""Z09""}}","1: R50.9 | 2: N39.0
3: Z09",CO,45,45,,,,,45,,,,"MOLINA HEALTHCARE OF NEVADA, INC.",mco_medicaid,PRIMARY,150,75.16,0.5,1861707069,1,14
2282,1,4,35903,51009,99213,sick_visit,HC,25,,,,,1,150,75.16,06-08-2025,06-08-2025,05-09-2025,02-09-2025,"{""icd_10"": {""1"": ""Z00.129"", ""2"": ""Z23"", ""3"": ""K59.00"", ""4"": ""K21.9"", ""5"": ""Q67.3""}, ""procedures"": {""1"": ""3"", ""2"": ""4"", ""3"": ""5""}, ""actual_procedures"": {""1"": ""K59.00"", ""2"": ""K21.9"", ""3"": ""Q67.3""}}","1: K59.00 | 2: K21.9
3: Q67.3",CO,45,45,,,,,45,,,,"MOLINA HEALTHCARE OF NEVADA, INC.",mco_medicaid,PRIMARY,450.02,247.64,0.55,1073015541,0,2
2282,2,5,35903,51009,99391,well_visit,HC,EP,25,,,,1,200,102.7,06-08-2025,06-08-2025,05-09-2025,02-09-2025,"{""icd_10"": {""1"": ""Z00.129"", ""2"": ""Z23"", ""3"": ""K59.00"", ""4"": ""K21.9"", ""5"": ""Q67.3""}, ""procedures"": {""1"": ""1""}, ""actual_procedures"": {""1"": ""Z00.129""}}",1: Z00.129,CO,45,45,,,,,45,,,,"MOLINA HEALTHCARE OF NEVADA, INC.",mco_medicaid,PRIMARY,450.02,247.64,0.55,1073015541,0,2
2282,3,6,35903,51009,90460,vaccine_administration,HC,,,,,,2,50,46.66,06-08-2025,06-08-2025,05-09-2025,02-09-2025,"{""icd_10"": {""1"": ""Z00.129"", ""2"": ""Z23"", ""3"": ""K59.00"", ""4"": ""K21.9"", ""5"": ""Q67.3""}, ""procedures"": {""1"": ""2"", ""2"": ""1""}, ""actual_procedures"": {""1"": ""Z23"", ""2"": ""Z00.129""}}",1: Z23 | 2: Z00.129,CO,45,45,,,,,45,,,,"MOLINA HEALTHCARE OF NEVADA, INC.",mco_medicaid,PRIMARY,450.02,247.64,0.55,1073015541,0,2
2282,4,7,35903,51009,90700,vaccine,HC,,,,,,1,0.01,0,06-08-2025,06-08-2025,05-09-2025,02-09-2025,"{""icd_10"": {""1"": ""Z00.129"", ""2"": ""Z23"", ""3"": ""K59.00"", ""4"": ""K21.9"", ""5"": ""Q67.3""}, ""procedures"": {""1"": ""2""}, ""actual_procedures"": {""1"": ""Z23""}}",1: Z23,CO,246,246,,,,,246,,,,"MOLINA HEALTHCARE OF NEVADA, INC.",mco_medicaid,PRIMARY,450.02,247.64,0.55,1073015541,0,2
2282,5,8,35903,51009,90713,vaccine,HC,,,,,,1,0.01,0,06-08-2025,06-08-2025,05-09-2025,02-09-2025,"{""icd_10"": {""1"": ""Z00.129"", ""2"": ""Z23"", ""3"": ""K59.00"", ""4"": ""K21.9"", ""5"": ""Q67.3""}, ""procedures"": {""1"": ""2""}, ""actual_procedures"": {""1"": ""Z23""}}",1: Z23,CO,246,246,,,,,246,,,,"MOLINA HEALTHCARE OF NEVADA, INC.",mco_medicaid,PRIMARY,450.02,247.64,0.55,1073015541,0,2
2282,6,9,35903,51009,90472,vaccine_administration,HC,,,,,,2,50,23.12,06-08-2025,06-08-2025,05-09-2025,02-09-2025,"{""icd_10"": {""1"": ""Z00.129"", ""2"": ""Z23"", ""3"": ""K59.00"", ""4"": ""K21.9"", ""5"": ""Q67.3""}, ""procedures"": {""1"": ""2""}, ""actual_procedures"": {""1"": ""Z23""}}",1: Z23,CO,45,45,,,,,45,,,,"MOLINA HEALTHCARE OF NEVADA, INC.",mco_medicaid,PRIMARY,450.02,247.64,0.55,1073015541,0,2
2283,1,10,36120,51226,99213,sick_visit,HC,25,,,,,1,150,75.16,16-07-2025,16-07-2025,05-09-2025,02-09-2025,"{""icd_10"": {""1"": ""Z00.129"", ""2"": ""Z71.3"", ""3"": ""Z71.82"", ""4"": ""R09.81"", ""5"": ""L81.6"", ""6"": ""Z68.52"", ""7"": ""Z29.3""}, ""procedures"": {""1"": ""4"", ""2"": ""5""}, ""actual_procedures"": {""1"": ""R09.81"", ""2"": ""L81.6""}}",1: R09.81 | 2: L81.6,CO,45,45,,,,,45,,,,"MOLINA HEALTHCARE OF NEVADA, INC.",mco_medicaid,PRIMARY,430,206.92,0.48,1861707069,4,51
2283,2,11,36120,51226,99382,well_visit,HC,EP,25,,,,1,240,118.84,16-07-2025,16-07-2025,05-09-2025,02-09-2025,"{""icd_10"": {""1"": ""Z00.129"", ""2"": ""Z71.3"", ""3"": ""Z71.82"", ""4"": ""R09.81"", ""5"": ""L81.6"", ""6"": ""Z68.52"", ""7"": ""Z29.3""}, ""procedures"": {""1"": ""1"", ""2"": ""2"", ""3"": ""3"", ""4"": ""6""}, ""actual_procedures"": {""1"": ""Z00.129"", ""2"": ""Z71.3"", ""3"": ""Z71.82"", ""4"": ""Z68.52""}}","1: Z00.129 | 2: Z71.3
3: Z71.82 | 4: Z68.52",CO,45,45,,,,,45,,,,"MOLINA HEALTHCARE OF NEVADA, INC.",mco_medicaid,PRIMARY,430,206.92,0.48,1861707069,4,51
2283,3,12,36120,51226,99188,procedure,HC,,,,,,1,40,12.92,16-07-2025,16-07-2025,05-09-2025,02-09-2025,"{""icd_10"": {""1"": ""Z00.129"", ""2"": ""Z71.3"", ""3"": ""Z71.82"", ""4"": ""R09.81"", ""5"": ""L81.6"", ""6"": ""Z68.52"", ""7"": ""Z29.3""}, ""procedures"": {""1"": ""7""}, ""actual_procedures"": {""1"": ""Z29.3""}}",1: Z29.3,CO,45,45,,,,,45,,,,"MOLINA HEALTHCARE OF NEVADA, INC.",mco_medicaid,PRIMARY,430,206.92,0.48,1861707069,4,51
2284,1,13,31464,46570,99384,well_visit,HC,EP,25,,,,1,285,139.99,31-07-2025,31-07-2025,05-09-2025,02-09-2025,"{""icd_10"": {""1"": ""Z00.129"", ""2"": ""Z68.52"", ""3"": ""Z71.3"", ""4"": ""Z71.82"", ""5"": ""Z29.3"", ""6"": ""Z23"", ""7"": ""Z30.02"", ""8"": ""Z13.31""}, ""procedures"": {""1"": ""1"", ""2"": ""2"", ""3"": ""3"", ""4"": ""4""}, ""actual_procedures"": {""1"": ""Z00.129"", ""2"": ""Z68.52"", ""3"": ""Z71.3"", ""4"": ""Z71.82""}}","1: Z00.129 | 2: Z68.52
3: Z71.3 | 4: Z71.82",CO,45,45,,,,,45,,,,"MOLINA HEALTHCARE OF NEVADA, INC.",mco_medicaid,PRIMARY,545.19,251.08,0.46,1073015541,12,152
2284,2,14,31464,46570,99188,procedure,HC,,,,,,1,40,12.92,31-07-2025,31-07-2025,05-09-2025,02-09-2025,"{""icd_10"": {""1"": ""Z00.129"", ""2"": ""Z68.52"", ""3"": ""Z71.3"", ""4"": ""Z71.82"", ""5"": ""Z29.3"", ""6"": ""Z23"", ""7"": ""Z30.02"", ""8"": ""Z13.31""}, ""procedures"": {""1"": ""5""}, ""actual_procedures"": {""1"": ""Z29.3""}}",1: Z29.3,CO,45,45,,,,,45,,,,"MOLINA HEALTHCARE OF NEVADA, INC.",mco_medicaid,PRIMARY,545.19,251.08,0.46,1073015541,12,152
2284,3,15,31464,46570,99401,Counseling - Preventive Counseling,HC,FP,25,,,,1,70.16,0,31-07-2025,31-07-2025,05-09-2025,02-09-2025,"{""icd_10"": {""1"": ""Z00.129"", ""2"": ""Z68.52"", ""3"": ""Z71.3"", ""4"": ""Z71.82"", ""5"": ""Z29.3"", ""6"": ""Z23"", ""7"": ""Z30.02"", ""8"": ""Z13.31""}, ""procedures"": {""1"": ""7""}, ""actual_procedures"": {""1"": ""Z30.02""}}",1: Z30.02,CO,50,50,,,,,50,,,,"MOLINA HEALTHCARE OF NEVADA, INC.",mco_medicaid,PRIMARY,545.19,251.08,0.46,1073015541,12,152
2284,4,16,31464,46570,96127,procedure,HC,59,,,,,1,25,5.06,31-07-2025,31-07-2025,05-09-2025,02-09-2025,"{""icd_10"": {""1"": ""Z00.129"", ""2"": ""Z68.52"", ""3"": ""Z71.3"", ""4"": ""Z71.82"", ""5"": ""Z29.3"", ""6"": ""Z23"", ""7"": ""Z30.02"", ""8"": ""Z13.31""}, ""procedures"": {""1"": ""8""}, ""actual_procedures"": {""1"": ""Z13.31""}}",1: Z13.31,CO,45,45,,,,,45,,,,"MOLINA HEALTHCARE OF NEVADA, INC.",mco_medicaid,PRIMARY,545.19,251.08,0.46,1073015541,12,152
2284,5,17,31464,46570,90460,vaccine_administration,HC,,,,,,3,75,69.99,31-07-2025,31-07-2025,05-09-2025,02-09-2025,"{""icd_10"": {""1"": ""Z00.129"", ""2"": ""Z68.52"", ""3"": ""Z71.3"", ""4"": ""Z71.82"", ""5"": ""Z29.3"", ""6"": ""Z23"", ""7"": ""Z30.02"", ""8"": ""Z13.31""}, ""procedures"": {""1"": ""6""}, ""actual_procedures"": {""1"": ""Z23""}}",1: Z23,CO,45,45,,,,,45,,,,"MOLINA HEALTHCARE OF NEVADA, INC.",mco_medicaid,PRIMARY,545.19,251.08,0.46,1073015541,12,152
2284,6,18,31464,46570,90715,vaccine,HC,,,,,,1,0.01,0,31-07-2025,31-07-2025,05-09-2025,02-09-2025,"{""icd_10"": {""1"": ""Z00.129"", ""2"": ""Z68.52"", ""3"": ""Z71.3"", ""4"": ""Z71.82"", ""5"": ""Z29.3"", ""6"": ""Z23"", ""7"": ""Z30.02"", ""8"": ""Z13.31""}, ""procedures"": {""1"": ""6""}, ""actual_procedures"": {""1"": ""Z23""}}",1: Z23,CO,246,246,,,,,246,,,,"MOLINA HEALTHCARE OF NEVADA, INC.",mco_medicaid,PRIMARY,545.19,251.08,0.46,1073015541,12,152
2284,7,19,31464,46570,90619,vaccine,HC,,,,,,1,0.01,0,31-07-2025,31-07-2025,05-09-2025,02-09-2025,"{""icd_10"": {""1"": ""Z00.129"", ""2"": ""Z68.52"", ""3"": ""Z71.3"", ""4"": ""Z71.82"", ""5"": ""Z29.3"", ""6"": ""Z23"", ""7"": ""Z30.02"", ""8"": ""Z13.31""}, ""procedures"": {""1"": ""6""}, ""actual_procedures"": {""1"": ""Z23""}}",1: Z23,CO,246,246,,,,,246,,,,"MOLINA HEALTHCARE OF NEVADA, INC.",mco_medicaid,PRIMARY,545.19,251.08,0.46,1073015541,12,152
2284,8,20,31464,46570,90651,vaccine,HC,,,,,,1,0.01,0,31-07-2025,31-07-2025,05-09-2025,02-09-2025,"{""icd_10"": {""1"": ""Z00.129"", ""2"": ""Z68.52"", ""3"": ""Z71.3"", ""4"": ""Z71.82"", ""5"": ""Z29.3"", ""6"": ""Z23"", ""7"": ""Z30.02"", ""8"": ""Z13.31""}, ""procedures"": {""1"": ""6""}, ""actual_procedures"": {""1"": ""Z23""}}",1: Z23,CO,246,246,,,,,246,,,,"MOLINA HEALTHCARE OF NEVADA, INC.",mco_medicaid,PRIMARY,545.19,251.08,0.46,1073015541,12,152
2284,9,21,31464,46570,90472,vaccine_administration,HC,,,,,,2,50,23.12,31-07-2025,31-07-2025,05-09-2025,02-09-2025,"{""icd_10"": {""1"": ""Z00.129"", ""2"": ""Z68.52"", ""3"": ""Z71.3"", ""4"": ""Z71.82"", ""5"": ""Z29.3"", ""6"": ""Z23"", ""7"": ""Z30.02"", ""8"": ""Z13.31""}, ""procedures"": {""1"": ""6""}, ""actual_procedures"": {""1"": ""Z23""}}",1: Z23,CO,45,45,,,,,45,,,,"MOLINA HEALTHCARE OF NEVADA, INC.",mco_medicaid,PRIMARY,545.19,251.08,0.46,1073015541,12,152
2285,1,22,36144,51250,99213,sick_visit,HC,25,,,,,1,150,75.16,18-07-2025,18-07-2025,05-09-2025,02-09-2025,"{""icd_10"": {""1"": ""Z00.129"", ""2"": ""Z68.52"", ""3"": ""Z71.3"", ""4"": ""Z71.82"", ""5"": ""J45.909"", ""6"": ""Z29.3"", ""7"": ""Z23""}, ""procedures"": {""1"": ""5""}, ""actual_procedures"": {""1"": ""J45.909""}}",1: J45.909,CO,45,45,,,,,45,,,,"MOLINA HEALTHCARE OF NEVADA, INC.",mco_medicaid,PRIMARY,610.03,324.24,0.53,1073015541,11,132
2285,2,23,36144,51250,99393,well_visit,HC,EP,25,,,,1,230,109.25,18-07-2025,18-07-2025,05-09-2025,02-09-2025,"{""icd_10"": {""1"": ""Z00.129"", ""2"": ""Z68.52"", ""3"": ""Z71.3"", ""4"": ""Z71.82"", ""5"": ""J45.909"", ""6"": ""Z29.3"", ""7"": ""Z23""}, ""procedures"": {""1"": ""1"", ""2"": ""2"", ""3"": ""3"", ""4"": ""4""}, ""actual_procedures"": {""1"": ""Z00.129"", ""2"": ""Z68.52"", ""3"": ""Z71.3"", ""4"": ""Z71.82""}}","1: Z00.129 | 2: Z68.52
3: Z71.3 | 4: Z71.82",CO,45,45,,,,,45,,,,"MOLINA HEALTHCARE OF NEVADA, INC.",mco_medicaid,PRIMARY,610.03,324.24,0.53,1073015541,11,132
2285,3,24,36144,51250,90460,vaccine_administration,HC,,,,,,3,75,69.99,18-07-2025,18-07-2025,05-09-2025,02-09-2025,"{""icd_10"": {""1"": ""Z00.129"", ""2"": ""Z68.52"", ""3"": ""Z71.3"", ""4"": ""Z71.82"", ""5"": ""J45.909"", ""6"": ""Z29.3"", ""7"": ""Z23""}, ""procedures"": {""1"": ""7""}, ""actual_procedures"": {""1"": ""Z23""}}",1: Z23,CO,45,45,,,,,45,,,,"MOLINA HEALTHCARE OF NEVADA, INC.",mco_medicaid,PRIMARY,610.03,324.24,0.53,1073015541,11,132
2285,4,25,36144,51250,94010,respiratory,HC,59,,,,,1,65,33.8,18-07-2025,18-07-2025,05-09-2025,02-09-2025,"{""icd_10"": {""1"": ""Z00.129"", ""2"": ""Z68.52"", ""3"": ""Z71.3"", ""4"": ""Z71.82"", ""5"": ""J45.909"", ""6"": ""Z29.3"", ""7"": ""Z23""}, ""procedures"": {""1"": ""5""}, ""actual_procedures"": {""1"": ""J45.909""}}",1: J45.909,CO,45,45,,,,,45,,,,"MOLINA HEALTHCARE OF NEVADA, INC.",mco_medicaid,PRIMARY,610.03,324.24,0.53,1073015541,11,132
2285,5,26,36144,51250,99188,procedure,HC,,,,,,1,40,12.92,18-07-2025,18-07-2025,05-09-2025,02-09-2025,"{""icd_10"": {""1"": ""Z00.129"", ""2"": ""Z68.52"", ""3"": ""Z71.3"", ""4"": ""Z71.82"", ""5"": ""J45.909"", ""6"": ""Z29.3"", ""7"": ""Z23""}, ""procedures"": {""1"": ""6""}, ""actual_procedures"": {""1"": ""Z29.3""}}",1: Z29.3,CO,45,45,,,,,45,,,,"MOLINA HEALTHCARE OF NEVADA, INC.",mco_medicaid,PRIMARY,610.03,324.24,0.53,1073015541,11,132
2285,6,27,36144,51250,90651,vaccine,HC,,,,,,1,0.01,0,18-07-2025,18-07-2025,05-09-2025,02-09-2025,"{""icd_10"": {""1"": ""Z00.129"", ""2"": ""Z68.52"", ""3"": ""Z71.3"", ""4"": ""Z71.82"", ""5"": ""J45.909"", ""6"": ""Z29.3"", ""7"": ""Z23""}, ""procedures"": {""1"": ""7""}, ""actual_procedures"": {""1"": ""Z23""}}",1: Z23,CO,246,246,,,,,246,,,,"MOLINA HEALTHCARE OF NEVADA, INC.",mco_medicaid,PRIMARY,610.03,324.24,0.53,1073015541,11,132
2285,7,28,36144,51250,90715,vaccine,HC,,,,,,1,0.01,0,18-07-2025,18-07-2025,05-09-2025,02-09-2025,"{""icd_10"": {""1"": ""Z00.129"", ""2"": ""Z68.52"", ""3"": ""Z71.3"", ""4"": ""Z71.82"", ""5"": ""J45.909"", ""6"": ""Z29.3"", ""7"": ""Z23""}, ""procedures"": {""1"": ""7""}, ""actual_procedures"": {""1"": ""Z23""}}",1: Z23,CO,246,246,,,,,246,,,,"MOLINA HEALTHCARE OF NEVADA, INC.",mco_medicaid,PRIMARY,610.03,324.24,0.53,1073015541,11,132
2285,8,29,36144,51250,90472,vaccine_administration,HC,,,,,,2,50,23.12,18-07-2025,18-07-2025,05-09-2025,02-09-2025,"{""icd_10"": {""1"": ""Z00.129"", ""2"": ""Z68.52"", ""3"": ""Z71.3"", ""4"": ""Z71.82"", ""5"": ""J45.909"", ""6"": ""Z29.3"", ""7"": ""Z23""}, ""procedures"": {""1"": ""7""}, ""actual_procedures"": {""1"": ""Z23""}}",1: Z23,CO,45,45,,,,,45,,,,"MOLINA HEALTHCARE OF NEVADA, INC.",mco_medicaid,PRIMARY,610.03,324.24,0.53,1073015541,11,132
2285,9,30,36144,51250,90619,vaccine,HC,,,,,,1,0.01,0,18-07-2025,18-07-2025,05-09-2025,02-09-2025,"{""icd_10"": {""1"": ""Z00.129"", ""2"": ""Z68.52"", ""3"": ""Z71.3"", ""4"": ""Z71.82"", ""5"": ""J45.909"", ""6"": ""Z29.3"", ""7"": ""Z23""}, ""procedures"": {""1"": ""7""}, ""actual_procedures"": {""1"": ""Z23""}}",1: Z23,CO,246,246,,,,,246,,,,"MOLINA HEALTHCARE OF NEVADA, INC.",mco_medicaid,PRIMARY,610.03,324.24,0.53,1073015541,11,132
2286,1,31,29950,45056,99393,well_visit,HC,EP,25,,,,1,230,109.25,30-07-2025,30-07-2025,05-09-2025,02-09-2025,"{""icd_10"": {""1"": ""Z00.129"", ""2"": ""Z71.3"", ""3"": ""Z71.82"", ""4"": ""Z68.52"", ""5"": ""Z29.3"", ""6"": ""F90.9""}, ""procedures"": {""1"": ""1"", ""2"": ""2"", ""3"": ""3"", ""4"": ""4""}, ""actual_procedures"": {""1"": ""Z00.129"", ""2"": ""Z71.3"", ""3"": ""Z71.82"", ""4"": ""Z68.52""}}","1: Z00.129 | 2: Z71.3
3: Z71.82 | 4: Z68.52",CO,45,45,,,,,45,,,,"MOLINA HEALTHCARE OF NEVADA, INC.",mco_medicaid,PRIMARY,420,197.33,0.47,1861707069,7,92
2286,2,32,29950,45056,99188,procedure,HC,,,,,,1,40,12.92,30-07-2025,30-07-2025,05-09-2025,02-09-2025,"{""icd_10"": {""1"": ""Z00.129"", ""2"": ""Z71.3"", ""3"": ""Z71.82"", ""4"": ""Z68.52"", ""5"": ""Z29.3"", ""6"": ""F90.9""}, ""procedures"": {""1"": ""5""}, ""actual_procedures"": {""1"": ""Z29.3""}}",1: Z29.3,CO,45,45,,,,,45,,,,"MOLINA HEALTHCARE OF NEVADA, INC.",mco_medicaid,PRIMARY,420,197.33,0.47,1861707069,7,92
2286,3,33,29950,45056,99213,sick_visit,HC,25,,,,,1,150,75.16,30-07-2025,30-07-2025,05-09-2025,02-09-2025,"{""icd_10"": {""1"": ""Z00.129"", ""2"": ""Z71.3"", ""3"": ""Z71.82"", ""4"": ""Z68.52"", ""5"": ""Z29.3"", ""6"": ""F90.9""}, ""procedures"": {""1"": ""6""}, ""actual_procedures"": {""1"": ""F90.9""}}",1: F90.9,CO,45,45,,,,,45,,,,"MOLINA HEALTHCARE OF NEVADA, INC.",mco_medicaid,PRIMARY,420,197.33,0.47,1861707069,7,92
2287,1,34,2132362,17238,95004,diagnostic,HC,,,,,,42,485.52,0,23-07-2025,23-07-2025,05-09-2025,02-09-2025,,,CO,250,250,,M127,M127,,250,,M127,,"MOLINA HEALTHCARE OF NEVADA, INC.",mco_medicaid,DENIED,485.52,0,0,1861707069,5,71
2288,1,1,20365,17142,99213,sick_visit,HC,25,,,,,1,150,75.16,23-07-2025,23-07-2025,05-09-2025,29-08-2025,"{""icd_10"": {""1"": ""J20.5"", ""2"": ""Z09""}, ""procedures"": {""1"": ""1"", ""2"": ""2""}, ""actual_procedures"": {""1"": ""J20.5"", ""2"": ""Z09""}}",1: J20.5 | 2: Z09,CO,45,45,,N130,N130,,45,,N130,,DIVISON OF HEALTH CARE FINANCING AND POLICY,mco_medicaid,PRIMARY,165,78.21,0.47,1861707069,7,92
2288,2,2,20365,17142,94760,respiratory,HC,59,,,,,1,15,3.05,23-07-2025,23-07-2025,05-09-2025,29-08-2025,"{""icd_10"": {""1"": ""J20.5"", ""2"": ""Z09""}, ""procedures"": {""1"": ""1""}, ""actual_procedures"": {""1"": ""J20.5""}}",1: J20.5,CO,45,45,,N130,N130,,45,,N130,,DIVISON OF HEALTH CARE FINANCING AND POLICY,mco_medicaid,PRIMARY,165,78.21,0.47,1861707069,7,92
2289,1,3,30392,45498,99384,well_visit,HC,EP,25,,,,1,285,139.99,04-08-2025,04-08-2025,05-09-2025,29-08-2025,"{""icd_10"": {""1"": ""Z00.129"", ""2"": ""Z71.3"", ""3"": ""Z71.82"", ""4"": ""Z13.31"", ""5"": ""Z23"", ""6"": ""Z68.52"", ""7"": ""Z29.3""}, ""procedures"": {""1"": ""1"", ""2"": ""2"", ""3"": ""3"", ""4"": ""6""}, ""actual_procedures"": {""1"": ""Z00.129"", ""2"": ""Z71.3"", ""3"": ""Z71.82"", ""4"": ""Z68.52""}}","1: Z00.129 | 2: Z71.3
3: Z71.82 | 4: Z68.52",CO,45,45,,N130,N130,,45,,N130,,DIVISON OF HEALTH CARE FINANCING AND POLICY,mco_medicaid,PRIMARY,375,181.3,0.48,1861707069,16,194
2289,2,4,30392,45498,96127,procedure,HC,,,,,,1,25,5.06,04-08-2025,04-08-2025,05-09-2025,29-08-2025,"{""icd_10"": {""1"": ""Z00.129"", ""2"": ""Z71.3"", ""3"": ""Z71.82"", ""4"": ""Z13.31"", ""5"": ""Z23"", ""6"": ""Z68.52"", ""7"": ""Z29.3""}, ""procedures"": {""1"": ""4""}, ""actual_procedures"": {""1"": ""Z13.31""}}",1: Z13.31,CO,45,45,,N130,N130,,45,,N130,,DIVISON OF HEALTH CARE FINANCING AND POLICY,mco_medicaid,PRIMARY,375,181.3,0.48,1861707069,16,194
2289,3,5,30392,45498,90619,vaccine,HC,,,,,,0,0,0,04-08-2025,04-08-2025,05-09-2025,29-08-2025,"{""icd_10"": {""1"": ""Z00.129"", ""2"": ""Z71.3"", ""3"": ""Z71.82"", ""4"": ""Z13.31"", ""5"": ""Z23"", ""6"": ""Z68.52"", ""7"": ""Z29.3""}, ""procedures"": {""1"": ""5""}, ""actual_procedures"": {""1"": ""Z23""}}",1: Z23,,,,,"M119,M41",M119,M41,,,M119,M41,DIVISON OF HEALTH CARE FINANCING AND POLICY,mco_medicaid,PRIMARY,375,181.3,0.48,1861707069,16,194
2289,4,6,30392,45498,99188,procedure,HC,,,,,,1,40,12.92,04-08-2025,04-08-2025,05-09-2025,29-08-2025,"{""icd_10"": {""1"": ""Z00.129"", ""2"": ""Z71.3"", ""3"": ""Z71.82"", ""4"": ""Z13.31"", ""5"": ""Z23"", ""6"": ""Z68.52"", ""7"": ""Z29.3""}, ""procedures"": {""1"": ""7""}, ""actual_procedures"": {""1"": ""Z29.3""}}",1: Z29.3,CO,45,45,,N130,N130,,45,,N130,,DIVISON OF HEALTH CARE FINANCING AND POLICY,mco_medicaid,PRIMARY,375,181.3,0.48,1861707069,16,194
2289,5,7,30392,45498,90460,vaccine_administration,HC,,,,,,1,25,23.33,04-08-2025,04-08-2025,05-09-2025,29-08-2025,"{""icd_10"": {""1"": ""Z00.129"", ""2"": ""Z71.3"", ""3"": ""Z71.82"", ""4"": ""Z13.31"", ""5"": ""Z23"", ""6"": ""Z68.52"", ""7"": ""Z29.3""}, ""procedures"": {""1"": ""5""}, ""actual_procedures"": {""1"": ""Z23""}}",1: Z23,CO,45,45,,N130,N130,,45,,N130,,DIVISON OF HEALTH CARE FINANCING AND POLICY,mco_medicaid,PRIMARY,375,181.3,0.48,1861707069,16,194
2290,1,8,31004,46110,99213,sick_visit,HC,U6,25,,,,1,150,37.58,31-07-2025,31-07-2025,05-09-2025,29-08-2025,"{""icd_10"": {""1"": ""Z00.129"", ""2"": ""Z68.53"", ""3"": ""Z71.3"", ""4"": ""Z71.82"", ""5"": ""Z29.3"", ""6"": ""Z23"", ""7"": ""Z13.31"", ""8"": ""Z30.02"", ""9"": ""H90.5""}, ""procedures"": {""1"": ""9""}, ""actual_procedures"": {""1"": ""H90.5""}}",1: H90.5,CO,45,45,,N130,N130,,45,,N130,,DIVISON OF HEALTH CARE FINANCING AND POLICY,mco_medicaid,PRIMARY,620.18,279.04,0.45,1073015541,16,192
2290,2,9,31004,46110,99384,well_visit,HC,EP,25,,,,1,285,139.99,31-07-2025,31-07-2025,05-09-2025,29-08-2025,"{""icd_10"": {""1"": ""Z00.129"", ""2"": ""Z68.53"", ""3"": ""Z71.3"", ""4"": ""Z71.82"", ""5"": ""Z29.3"", ""6"": ""Z23"", ""7"": ""Z13.31"", ""8"": ""Z30.02"", ""9"": ""H90.5""}, ""procedures"": {""1"": ""1"", ""2"": ""2"", ""3"": ""3"", ""4"": ""4""}, ""actual_procedures"": {""1"": ""Z00.129"", ""2"": ""Z68.53"", ""3"": ""Z71.3"", ""4"": ""Z71.82""}}","1: Z00.129 | 2: Z68.53
3: Z71.3 | 4: Z71.82",CO,45,45,,N130,N130,,45,,N130,,DIVISON OF HEALTH CARE FINANCING AND POLICY,mco_medicaid,PRIMARY,620.18,279.04,0.45,1073015541,16,192
2290,3,10,31004,46110,99401,Counseling - Preventive Counseling,HC,FP,25,,,,1,70.16,36.83,31-07-2025,31-07-2025,05-09-2025,29-08-2025,"{""icd_10"": {""1"": ""Z00.129"", ""2"": ""Z68.53"", ""3"": ""Z71.3"", ""4"": ""Z71.82"", ""5"": ""Z29.3"", ""6"": ""Z23"", ""7"": ""Z13.31"", ""8"": ""Z30.02"", ""9"": ""H90.5""}, ""procedures"": {""1"": ""8""}, ""actual_procedures"": {""1"": ""Z30.02""}}",1: Z30.02,CO,45,45,,N130,N130,,45,,N130,,DIVISON OF HEALTH CARE FINANCING AND POLICY,mco_medicaid,PRIMARY,620.18,279.04,0.45,1073015541,16,192
2290,4,11,31004,46110,96127,procedure,HC,59,,,,,1,25,5.06,31-07-2025,31-07-2025,05-09-2025,29-08-2025,"{""icd_10"": {""1"": ""Z00.129"", ""2"": ""Z68.53"", ""3"": ""Z71.3"", ""4"": ""Z71.82"", ""5"": ""Z29.3"", ""6"": ""Z23"", ""7"": ""Z13.31"", ""8"": ""Z30.02"", ""9"": ""H90.5""}, ""procedures"": {""1"": ""7""}, ""actual_procedures"": {""1"": ""Z13.31""}}",1: Z13.31,CO,45,45,,N130,N130,,45,,N130,,DIVISON OF HEALTH CARE FINANCING AND POLICY,mco_medicaid,PRIMARY,620.18,279.04,0.45,1073015541,16,192
2290,5,12,31004,46110,99188,procedure,HC,,,,,,1,40,12.92,31-07-2025,31-07-2025,05-09-2025,29-08-2025,"{""icd_10"": {""1"": ""Z00.129"", ""2"": ""Z68.53"", ""3"": ""Z71.3"", ""4"": ""Z71.82"", ""5"": ""Z29.3"", ""6"": ""Z23"", ""7"": ""Z13.31"", ""8"": ""Z30.02"", ""9"": ""H90.5""}, ""procedures"": {""1"": ""5""}, ""actual_procedures"": {""1"": ""Z29.3""}}",1: Z29.3,CO,45,45,,N130,N130,,45,,N130,,DIVISON OF HEALTH CARE FINANCING AND POLICY,mco_medicaid,PRIMARY,620.18,279.04,0.45,1073015541,16,192
2290,6,13,31004,46110,90460,vaccine_administration,HC,,,,,,2,50,46.66,31-07-2025,31-07-2025,05-09-2025,29-08-2025,"{""icd_10"": {""1"": ""Z00.129"", ""2"": ""Z68.53"", ""3"": ""Z71.3"", ""4"": ""Z71.82"", ""5"": ""Z29.3"", ""6"": ""Z23"", ""7"": ""Z13.31"", ""8"": ""Z30.02"", ""9"": ""H90.5""}, ""procedures"": {""1"": ""6""}, ""actual_procedures"": {""1"": ""Z23""}}",1: Z23,CO,45,45,,N130,N130,,45,,N130,,DIVISON OF HEALTH CARE FINANCING AND POLICY,mco_medicaid,PRIMARY,620.18,279.04,0.45,1073015541,16,192
2290,7,14,31004,46110,90621,vaccine,HC,,,,,,0,0.01,0,31-07-2025,31-07-2025,05-09-2025,29-08-2025,"{""icd_10"": {""1"": ""Z00.129"", ""2"": ""Z68.53"", ""3"": ""Z71.3"", ""4"": ""Z71.82"", ""5"": ""Z29.3"", ""6"": ""Z23"", ""7"": ""Z13.31"", ""8"": ""Z30.02"", ""9"": ""H90.5""}, ""procedures"": {""1"": ""6""}, ""actual_procedures"": {""1"": ""Z23""}}",1: Z23,CO,96,96,,"N362,M119,M41",N362,M119,96,,N362,M119,DIVISON OF HEALTH CARE FINANCING AND POLICY,mco_medicaid,PRIMARY,620.18,279.04,0.45,1073015541,16,192
2290,8,15,31004,46110,90619,vaccine,HC,,,,,,0,0.01,0,31-07-2025,31-07-2025,05-09-2025,29-08-2025,"{""icd_10"": {""1"": ""Z00.129"", ""2"": ""Z68.53"", ""3"": ""Z71.3"", ""4"": ""Z71.82"", ""5"": ""Z29.3"", ""6"": ""Z23"", ""7"": ""Z13.31"", ""8"": ""Z30.02"", ""9"": ""H90.5""}, ""procedures"": {""1"": ""6""}, ""actual_procedures"": {""1"": ""Z23""}}",1: Z23,CO,96,96,,"M119,M41",M119,M41,96,,M119,M41,DIVISON OF HEALTH CARE FINANCING AND POLICY,mco_medicaid,PRIMARY,620.18,279.04,0.45,1073015541,16,192
2291,1,16,3016589,45271,99213,sick_visit,HC,U6,25,,,,1,150,37.58,31-07-2025,31-07-2025,05-09-2025,29-08-2025,"{""icd_10"": {""1"": ""Z00.129"", ""2"": ""Z68.54"", ""3"": ""Z71.3"", ""4"": ""Z71.82"", ""5"": ""L20.89"", ""6"": ""Z13.31"", ""7"": ""Z01.020"", ""8"": ""Z29.3""}, ""procedures"": {""1"": ""5""}, ""actual_procedures"": {""1"": ""L20.89""}}",1: L20.89,CO,45,45,,N130,N130,,45,,N130,,DIVISON OF HEALTH CARE FINANCING AND POLICY,mco_medicaid,PRIMARY,540,204.11,0.38,1073015541,10,121
2291,2,17,3016589,45271,99383,well_visit,HC,EP,25,,,,1,260,123.94,31-07-2025,31-07-2025,05-09-2025,29-08-2025,"{""icd_10"": {""1"": ""Z00.129"", ""2"": ""Z68.54"", ""3"": ""Z71.3"", ""4"": ""Z71.82"", ""5"": ""L20.89"", ""6"": ""Z13.31"", ""7"": ""Z01.020"", ""8"": ""Z29.3""}, ""procedures"": {""1"": ""1"", ""2"": ""2"", ""3"": ""3"", ""4"": ""4""}, ""actual_procedures"": {""1"": ""Z00.129"", ""2"": ""Z68.54"", ""3"": ""Z71.3"", ""4"": ""Z71.82""}}","1: Z00.129 | 2: Z68.54
3: Z71.3 | 4: Z71.82",CO,45,45,,N130,N130,,45,,N130,,DIVISON OF HEALTH CARE FINANCING AND POLICY,mco_medicaid,PRIMARY,540,204.11,0.38,1073015541,10,121
2291,3,18,3016589,45271,G0447,Counseling - Preventive Counseling,HC,59,,,,,1,45,24.61,31-07-2025,31-07-2025,05-09-2025,29-08-2025,"{""icd_10"": {""1"": ""Z00.129"", ""2"": ""Z68.54"", ""3"": ""Z71.3"", ""4"": ""Z71.82"", ""5"": ""L20.89"", ""6"": ""Z13.31"", ""7"": ""Z01.020"", ""8"": ""Z29.3""}, ""procedures"": {""1"": ""2""}, ""actual_procedures"": {""1"": ""Z68.54""}}",1: Z68.54,CO,45,45,,N130,N130,,45,,N130,,DIVISON OF HEALTH CARE FINANCING AND POLICY,mco_medicaid,PRIMARY,540,204.11,0.38,1073015541,10,121
2291,4,19,3016589,45271,96127,procedure,HC,59,,,,,1,25,5.06,31-07-2025,31-07-2025,05-09-2025,29-08-2025,"{""icd_10"": {""1"": ""Z00.129"", ""2"": ""Z68.54"", ""3"": ""Z71.3"", ""4"": ""Z71.82"", ""5"": ""L20.89"", ""6"": ""Z13.31"", ""7"": ""Z01.020"", ""8"": ""Z29.3""}, ""procedures"": {""1"": ""6""}, ""actual_procedures"": {""1"": ""Z13.31""}}",1: Z13.31,CO,45,45,,N130,N130,,45,,N130,,DIVISON OF HEALTH CARE FINANCING AND POLICY,mco_medicaid,PRIMARY,540,204.11,0.38,1073015541,10,121
2291,5,20,3016589,45271,99173,diagnostic,HC,,,,,,0,20,0,31-07-2025,31-07-2025,05-09-2025,29-08-2025,"{""icd_10"": {""1"": ""Z00.129"", ""2"": ""Z68.54"", ""3"": ""Z71.3"", ""4"": ""Z71.82"", ""5"": ""L20.89"", ""6"": ""Z13.31"", ""7"": ""Z01.020"", ""8"": ""Z29.3""}, ""procedures"": {""1"": ""7""}, ""actual_procedures"": {""1"": ""Z01.020""}}",1: Z01.020,CO,204,204,,,,,204,,,,DIVISON OF HEALTH CARE FINANCING AND POLICY,mco_medicaid,PRIMARY,540,204.11,0.38,1073015541,10,121
2291,6,21,3016589,45271,99188,procedure,HC,,,,,,1,40,12.92,31-07-2025,31-07-2025,05-09-2025,29-08-2025,"{""icd_10"": {""1"": ""Z00.129"", ""2"": ""Z68.54"", ""3"": ""Z71.3"", ""4"": ""Z71.82"", ""5"": ""L20.89"", ""6"": ""Z13.31"", ""7"": ""Z01.020"", ""8"": ""Z29.3""}, ""procedures"": {""1"": ""8""}, ""actual_procedures"": {""1"": ""Z29.3""}}",1: Z29.3,CO,45,45,,N130,N130,,45,,N130,,DIVISON OF HEALTH CARE FINANCING AND POLICY,mco_medicaid,PRIMARY,540,204.11,0.38,1073015541,10,121
2292,1,22,36200,51306,99213,sick_visit,HC,U6,25,,,,1,150,37.58,31-07-2025,31-07-2025,05-09-2025,29-08-2025,"{""icd_10"": {""1"": ""Z00.129"", ""2"": ""Z71.3"", ""3"": ""Z71.82"", ""4"": ""Z68.52"", ""5"": ""R04.0""}, ""procedures"": {""1"": ""5""}, ""actual_procedures"": {""1"": ""R04.0""}}",1: R04.0,CO,45,45,,N130,N130,,45,,N130,,DIVISON OF HEALTH CARE FINANCING AND POLICY,mco_medicaid,PRIMARY,430,146.83,0.34,1073015541,6,73
2292,2,23,36200,51306,99393,well_visit,HC,EP,25,,,,1,230,109.25,31-07-2025,31-07-2025,05-09-2025,29-08-2025,"{""icd_10"": {""1"": ""Z00.129"", ""2"": ""Z71.3"", ""3"": ""Z71.82"", ""4"": ""Z68.52"", ""5"": ""R04.0""}, ""procedures"": {""1"": ""1"", ""2"": ""2"", ""3"": ""3"", ""4"": ""4""}, ""actual_procedures"": {""1"": ""Z00.129"", ""2"": ""Z71.3"", ""3"": ""Z71.82"", ""4"": ""Z68.52""}}","1: Z00.129 | 2: Z71.3
3: Z71.82 | 4: Z68.52",CO,45,45,,N130,N130,,45,,N130,,DIVISON OF HEALTH CARE FINANCING AND POLICY,mco_medicaid,PRIMARY,430,146.83,0.34,1073015541,6,73
2292,3,24,36200,51306,87804,poc,HC,QW,,,,,0,50,0,31-07-2025,31-07-2025,05-09-2025,29-08-2025,"{""icd_10"": {""1"": ""Z00.129"", ""2"": ""Z71.3"", ""3"": ""Z71.82"", ""4"": ""Z68.52"", ""5"": ""R04.0""}, ""procedures"": {""1"": ""5""}, ""actual_procedures"": {""1"": ""R04.0""}}",1: R04.0,CO,B7,B7,,"MA120,N130",MA120,N130,B7,,MA120,N130,DIVISON OF HEALTH CARE FINANCING AND POLICY,mco_medicaid,PRIMARY,430,146.83,0.34,1073015541,6,73
2293,1,25,36199,51305,99213,sick_visit,HC,U6,25,,,,1,150,37.58,31-07-2025,31-07-2025,05-09-2025,29-08-2025,"{""icd_10"": {""1"": ""Z00.129"", ""2"": ""Z71.3"", ""3"": ""Z71.82"", ""4"": ""Z68.54"", ""5"": ""Z01.020"", ""6"": ""G44.1"", ""7"": ""Z20.828""}, ""procedures"": {""1"": ""6""}, ""actual_procedures"": {""1"": ""G44.1""}}",1: G44.1,CO,45,45,,N130,N130,,45,,N130,,DIVISON OF HEALTH CARE FINANCING AND POLICY,mco_medicaid,PRIMARY,480,161.52,0.34,1073015541,7,91
2293,2,26,36199,51305,99383,well_visit,HC,EP,25,,,,1,260,123.94,31-07-2025,31-07-2025,05-09-2025,29-08-2025,"{""icd_10"": {""1"": ""Z00.129"", ""2"": ""Z71.3"", ""3"": ""Z71.82"", ""4"": ""Z68.54"", ""5"": ""Z01.020"", ""6"": ""G44.1"", ""7"": ""Z20.828""}, ""procedures"": {""1"": ""1"", ""2"": ""2"", ""3"": ""3"", ""4"": ""4""}, ""actual_procedures"": {""1"": ""Z00.129"", ""2"": ""Z71.3"", ""3"": ""Z71.82"", ""4"": ""Z68.54""}}","1: Z00.129 | 2: Z71.3
3: Z71.82 | 4: Z68.54",CO,45,45,,N130,N130,,45,,N130,,DIVISON OF HEALTH CARE FINANCING AND POLICY,mco_medicaid,PRIMARY,480,161.52,0.34,1073015541,7,91
2293,3,27,36199,51305,87804,poc,HC,QW,,,,,0,50,0,31-07-2025,31-07-2025,05-09-2025,29-08-2025,"{""icd_10"": {""1"": ""Z00.129"", ""2"": ""Z71.3"", ""3"": ""Z71.82"", ""4"": ""Z68.54"", ""5"": ""Z01.020"", ""6"": ""G44.1"", ""7"": ""Z20.828""}, ""procedures"": {""1"": ""6"", ""2"": ""7""}, ""actual_procedures"": {""1"": ""G44.1"", ""2"": ""Z20.828""}}",1: G44.1 | 2: Z20.828,CO,B7,B7,,"MA120,N130",MA120,N130,B7,,MA120,N130,DIVISON OF HEALTH CARE FINANCING AND POLICY,mco_medicaid,PRIMARY,480,161.52,0.34,1073015541,7,91
2293,4,28,36199,51305,99173,diagnostic,HC,,,,,,0,20,0,31-07-2025,31-07-2025,05-09-2025,29-08-2025,"{""icd_10"": {""1"": ""Z00.129"", ""2"": ""Z71.3"", ""3"": ""Z71.82"", ""4"": ""Z68.54"", ""5"": ""Z01.020"", ""6"": ""G44.1"", ""7"": ""Z20.828""}, ""procedures"": {""1"": ""5""}, ""actual_procedures"": {""1"": ""Z01.020""}}",1: Z01.020,CO,204,204,,,,,204,,,,DIVISON OF HEALTH CARE FINANCING AND POLICY,mco_medicaid,PRIMARY,480,161.52,0.34,1073015541,7,91
2294,1,29,20956,17201,99213,sick_visit,HC,U6,25,,,,1,150,37.58,07-08-2025,07-08-2025,05-09-2025,29-08-2025,"{""icd_10"": {""1"": ""Z00.129"", ""2"": ""Z71.3"", ""3"": ""Z71.82"", ""4"": ""Z68.52"", ""5"": ""Q11.1"", ""6"": ""R62.50"", ""7"": ""F80.89"", ""8"": ""Z29.3""}, ""procedures"": {""1"": ""5"", ""2"": ""6"", ""3"": ""7""}, ""actual_procedures"": {""1"": ""Q11.1"", ""2"": ""R62.50"", ""3"": ""F80.89""}}","1: Q11.1 | 2: R62.50
3: F80.89",CO,45,45,,N130,N130,,45,,N130,,DIVISON OF HEALTH CARE FINANCING AND POLICY,mco_medicaid,PRIMARY,450,174.44,0.39,1073015541,9,117
2294,2,30,20956,17201,99383,well_visit,HC,EP,25,,,,1,260,123.94,07-08-2025,07-08-2025,05-09-2025,29-08-2025,"{""icd_10"": {""1"": ""Z00.129"", ""2"": ""Z71.3"", ""3"": ""Z71.82"", ""4"": ""Z68.52"", ""5"": ""Q11.1"", ""6"": ""R62.50"", ""7"": ""F80.89"", ""8"": ""Z29.3""}, ""procedures"": {""1"": ""1"", ""2"": ""2"", ""3"": ""3"", ""4"": ""4""}, ""actual_procedures"": {""1"": ""Z00.129"", ""2"": ""Z71.3"", ""3"": ""Z71.82"", ""4"": ""Z68.52""}}","1: Z00.129 | 2: Z71.3
3: Z71.82 | 4: Z68.52",CO,45,45,,N130,N130,,45,,N130,,DIVISON OF HEALTH CARE FINANCING AND POLICY,mco_medicaid,PRIMARY,450,174.44,0.39,1073015541,9,117
2294,3,31,20956,17201,99188,procedure,HC,,,,,,1,40,12.92,07-08-2025,07-08-2025,05-09-2025,29-08-2025,"{""icd_10"": {""1"": ""Z00.129"", ""2"": ""Z71.3"", ""3"": ""Z71.82"", ""4"": ""Z68.52"", ""5"": ""Q11.1"", ""6"": ""R62.50"", ""7"": ""F80.89"", ""8"": ""Z29.3""}, ""procedures"": {""1"": ""8""}, ""actual_procedures"": {""1"": ""Z29.3""}}",1: Z29.3,CO,45,45,,N130,N130,,45,,N130,,DIVISON OF HEALTH CARE FINANCING AND POLICY,mco_medicaid,PRIMARY,450,174.44,0.39,1073015541,9,117
2295,1,32,2138,17244,99391,well_visit,HC,EP,25,,,,1,200,102.7,07-08-2025,07-08-2025,05-09-2025,29-08-2025,"{""icd_10"": {""1"": ""Z00.129"", ""2"": ""Z23""}, ""procedures"": {""1"": ""1""}, ""actual_procedures"": {""1"": ""Z00.129""}}",1: Z00.129,CO,45,45,,N130,N130,,45,,N130,,DIVISON OF HEALTH CARE FINANCING AND POLICY,mco_medicaid,PRIMARY,550.05,265.8,0.48,1073015541,0,6
2295,2,33,2138,17244,90460,vaccine_administration,HC,,,,,,6,150,139.98,07-08-2025,07-08-2025,05-09-2025,29-08-2025,"{""icd_10"": {""1"": ""Z00.129"", ""2"": ""Z23""}, ""procedures"": {""1"": ""2""}, ""actual_procedures"": {""1"": ""Z23""}}",1: Z23,CO,45,45,,N130,N130,,45,,N130,,DIVISON OF HEALTH CARE FINANCING AND POLICY,mco_medicaid,PRIMARY,550.05,265.8,0.48,1073015541,0,6
2295,3,34,2138,17244,90700,vaccine,HC,,,,,,0,0.01,0,07-08-2025,07-08-2025,05-09-2025,29-08-2025,"{""icd_10"": {""1"": ""Z00.129"", ""2"": ""Z23""}, ""procedures"": {""1"": ""2""}, ""actual_procedures"": {""1"": ""Z23""}}",1: Z23,CO,96,96,,"M119,M41",M119,M41,96,,M119,M41,DIVISON OF HEALTH CARE FINANCING AND POLICY,mco_medicaid,PRIMARY,550.05,265.8,0.48,1073015541,0,6
2295,4,35,2138,17244,90744,vaccine,HC,,,,,,0,0.01,0,07-08-2025,07-08-2025,05-09-2025,29-08-2025,"{""icd_10"": {""1"": ""Z00.129"", ""2"": ""Z23""}, ""procedures"": {""1"": ""2""}, ""actual_procedures"": {""1"": ""Z23""}}",1: Z23,CO,96,96,,"M119,M41",M119,M41,96,,M119,M41,DIVISON OF HEALTH CARE FINANCING AND POLICY,mco_medicaid,PRIMARY,550.05,265.8,0.48,1073015541,0,6
2295,5,36,2138,17244,90648,vaccine,HC,,,,,,0,0.01,0,07-08-2025,07-08-2025,05-09-2025,29-08-2025,"{""icd_10"": {""1"": ""Z00.129"", ""2"": ""Z23""}, ""procedures"": {""1"": ""2""}, ""actual_procedures"": {""1"": ""Z23""}}",1: Z23,CO,96,96,,"M119,N847,M41",M119,N847,96,,M119,N847,DIVISON OF HEALTH CARE FINANCING AND POLICY,mco_medicaid,PRIMARY,550.05,265.8,0.48,1073015541,0,6
2295,6,37,2138,17244,90671,vaccine,HC,,,,,,0,0.01,0,07-08-2025,07-08-2025,05-09-2025,29-08-2025,"{""icd_10"": {""1"": ""Z00.129"", ""2"": ""Z23""}, ""procedures"": {""1"": ""2""}, ""actual_procedures"": {""1"": ""Z23""}}",1: Z23,CO,96,96,,"M119,M41",M119,M41,96,,M119,M41,DIVISON OF HEALTH CARE FINANCING AND POLICY,mco_medicaid,PRIMARY,550.05,265.8,0.48,1073015541,0,6
2295,7,38,2138,17244,90713,vaccine,HC,,,,,,0,0.01,0,07-08-2025,07-08-2025,05-09-2025,29-08-2025,"{""icd_10"": {""1"": ""Z00.129"", ""2"": ""Z23""}, ""procedures"": {""1"": ""2""}, ""actual_procedures"": {""1"": ""Z23""}}",1: Z23,CO,96,96,,"M119,M41",M119,M41,96,,M119,M41,DIVISON OF HEALTH CARE FINANCING AND POLICY,mco_medicaid,PRIMARY,550.05,265.8,0.48,1073015541,0,6
2295,8,39,2138,17244,90680,vaccine,HC,,,,,,0,150,0,07-08-2025,07-08-2025,05-09-2025,29-08-2025,"{""icd_10"": {""1"": ""Z00.129"", ""2"": ""Z23""}, ""procedures"": {""1"": ""2""}, ""actual_procedures"": {""1"": ""Z23""}}",1: Z23,CO,96,96,,"M119,M41",M119,M41,96,,M119,M41,DIVISON OF HEALTH CARE FINANCING AND POLICY,mco_medicaid,PRIMARY,550.05,265.8,0.48,1073015541,0,6
2295,9,40,2138,17244,90472,vaccine_administration,HC,,,,,,2,50,23.12,07-08-2025,07-08-2025,05-09-2025,29-08-2025,"{""icd_10"": {""1"": ""Z00.129"", ""2"": ""Z23""}, ""procedures"": {""1"": ""2""}, ""actual_procedures"": {""1"": ""Z23""}}",1: Z23,CO,45,45,,N130,N130,,45,,N130,,DIVISON OF HEALTH CARE FINANCING AND POLICY,mco_medicaid,PRIMARY,550.05,265.8,0.48,1073015541,0,6
2296,1,41,36198,51304,99213,sick_visit,HC,U6,25,,,,1,150,37.58,31-07-2025,31-07-2025,05-09-2025,29-08-2025,"{""icd_10"": {""1"": ""Z00.129"", ""2"": ""Z68.52"", ""3"": ""Z71.3"", ""4"": ""Z71.82"", ""5"": ""Z23"", ""6"": ""F84.0""}, ""procedures"": {""1"": ""6""}, ""actual_procedures"": {""1"": ""F84.0""}}",1: F84.0,CO,45,45,,N130,N130,,45,,N130,,DIVISON OF HEALTH CARE FINANCING AND POLICY,mco_medicaid,PRIMARY,460.01,200.9,0.44,1073015541,15,183
2296,2,42,36198,51304,99384,well_visit,HC,EP,25,,,,1,285,139.99,31-07-2025,31-07-2025,05-09-2025,29-08-2025,"{""icd_10"": {""1"": ""Z00.129"", ""2"": ""Z68.52"", ""3"": ""Z71.3"", ""4"": ""Z71.82"", ""5"": ""Z23"", ""6"": ""F84.0""}, ""procedures"": {""1"": ""1"", ""2"": ""2"", ""3"": ""3"", ""4"": ""4""}, ""actual_procedures"": {""1"": ""Z00.129"", ""2"": ""Z68.52"", ""3"": ""Z71.3"", ""4"": ""Z71.82""}}","1: Z00.129 | 2: Z68.52
3: Z71.3 | 4: Z71.82",CO,45,45,,N130,N130,,45,,N130,,DIVISON OF HEALTH CARE FINANCING AND POLICY,mco_medicaid,PRIMARY,460.01,200.9,0.44,1073015541,15,183
2296,3,43,36198,51304,90460,vaccine_administration,HC,,,,,,1,25,23.33,31-07-2025,31-07-2025,05-09-2025,29-08-2025,"{""icd_10"": {""1"": ""Z00.129"", ""2"": ""Z68.52"", ""3"": ""Z71.3"", ""4"": ""Z71.82"", ""5"": ""Z23"", ""6"": ""F84.0""}, ""procedures"": {""1"": ""5""}, ""actual_procedures"": {""1"": ""Z23""}}",1: Z23,CO,45,45,,N130,N130,,45,,N130,,DIVISON OF HEALTH CARE FINANCING AND POLICY,mco_medicaid,PRIMARY,460.01,200.9,0.44,1073015541,15,183
2296,4,44,36198,51304,90651,vaccine,HC,,,,,,0,0.01,0,31-07-2025,31-07-2025,05-09-2025,29-08-2025,"{""icd_10"": {""1"": ""Z00.129"", ""2"": ""Z68.52"", ""3"": ""Z71.3"", ""4"": ""Z71.82"", ""5"": ""Z23"", ""6"": ""F84.0""}, ""procedures"": {""1"": ""5""}, ""actual_procedures"": {""1"": ""Z23""}}",1: Z23,CO,96,96,,"N362,M119,M41",N362,M119,96,,N362,M119,DIVISON OF HEALTH CARE FINANCING AND POLICY,mco_medicaid,PRIMARY,460.01,200.9,0.44,1073015541,15,183
2297,1,45,36239,51345,99383,well_visit,HC,EP,,,,,0,260,0,06-08-2025,06-08-2025,05-09-2025,29-08-2025,"{""icd_10"": {""1"": ""Z00.129"", ""2"": ""Z71.3"", ""3"": ""Z71.82"", ""4"": ""R45.5"", ""5"": ""Z68.53""}, ""procedures"": {""1"": ""1"", ""2"": ""2"", ""3"": ""3"", ""4"": ""5""}, ""actual_procedures"": {""1"": ""Z00.129"", ""2"": ""Z71.3"", ""3"": ""Z71.82"", ""4"": ""Z68.53""}}","1: Z00.129 | 2: Z71.3
3: Z71.82 | 4: Z68.53",CO,96,96,,"N30,N130",N30,N130,96,,N30,N130,DIVISON OF HEALTH CARE FINANCING AND POLICY,mco_medicaid,PRIMARY,520,109.25,0.21,1861707069,6,81
2297,2,46,36239,51345,99393,well_visit,HC,EP,,,,HC^99393,1,260,109.25,06-08-2025,06-08-2025,05-09-2025,29-08-2025,,,CO,45,45,,"N113,N130",N113,N130,45,,N113,N130,DIVISON OF HEALTH CARE FINANCING AND POLICY,mco_medicaid,PRIMARY,520,109.25,0.21,1861707069,6,81
2298,1,47,2311334,17417,99213,sick_visit,HC,,,,,,1,150,75.16,06-08-2025,06-08-2025,05-09-2025,29-08-2025,"{""icd_10"": {""1"": ""R05.9"", ""2"": ""B08.3"", ""3"": ""B34.9"", ""4"": ""L20.89""}, ""procedures"": {""1"": ""1"", ""2"": ""2"", ""3"": ""3"", ""4"": ""4""}, ""actual_procedures"": {""1"": ""R05.9"", ""2"": ""B08.3"", ""3"": ""B34.9"", ""4"": ""L20.89""}}","1: R05.9 | 2: B08.3
3: B34.9 | 4: L20.89",CO,45,45,,N130,N130,,45,,N130,,DIVISON OF HEALTH CARE FINANCING AND POLICY,mco_medicaid,PRIMARY,150,75.16,0.5,1073015541,2,27
2299,1,48,1854,16960,99213,sick_visit,HC,25,,,,,1,150,75.16,06-08-2025,06-08-2025,05-09-2025,29-08-2025,"{""icd_10"": {""1"": ""Z00.129"", ""2"": ""Z71.3"", ""3"": ""Z71.82"", ""4"": ""R62.51"", ""5"": ""K59.00"", ""6"": ""Z23"", ""7"": ""Z13.31"", ""8"": ""Z68.52"", ""9"": ""Z29.3""}, ""procedures"": {""1"": ""4"", ""2"": ""5""}, ""actual_procedures"": {""1"": ""R62.51"", ""2"": ""K59.00""}}",1: R62.51 | 2: K59.00,CO,45,45,,N130,N130,,45,,N130,,DIVISON OF HEALTH CARE FINANCING AND POLICY,mco_medicaid,PRIMARY,625,197.81,0.32,1861707069,12,154
2299,2,49,1854,16960,99394,well_visit,HC,EP,25,,,,0,260,0,06-08-2025,06-08-2025,05-09-2025,29-08-2025,"{""icd_10"": {""1"": ""Z00.129"", ""2"": ""Z71.3"", ""3"": ""Z71.82"", ""4"": ""R62.51"", ""5"": ""K59.00"", ""6"": ""Z23"", ""7"": ""Z13.31"", ""8"": ""Z68.52"", ""9"": ""Z29.3""}, ""procedures"": {""1"": ""1"", ""2"": ""2"", ""3"": ""3"", ""4"": ""8""}, ""actual_procedures"": {""1"": ""Z00.129"", ""2"": ""Z71.3"", ""3"": ""Z71.82"", ""4"": ""Z68.52""}}","1: Z00.129 | 2: Z71.3
3: Z71.82 | 4: Z68.52",CO,119,119,,N130,N130,,119,,N130,,DIVISON OF HEALTH CARE FINANCING AND POLICY,mco_medicaid,PRIMARY,625,197.81,0.32,1861707069,12,154
2299,3,50,1854,16960,90472,vaccine_administration,HC,,,,,,3,75,34.68,06-08-2025,06-08-2025,05-09-2025,29-08-2025,"{""icd_10"": {""1"": ""Z00.129"", ""2"": ""Z71.3"", ""3"": ""Z71.82"", ""4"": ""R62.51"", ""5"": ""K59.00"", ""6"": ""Z23"", ""7"": ""Z13.31"", ""8"": ""Z68.52"", ""9"": ""Z29.3""}, ""procedures"": {""1"": ""6""}, ""actual_procedures"": {""1"": ""Z23""}}",1: Z23,CO,45,45,,N130,N130,,45,,N130,,DIVISON OF HEALTH CARE FINANCING AND POLICY,mco_medicaid,PRIMARY,625,197.81,0.32,1861707069,12,154
2299,4,51,1854,16960,99188,procedure,HC,,,,,,1,40,12.92,06-08-2025,06-08-2025,05-09-2025,29-08-2025,"{""icd_10"": {""1"": ""Z00.129"", ""2"": ""Z71.3"", ""3"": ""Z71.82"", ""4"": ""R62.51"", ""5"": ""K59.00"", ""6"": ""Z23"", ""7"": ""Z13.31"", ""8"": ""Z68.52"", ""9"": ""Z29.3""}, ""procedures"": {""1"": ""9""}, ""actual_procedures"": {""1"": ""Z29.3""}}",1: Z29.3,CO,45,45,,N130,N130,,45,,N130,,DIVISON OF HEALTH CARE FINANCING AND POLICY,mco_medicaid,PRIMARY,625,197.81,0.32,1861707069,12,154
2299,5,52,1854,16960,90460,vaccine_administration,HC,,,,,,3,75,69.99,06-08-2025,06-08-2025,05-09-2025,29-08-2025,"{""icd_10"": {""1"": ""Z00.129"", ""2"": ""Z71.3"", ""3"": ""Z71.82"", ""4"": ""R62.51"", ""5"": ""K59.00"", ""6"": ""Z23"", ""7"": ""Z13.31"", ""8"": ""Z68.52"", ""9"": ""Z29.3""}, ""procedures"": {""1"": ""6""}, ""actual_procedures"": {""1"": ""Z23""}}",1: Z23,CO,45,45,,N130,N130,,45,,N130,,DIVISON OF HEALTH CARE FINANCING AND POLICY,mco_medicaid,PRIMARY,625,197.81,0.32,1861707069,12,154
2299,6,53,1854,16960,96127,procedure,HC,,,,,,1,25,5.06,06-08-2025,06-08-2025,05-09-2025,29-08-2025,"{""icd_10"": {""1"": ""Z00.129"", ""2"": ""Z71.3"", ""3"": ""Z71.82"", ""4"": ""R62.51"", ""5"": ""K59.00"", ""6"": ""Z23"", ""7"": ""Z13.31"", ""8"": ""Z68.52"", ""9"": ""Z29.3""}, ""procedures"": {""1"": ""7""}, ""actual_procedures"": {""1"": ""Z13.31""}}",1: Z13.31,CO,45,45,,N130,N130,,45,,N130,,DIVISON OF HEALTH CARE FINANCING AND POLICY,mco_medicaid,PRIMARY,625,197.81,0.32,1861707069,12,154
2299,7,54,1854,16960,90651,vaccine,HC,,,,,,0,0,0,06-08-2025,06-08-2025,05-09-2025,29-08-2025,"{""icd_10"": {""1"": ""Z00.129"", ""2"": ""Z71.3"", ""3"": ""Z71.82"", ""4"": ""R62.51"", ""5"": ""K59.00"", ""6"": ""Z23"", ""7"": ""Z13.31"", ""8"": ""Z68.52"", ""9"": ""Z29.3""}, ""procedures"": {""1"": ""6""}, ""actual_procedures"": {""1"": ""Z23""}}",1: Z23,,,,,"N362,M119,M41",N362,M119,,,N362,M119,DIVISON OF HEALTH CARE FINANCING AND POLICY,mco_medicaid,PRIMARY,625,197.81,0.32,1861707069,12,154
2299,8,55,1854,16960,90715,vaccine,HC,,,,,,0,0,0,06-08-2025,06-08-2025,05-09-2025,29-08-2025,"{""icd_10"": {""1"": ""Z00.129"", ""2"": ""Z71.3"", ""3"": ""Z71.82"", ""4"": ""R62.51"", ""5"": ""K59.00"", ""6"": ""Z23"", ""7"": ""Z13.31"", ""8"": ""Z68.52"", ""9"": ""Z29.3""}, ""procedures"": {""1"": ""6""}, ""actual_procedures"": {""1"": ""Z23""}}",1: Z23,,,,,"N362,M119,M41",N362,M119,,,N362,M119,DIVISON OF HEALTH CARE FINANCING AND POLICY,mco_medicaid,PRIMARY,625,197.81,0.32,1861707069,12,154
2299,9,56,1854,16960,90734,vaccine,HC,,,,,,0,0,0,06-08-2025,06-08-2025,05-09-2025,29-08-2025,"{""icd_10"": {""1"": ""Z00.129"", ""2"": ""Z71.3"", ""3"": ""Z71.82"", ""4"": ""R62.51"", ""5"": ""K59.00"", ""6"": ""Z23"", ""7"": ""Z13.31"", ""8"": ""Z68.52"", ""9"": ""Z29.3""}, ""procedures"": {""1"": ""6""}, ""actual_procedures"": {""1"": ""Z23""}}",1: Z23,,,,,"M119,M41",M119,M41,,,M119,M41,DIVISON OF HEALTH CARE FINANCING AND POLICY,mco_medicaid,PRIMARY,625,197.81,0.32,1861707069,12,154
2300,1,57,11514,26620,99213,sick_visit,HC,25,,,,,1,150,75.16,06-08-2025,06-08-2025,05-09-2025,29-08-2025,"{""icd_10"": {""1"": ""Z00.129"", ""2"": ""Z71.3"", ""3"": ""Z71.82"", ""4"": ""R15.9"", ""5"": ""R32"", ""6"": ""Z23"", ""7"": ""G71.20"", ""8"": ""G71.00"", ""9"": ""R62.50"", ""10"": ""Z68.52""}, ""procedures"": {""1"": ""4"", ""2"": ""5"", ""3"": ""7"", ""4"": ""8""}, ""actual_procedures"": {""1"": ""R15.9"", ""2"": ""R32"", ""3"": ""G71.20"", ""4"": ""G71.00""}}","1: R15.9 | 2: R32
3: G71.20 | 4: G71.00",CO,45,45,,N130,N130,,45,,N130,,DIVISON OF HEALTH CARE FINANCING AND POLICY,mco_medicaid,PRIMARY,515,156.5,0.3,1861707069,4,50
2300,2,58,11514,26620,99382,well_visit,HC,EP,25,,,,0,240,0,06-08-2025,06-08-2025,05-09-2025,29-08-2025,"{""icd_10"": {""1"": ""Z00.129"", ""2"": ""Z71.3"", ""3"": ""Z71.82"", ""4"": ""R15.9"", ""5"": ""R32"", ""6"": ""Z23"", ""7"": ""G71.20"", ""8"": ""G71.00"", ""9"": ""R62.50"", ""10"": ""Z68.52""}, ""procedures"": {""1"": ""1"", ""2"": ""2"", ""3"": ""3"", ""4"": ""10""}, ""actual_procedures"": {""1"": ""Z00.129"", ""2"": ""Z71.3"", ""3"": ""Z71.82"", ""4"": ""Z68.52""}}","1: Z00.129 | 2: Z71.3
3: Z71.82 | 4: Z68.52",CO,119,119,,N130,N130,,119,,N130,,DIVISON OF HEALTH CARE FINANCING AND POLICY,mco_medicaid,PRIMARY,515,156.5,0.3,1861707069,4,50
2300,3,59,11514,26620,90707,vaccine,HC,,,,,,0,0,0,06-08-2025,06-08-2025,05-09-2025,29-08-2025,"{""icd_10"": {""1"": ""Z00.129"", ""2"": ""Z71.3"", ""3"": ""Z71.82"", ""4"": ""R15.9"", ""5"": ""R32"", ""6"": ""Z23"", ""7"": ""G71.20"", ""8"": ""G71.00"", ""9"": ""R62.50"", ""10"": ""Z68.52""}, ""procedures"": {""1"": ""6""}, ""actual_procedures"": {""1"": ""Z23""}}",1: Z23,,,,,"M119,M41",M119,M41,,,M119,M41,DIVISON OF HEALTH CARE FINANCING AND POLICY,mco_medicaid,PRIMARY,515,156.5,0.3,1861707069,4,50
2300,4,60,11514,26620,90716,vaccine,HC,,,,,,0,0,0,06-08-2025,06-08-2025,05-09-2025,29-08-2025,"{""icd_10"": {""1"": ""Z00.129"", ""2"": ""Z71.3"", ""3"": ""Z71.82"", ""4"": ""R15.9"", ""5"": ""R32"", ""6"": ""Z23"", ""7"": ""G71.20"", ""8"": ""G71.00"", ""9"": ""R62.50"", ""10"": ""Z68.52""}, ""procedures"": {""1"": ""6""}, ""actual_procedures"": {""1"": ""Z23""}}",1: Z23,,,,,"M119,M41",M119,M41,,,M119,M41,DIVISON OF HEALTH CARE FINANCING AND POLICY,mco_medicaid,PRIMARY,515,156.5,0.3,1861707069,4,50
2300,5,61,11514,26620,90460,vaccine_administration,HC,,,,,,2,50,46.66,06-08-2025,06-08-2025,05-09-2025,29-08-2025,"{""icd_10"": {""1"": ""Z00.129"", ""2"": ""Z71.3"", ""3"": ""Z71.82"", ""4"": ""R15.9"", ""5"": ""R32"", ""6"": ""Z23"", ""7"": ""G71.20"", ""8"": ""G71.00"", ""9"": ""R62.50"", ""10"": ""Z68.52""}, ""procedures"": {""1"": ""6""}, ""actual_procedures"": {""1"": ""Z23""}}",1: Z23,CO,45,45,,N130,N130,,45,,N130,,DIVISON OF HEALTH CARE FINANCING AND POLICY,mco_medicaid,PRIMARY,515,156.5,0.3,1861707069,4,50
2300,6,62,11514,26620,90472,vaccine_administration,HC,,,,,,3,75,34.68,06-08-2025,06-08-2025,05-09-2025,29-08-2025,"{""icd_10"": {""1"": ""Z00.129"", ""2"": ""Z71.3"", ""3"": ""Z71.82"", ""4"": ""R15.9"", ""5"": ""R32"", ""6"": ""Z23"", ""7"": ""G71.20"", ""8"": ""G71.00"", ""9"": ""R62.50"", ""10"": ""Z68.52""}, ""procedures"": {""1"": ""6""}, ""actual_procedures"": {""1"": ""Z23""}}",1: Z23,CO,45,45,,N130,N130,,45,,N130,,DIVISON OF HEALTH CARE FINANCING AND POLICY,mco_medicaid,PRIMARY,515,156.5,0.3,1861707069,4,50
2361,1,1,30034,45140,99213,sick_visit,HC,25,,,,,1,150,75.16,07-08-2025,07-08-2025,03-09-2025,03-09-2025,"{""icd_10"": {""1"": ""Z00.129"", ""2"": ""Z68.52"", ""3"": ""Z71.3"", ""4"": ""Z71.82"", ""5"": ""R94.5"", ""6"": ""J45.998"", ""7"": ""Z91.010"", ""8"": ""Z23""}, ""procedures"": {""1"": ""5"", ""2"": ""6"", ""3"": ""7""}, ""actual_procedures"": {""1"": ""R94.5"", ""2"": ""J45.998"", ""3"": ""Z91.010""}}","1: R94.5 | 2: J45.998
3: Z91.010",CO,45,45,,,,,45,,,,SILVERSUMMIT HEALTHPLAN,mco_medicaid,PRIMARY,435.01,217.91,0.5,1073015541,16,198
2361,2,2,30034,45140,99394,well_visit,HC,EP,25,,,,1,260,119.42,07-08-2025,07-08-2025,03-09-2025,03-09-2025,"{""icd_10"": {""1"": ""Z00.129"", ""2"": ""Z68.52"", ""3"": ""Z71.3"", ""4"": ""Z71.82"", ""5"": ""R94.5"", ""6"": ""J45.998"", ""7"": ""Z91.010"", ""8"": ""Z23""}, ""procedures"": {""1"": ""1"", ""2"": ""2"", ""3"": ""3"", ""4"": ""4""}, ""actual_procedures"": {""1"": ""Z00.129"", ""2"": ""Z68.52"", ""3"": ""Z71.3"", ""4"": ""Z71.82""}}","1: Z00.129 | 2: Z68.52
3: Z71.3 | 4: Z71.82",CO,45,45,,,,,45,,,,SILVERSUMMIT HEALTHPLAN,mco_medicaid,PRIMARY,435.01,217.91,0.5,1073015541,16,198
2361,3,3,30034,45140,90621,vaccine,HC,,,,,,1,0.01,0,07-08-2025,07-08-2025,03-09-2025,03-09-2025,"{""icd_10"": {""1"": ""Z00.129"", ""2"": ""Z68.52"", ""3"": ""Z71.3"", ""4"": ""Z71.82"", ""5"": ""R94.5"", ""6"": ""J45.998"", ""7"": ""Z91.010"", ""8"": ""Z23""}, ""procedures"": {""1"": ""8""}, ""actual_procedures"": {""1"": ""Z23""}}",1: Z23,CO,97,97,,,,,97,,,,SILVERSUMMIT HEALTHPLAN,mco_medicaid,PRIMARY,435.01,217.91,0.5,1073015541,16,198
2361,4,4,30034,45140,90460,vaccine_administration,HC,,,,,,1,25,23.33,07-08-2025,07-08-2025,03-09-2025,03-09-2025,"{""icd_10"": {""1"": ""Z00.129"", ""2"": ""Z68.52"", ""3"": ""Z71.3"", ""4"": ""Z71.82"", ""5"": ""R94.5"", ""6"": ""J45.998"", ""7"": ""Z91.010"", ""8"": ""Z23""}, ""procedures"": {""1"": ""8""}, ""actual_procedures"": {""1"": ""Z23""}}",1: Z23,CO,45,45,,,,,45,,,,SILVERSUMMIT HEALTHPLAN,mco_medicaid,PRIMARY,435.01,217.91,0.5,1073015541,16,198
2362,1,2,12357,1912,99213,sick_visit,HC,25,,,,,1,150,75.16,07-08-2025,07-08-2025,03-09-2025,03-09-2025,"{""icd_10"": {""1"": ""Z00.129"", ""2"": ""Z68.52"", ""3"": ""Z71.3"", ""4"": ""Z71.82"", ""5"": ""M25.562"", ""6"": ""Z13.31"", ""7"": ""Z02.5"", ""8"": ""Z01.020""}, ""procedures"": {""1"": ""5""}, ""actual_procedures"": {""1"": ""M25.562""}}",1: M25.562,CO,45,45,,,,,45,,,,SILVERSUMMIT HEALTHPLAN,mco_medicaid,PRIMARY,480,220.21,0.46,1073015541,14,170
2362,2,6,12357,1912,99384,well_visit,HC,EP,25,,,,1,285,139.99,07-08-2025,07-08-2025,03-09-2025,03-09-2025,"{""icd_10"": {""1"": ""Z00.129"", ""2"": ""Z68.52"", ""3"": ""Z71.3"", ""4"": ""Z71.82"", ""5"": ""M25.562"", ""6"": ""Z13.31"", ""7"": ""Z02.5"", ""8"": ""Z01.020""}, ""procedures"": {""1"": ""1"", ""2"": ""2"", ""3"": ""3"", ""4"": ""4""}, ""actual_procedures"": {""1"": ""Z00.129"", ""2"": ""Z68.52"", ""3"": ""Z71.3"", ""4"": ""Z71.82""}}","1: Z00.129 | 2: Z68.52
3: Z71.3 | 4: Z71.82",CO,45,45,,,,,45,,,,SILVERSUMMIT HEALTHPLAN,mco_medicaid,PRIMARY,480,220.21,0.46,1073015541,14,170
2362,3,7,12357,1912,96127,procedure,HC,59,,,,,1,25,5.06,07-08-2025,07-08-2025,03-09-2025,03-09-2025,"{""icd_10"": {""1"": ""Z00.129"", ""2"": ""Z68.52"", ""3"": ""Z71.3"", ""4"": ""Z71.82"", ""5"": ""M25.562"", ""6"": ""Z13.31"", ""7"": ""Z02.5"", ""8"": ""Z01.020""}, ""procedures"": {""1"": ""6""}, ""actual_procedures"": {""1"": ""Z13.31""}}",1: Z13.31,CO,45,45,,,,,45,,,,SILVERSUMMIT HEALTHPLAN,mco_medicaid,PRIMARY,480,220.21,0.46,1073015541,14,170
2362,4,8,12357,1912,99173,diagnostic,HC,59,,,,,1,20,0,07-08-2025,07-08-2025,03-09-2025,03-09-2025,"{""icd_10"": {""1"": ""Z00.129"", ""2"": ""Z68.52"", ""3"": ""Z71.3"", ""4"": ""Z71.82"", ""5"": ""M25.562"", ""6"": ""Z13.31"", ""7"": ""Z02.5"", ""8"": ""Z01.020""}, ""procedures"": {""1"": ""7"", ""2"": ""8""}, ""actual_procedures"": {""1"": ""Z02.5"", ""2"": ""Z01.020""}}",1: Z02.5 | 2: Z01.020,CO,96,96,,N448,N448,,96,,N448,,SILVERSUMMIT HEALTHPLAN,mco_medicaid,PRIMARY,480,220.21,0.46,1073015541,14,170
2363,1,3,36163,51269,99382,well_visit,HC,EP,,,,,1,240,118.84,17-07-2025,17-07-2025,03-09-2025,03-09-2025,"{""icd_10"": {""1"": ""Z00.129"", ""2"": ""Z71.3"", ""3"": ""Z71.82"", ""4"": ""Z68.52""}, ""procedures"": {""1"": ""1"", ""2"": ""2"", ""3"": ""3"", ""4"": ""4""}, ""actual_procedures"": {""1"": ""Z00.129"", ""2"": ""Z71.3"", ""3"": ""Z71.82"", ""4"": ""Z68.52""}}","1: Z00.129 | 2: Z71.3
3: Z71.82 | 4: Z68.52",CO,45,45,,,,,45,,,,SILVERSUMMIT HEALTHPLAN,mco_medicaid,PRIMARY,240,118.84,0.5,1073015541,3,40
2364,1,4,3618256,51288,99383,well_visit,HC,EP,,,,,1,260,123.94,28-07-2025,28-07-2025,03-09-2025,03-09-2025,"{""icd_10"": {""1"": ""Z00.129"", ""2"": ""Z71.3"", ""3"": ""Z71.82"", ""4"": ""Z68.51""}, ""procedures"": {""1"": ""1"", ""2"": ""2"", ""3"": ""3"", ""4"": ""4""}, ""actual_procedures"": {""1"": ""Z00.129"", ""2"": ""Z71.3"", ""3"": ""Z71.82"", ""4"": ""Z68.51""}}","1: Z00.129 | 2: Z71.3
3: Z71.82 | 4: Z68.51",CO,45,45,,,,,45,,,,SILVERSUMMIT HEALTHPLAN,mco_medicaid,PRIMARY,260,123.94,0.48,1073015541,6,83
2365,1,5,36290,51396,99394,well_visit,HC,EP,25,,,,1,260,119.42,12-08-2025,12-08-2025,03-09-2025,03-09-2025,"{""icd_10"": {""1"": ""Z00.129"", ""2"": ""Z71.3"", ""3"": ""Z71.82"", ""4"": ""J45.40"", ""5"": ""Z23"", ""6"": ""Z13.31"", ""7"": ""Z68.52"", ""8"": ""Z29.3""}, ""procedures"": {""1"": ""1"", ""2"": ""2"", ""3"": ""3"", ""4"": ""7""}, ""actual_procedures"": {""1"": ""Z00.129"", ""2"": ""Z71.3"", ""3"": ""Z71.82"", ""4"": ""Z68.52""}}","1: Z00.129 | 2: Z71.3
3: Z71.82 | 4: Z68.52",CO,45,45,,,,,45,,,,SILVERSUMMIT HEALTHPLAN,mco_medicaid,PRIMARY,810,184.06,0.23,1861707069,16,198
2365,2,12,36290,51396,99188,procedure,HC,,,,,,1,40,12.92,12-08-2025,12-08-2025,03-09-2025,03-09-2025,"{""icd_10"": {""1"": ""Z00.129"", ""2"": ""Z71.3"", ""3"": ""Z71.82"", ""4"": ""J45.40"", ""5"": ""Z23"", ""6"": ""Z13.31"", ""7"": ""Z68.52"", ""8"": ""Z29.3""}, ""procedures"": {""1"": ""8""}, ""actual_procedures"": {""1"": ""Z29.3""}}",1: Z29.3,CO,45,45,,,,,45,,,,SILVERSUMMIT HEALTHPLAN,mco_medicaid,PRIMARY,810,184.06,0.23,1861707069,16,198
2365,3,13,36290,51396,96127,procedure,HC,,,,,,1,25,5.06,12-08-2025,12-08-2025,03-09-2025,03-09-2025,"{""icd_10"": {""1"": ""Z00.129"", ""2"": ""Z71.3"", ""3"": ""Z71.82"", ""4"": ""J45.40"", ""5"": ""Z23"", ""6"": ""Z13.31"", ""7"": ""Z68.52"", ""8"": ""Z29.3""}, ""procedures"": {""1"": ""6""}, ""actual_procedures"": {""1"": ""Z13.31""}}",1: Z13.31,CO,45,45,,,,,45,,,,SILVERSUMMIT HEALTHPLAN,mco_medicaid,PRIMARY,810,184.06,0.23,1861707069,16,198
2365,4,14,36290,51396,90460,vaccine_administration,HC,,,,,,2,50,46.66,12-08-2025,12-08-2025,03-09-2025,03-09-2025,"{""icd_10"": {""1"": ""Z00.129"", ""2"": ""Z71.3"", ""3"": ""Z71.82"", ""4"": ""J45.40"", ""5"": ""Z23"", ""6"": ""Z13.31"", ""7"": ""Z68.52"", ""8"": ""Z29.3""}, ""procedures"": {""1"": ""5""}, ""actual_procedures"": {""1"": ""Z23""}}",1: Z23,CO,45,45,,,,,45,,,,SILVERSUMMIT HEALTHPLAN,mco_medicaid,PRIMARY,810,184.06,0.23,1861707069,16,198
2365,5,15,36290,51396,90619,vaccine,HC,,,,,,1,160,0,12-08-2025,12-08-2025,03-09-2025,03-09-2025,"{""icd_10"": {""1"": ""Z00.129"", ""2"": ""Z71.3"", ""3"": ""Z71.82"", ""4"": ""J45.40"", ""5"": ""Z23"", ""6"": ""Z13.31"", ""7"": ""Z68.52"", ""8"": ""Z29.3""}, ""procedures"": {""1"": ""5""}, ""actual_procedures"": {""1"": ""Z23""}}",1: Z23,CO,97,97,,,,,97,,,,SILVERSUMMIT HEALTHPLAN,mco_medicaid,PRIMARY,810,184.06,0.23,1861707069,16,198
2365,6,16,36290,51396,90621,vaccine,HC,,,,,,1,275,0,12-08-2025,12-08-2025,03-09-2025,03-09-2025,"{""icd_10"": {""1"": ""Z00.129"", ""2"": ""Z71.3"", ""3"": ""Z71.82"", ""4"": ""J45.40"", ""5"": ""Z23"", ""6"": ""Z13.31"", ""7"": ""Z68.52"", ""8"": ""Z29.3""}, ""procedures"": {""1"": ""5""}, ""actual_procedures"": {""1"": ""Z23""}}",1: Z23,CO,97,97,,,,,97,,,,SILVERSUMMIT HEALTHPLAN,mco_medicaid,PRIMARY,810,184.06,0.23,1861707069,16,198
2366,1,6,22930319,17399,99214,sick_visit,HC,25,,,,,1,215,110.75,06-08-2025,06-08-2025,03-09-2025,03-09-2025,"{""icd_10"": {""1"": ""R11.0"", ""2"": ""J03.00"", ""3"": ""R50.9"", ""4"": ""K00.7""}, ""procedures"": {""1"": ""1"", ""2"": ""2"", ""3"": ""3"", ""4"": ""4""}, ""actual_procedures"": {""1"": ""R11.0"", ""2"": ""J03.00"", ""3"": ""R50.9"", ""4"": ""K00.7""}}","1: R11.0 | 2: J03.00
3: R50.9 | 4: K00.7",CO,45,45,,,,,45,,,,SILVERSUMMIT HEALTHPLAN,mco_medicaid,PRIMARY,484.44,182.59,0.38,1073015541,1,19
2366,2,18,22930319,17399,87804,poc,HC,QW,59,,,,2,50,17.18,06-08-2025,06-08-2025,03-09-2025,03-09-2025,"{""icd_10"": {""1"": ""R11.0"", ""2"": ""J03.00"", ""3"": ""R50.9"", ""4"": ""K00.7""}, ""procedures"": {""1"": ""1"", ""2"": ""2"", ""3"": ""3""}, ""actual_procedures"": {""1"": ""R11.0"", ""2"": ""J03.00"", ""3"": ""R50.9""}}","1: R11.0 | 2: J03.00
3: R50.9",CO,45,45,,,,,45,,,,SILVERSUMMIT HEALTHPLAN,mco_medicaid,PRIMARY,484.44,182.59,0.38,1073015541,1,19
2366,3,19,22930319,17399,87811,poc,HC,QW,,,,,1,90,21.72,06-08-2025,06-08-2025,03-09-2025,03-09-2025,"{""icd_10"": {""1"": ""R11.0"", ""2"": ""J03.00"", ""3"": ""R50.9"", ""4"": ""K00.7""}, ""procedures"": {""1"": ""1"", ""2"": ""2"", ""3"": ""3""}, ""actual_procedures"": {""1"": ""R11.0"", ""2"": ""J03.00"", ""3"": ""R50.9""}}","1: R11.0 | 2: J03.00
3: R50.9",CO,45,45,,,,,45,,,,SILVERSUMMIT HEALTHPLAN,mco_medicaid,PRIMARY,484.44,182.59,0.38,1073015541,1,19
2366,4,20,22930319,17399,87880,poc,HC,QW,,,,,1,25,8.59,06-08-2025,06-08-2025,03-09-2025,03-09-2025,"{""icd_10"": {""1"": ""R11.0"", ""2"": ""J03.00"", ""3"": ""R50.9"", ""4"": ""K00.7""}, ""procedures"": {""1"": ""1"", ""2"": ""2"", ""3"": ""3""}, ""actual_procedures"": {""1"": ""R11.0"", ""2"": ""J03.00"", ""3"": ""R50.9""}}","1: R11.0 | 2: J03.00
3: R50.9",CO,45,45,,,,,45,,,,SILVERSUMMIT HEALTHPLAN,mco_medicaid,PRIMARY,484.44,182.59,0.38,1073015541,1,19
2366,5,21,22930319,17399,96372,medication,HC,59,,,,,1,44.44,23.33,06-08-2025,06-08-2025,03-09-2025,03-09-2025,"{""icd_10"": {""1"": ""R11.0"", ""2"": ""J03.00"", ""3"": ""R50.9"", ""4"": ""K00.7""}, ""procedures"": {""1"": ""1"", ""2"": ""2"", ""3"": ""3""}, ""actual_procedures"": {""1"": ""R11.0"", ""2"": ""J03.00"", ""3"": ""R50.9""}}","1: R11.0 | 2: J03.00
3: R50.9",CO,45,45,,,,,45,,,,SILVERSUMMIT HEALTHPLAN,mco_medicaid,PRIMARY,484.44,182.59,0.38,1073015541,1,19
2366,6,22,22930319,17399,J0696,medication,HC,,,,,,2,40,1,06-08-2025,06-08-2025,03-09-2025,03-09-2025,"{""icd_10"": {""1"": ""R11.0"", ""2"": ""J03.00"", ""3"": ""R50.9"", ""4"": ""K00.7""}, ""procedures"": {""1"": ""1"", ""2"": ""2"", ""3"": ""3""}, ""actual_procedures"": {""1"": ""R11.0"", ""2"": ""J03.00"", ""3"": ""R50.9""}}","1: R11.0 | 2: J03.00
3: R50.9",CO,45,45,,,,,45,,,,SILVERSUMMIT HEALTHPLAN,mco_medicaid,PRIMARY,484.44,182.59,0.38,1073015541,1,19
2366,7,23,22930319,17399,J2003,,HC,,,,,,2,20,0.02,06-08-2025,06-08-2025,03-09-2025,03-09-2025,"{""icd_10"": {""1"": ""R11.0"", ""2"": ""J03.00"", ""3"": ""R50.9"", ""4"": ""K00.7""}, ""procedures"": {""1"": ""1"", ""2"": ""2"", ""3"": ""3""}, ""actual_procedures"": {""1"": ""R11.0"", ""2"": ""J03.00"", ""3"": ""R50.9""}}","1: R11.0 | 2: J03.00
3: R50.9",CO,45,45,,,,,45,,,,SILVERSUMMIT HEALTHPLAN,mco_medicaid,PRIMARY,484.44,182.59,0.38,1073015541,1,19
2367,1,7,355501,50656,99392,well_visit,HC,EP,25,,,,1,220,109.63,28-07-2025,28-07-2025,03-09-2025,03-09-2025,"{""icd_10"": {""1"": ""Z00.129"", ""2"": ""Z71.3"", ""3"": ""Z23"", ""4"": ""Z13.41""}, ""procedures"": {""1"": ""1"", ""2"": ""2""}, ""actual_procedures"": {""1"": ""Z00.129"", ""2"": ""Z71.3""}}",1: Z00.129 | 2: Z71.3,CO,45,45,,,,,45,,,,SILVERSUMMIT HEALTHPLAN,mco_medicaid,PRIMARY,259.81,140.73,0.54,1073015541,1,19
2367,2,25,355501,50656,90460,vaccine_administration,HC,,,,,,1,25,23.33,28-07-2025,28-07-2025,03-09-2025,03-09-2025,"{""icd_10"": {""1"": ""Z00.129"", ""2"": ""Z71.3"", ""3"": ""Z23"", ""4"": ""Z13.41""}, ""procedures"": {""1"": ""3""}, ""actual_procedures"": {""1"": ""Z23""}}",1: Z23,CO,45,45,,,,,45,,,,SILVERSUMMIT HEALTHPLAN,mco_medicaid,PRIMARY,259.81,140.73,0.54,1073015541,1,19
2367,3,26,355501,50656,96110,procedure,HC,59,,,,,1,14.8,7.77,28-07-2025,28-07-2025,03-09-2025,03-09-2025,"{""icd_10"": {""1"": ""Z00.129"", ""2"": ""Z71.3"", ""3"": ""Z23"", ""4"": ""Z13.41""}, ""procedures"": {""1"": ""4""}, ""actual_procedures"": {""1"": ""Z13.41""}}",1: Z13.41,CO,45,45,,,,,45,,,,SILVERSUMMIT HEALTHPLAN,mco_medicaid,PRIMARY,259.81,140.73,0.54,1073015541,1,19
2367,4,27,355501,50656,90633,vaccine,HC,,,,,,1,0.01,0,28-07-2025,28-07-2025,03-09-2025,03-09-2025,"{""icd_10"": {""1"": ""Z00.129"", ""2"": ""Z71.3"", ""3"": ""Z23"", ""4"": ""Z13.41""}, ""procedures"": {""1"": ""3""}, ""actual_procedures"": {""1"": ""Z23""}}",1: Z23,CO,97,97,,,,,97,,,,SILVERSUMMIT HEALTHPLAN,mco_medicaid,PRIMARY,259.81,140.73,0.54,1073015541,1,19
2368,1,8,29759,44865,99214,sick_visit,HC,25,,,,,1,215,0,18-08-2025,18-08-2025,03-09-2025,03-09-2025,"{""icd_10"": {""1"": ""R06.2"", ""2"": ""R09.89"", ""3"": ""R05.9""}, ""procedures"": {""1"": ""1"", ""2"": ""2"", ""3"": ""3""}, ""actual_procedures"": {""1"": ""R06.2"", ""2"": ""R09.89"", ""3"": ""R05.9""}}","1: R06.2 | 2: R09.89
3: R05.9",CO,16,16,,M64,M64,,16,,M64,,SILVERSUMMIT HEALTHPLAN,mco_medicaid,PRIMARY,306.8,0,0,1861707069,1,23
2368,2,29,29759,44865,94761,,HC,76,,,,,1,9.02,0,18-08-2025,18-08-2025,03-09-2025,03-09-2025,"{""icd_10"": {""1"": ""R06.2"", ""2"": ""R09.89"", ""3"": ""R05.9""}, ""procedures"": {""1"": ""1"", ""2"": ""2"", ""3"": ""3""}, ""actual_procedures"": {""1"": ""R06.2"", ""2"": ""R09.89"", ""3"": ""R05.9""}}","1: R06.2 | 2: R09.89
3: R05.9",CO,234,234,,M15,M15,,234,,M15,,SILVERSUMMIT HEALTHPLAN,mco_medicaid,PRIMARY,306.8,0,0,1861707069,1,23
2368,3,30,29759,44865,94640,respiratory,HC,59,,,,,1,50,0,18-08-2025,18-08-2025,03-09-2025,03-09-2025,"{""icd_10"": {""1"": ""R06.2"", ""2"": ""R09.89"", ""3"": ""R05.9""}, ""procedures"": {""1"": ""1"", ""2"": ""2"", ""3"": ""3""}, ""actual_procedures"": {""1"": ""R06.2"", ""2"": ""R09.89"", ""3"": ""R05.9""}}","1: R06.2 | 2: R09.89
3: R05.9",CO,16,16,,M64,M64,,16,,M64,,SILVERSUMMIT HEALTHPLAN,mco_medicaid,PRIMARY,306.8,0,0,1861707069,1,23
2368,4,31,29759,44865,J7613,respiratory,HC,,,,,,1,25,0,18-08-2025,18-08-2025,03-09-2025,03-09-2025,"{""icd_10"": {""1"": ""R06.2"", ""2"": ""R09.89"", ""3"": ""R05.9""}, ""procedures"": {""1"": ""1"", ""2"": ""2"", ""3"": ""3""}, ""actual_procedures"": {""1"": ""R06.2"", ""2"": ""R09.89"", ""3"": ""R05.9""}}","1: R06.2 | 2: R09.89
3: R05.9",CO,16,16,,M64,M64,,16,,M64,,SILVERSUMMIT HEALTHPLAN,mco_medicaid,PRIMARY,306.8,0,0,1861707069,1,23
2368,5,32,29759,44865,A7015,respiratory,HC,NU,,,,,1,3.24,0,18-08-2025,18-08-2025,03-09-2025,03-09-2025,"{""icd_10"": {""1"": ""R06.2"", ""2"": ""R09.89"", ""3"": ""R05.9""}, ""procedures"": {""1"": ""1"", ""2"": ""2"", ""3"": ""3""}, ""actual_procedures"": {""1"": ""R06.2"", ""2"": ""R09.89"", ""3"": ""R05.9""}}","1: R06.2 | 2: R09.89
3: R05.9",CO,16,16,,M64,M64,,16,,M64,,SILVERSUMMIT HEALTHPLAN,mco_medicaid,PRIMARY,306.8,0,0,1861707069,1,23
2368,6,33,29759,44865,A7003,respiratory,HC,NU,,,,,1,4.54,0,18-08-2025,18-08-2025,03-09-2025,03-09-2025,"{""icd_10"": {""1"": ""R06.2"", ""2"": ""R09.89"", ""3"": ""R05.9""}, ""procedures"": {""1"": ""1"", ""2"": ""2"", ""3"": ""3""}, ""actual_procedures"": {""1"": ""R06.2"", ""2"": ""R09.89"", ""3"": ""R05.9""}}","1: R06.2 | 2: R09.89
3: R05.9",CO,16,16,,M64,M64,,16,,M64,,SILVERSUMMIT HEALTHPLAN,mco_medicaid,PRIMARY,306.8,0,0,1861707069,1,23
2369,1,9,30067,45173,99213,sick_visit,HC,25,,,,,1,150,75.16,06-08-2025,06-08-2025,03-09-2025,03-09-2025,"{""icd_10"": {""1"": ""Z00.129"", ""2"": ""Z68.54"", ""3"": ""Z71.3"", ""4"": ""Z71.82"", ""5"": ""L83"", ""6"": ""R73.03"", ""7"": ""E78.2"", ""8"": ""Z29.3"", ""9"": ""Z23"", ""10"": ""Z13.31"", ""11"": ""Z02.5""}, ""procedures"": {""1"": ""5"", ""2"": ""6"", ""3"": ""7""}, ""actual_procedures"": {""1"": ""L83"", ""2"": ""R73.03"", ""3"": ""E78.2""}}","1: L83 | 2: R73.03
3: E78.2",CO,45,45,,,,,45,,,,SILVERSUMMIT HEALTHPLAN,mco_medicaid,PRIMARY,570.01,274.39,0.48,1073015541,13,158
2369,2,35,30067,45173,99384,well_visit,HC,EP,25,,,,1,285,139.99,06-08-2025,06-08-2025,03-09-2025,03-09-2025,"{""icd_10"": {""1"": ""Z00.129"", ""2"": ""Z68.54"", ""3"": ""Z71.3"", ""4"": ""Z71.82"", ""5"": ""L83"", ""6"": ""R73.03"", ""7"": ""E78.2"", ""8"": ""Z29.3"", ""9"": ""Z23"", ""10"": ""Z13.31"", ""11"": ""Z02.5""}, ""procedures"": {""1"": ""1"", ""2"": ""2"", ""3"": ""3"", ""4"": ""4""}, ""actual_procedures"": {""1"": ""Z00.129"", ""2"": ""Z68.54"", ""3"": ""Z71.3"", ""4"": ""Z71.82""}}","1: Z00.129 | 2: Z68.54
3: Z71.3 | 4: Z71.82",CO,45,45,,,,,45,,,,SILVERSUMMIT HEALTHPLAN,mco_medicaid,PRIMARY,570.01,274.39,0.48,1073015541,13,158
2369,3,36,30067,45173,96127,procedure,HC,59,,,,,1,25,5.06,06-08-2025,06-08-2025,03-09-2025,03-09-2025,"{""icd_10"": {""1"": ""Z00.129"", ""2"": ""Z68.54"", ""3"": ""Z71.3"", ""4"": ""Z71.82"", ""5"": ""L83"", ""6"": ""R73.03"", ""7"": ""E78.2"", ""8"": ""Z29.3"", ""9"": ""Z23"", ""10"": ""Z13.31"", ""11"": ""Z02.5""}, ""procedures"": {""1"": ""10""}, ""actual_procedures"": {""1"": ""Z13.31""}}",1: Z13.31,CO,45,45,,,,,45,,,,SILVERSUMMIT HEALTHPLAN,mco_medicaid,PRIMARY,570.01,274.39,0.48,1073015541,13,158
2369,4,37,30067,45173,99188,procedure,HC,,,,,,1,40,12.92,06-08-2025,06-08-2025,03-09-2025,03-09-2025,"{""icd_10"": {""1"": ""Z00.129"", ""2"": ""Z68.54"", ""3"": ""Z71.3"", ""4"": ""Z71.82"", ""5"": ""L83"", ""6"": ""R73.03"", ""7"": ""E78.2"", ""8"": ""Z29.3"", ""9"": ""Z23"", ""10"": ""Z13.31"", ""11"": ""Z02.5""}, ""procedures"": {""1"": ""8""}, ""actual_procedures"": {""1"": ""Z29.3""}}",1: Z29.3,CO,45,45,,,,,45,,,,SILVERSUMMIT HEALTHPLAN,mco_medicaid,PRIMARY,570.01,274.39,0.48,1073015541,13,158
2369,5,38,30067,45173,93000,poc,HC,59,,,,,1,45,17.93,06-08-2025,06-08-2025,03-09-2025,03-09-2025,"{""icd_10"": {""1"": ""Z00.129"", ""2"": ""Z68.54"", ""3"": ""Z71.3"", ""4"": ""Z71.82"", ""5"": ""L83"", ""6"": ""R73.03"", ""7"": ""E78.2"", ""8"": ""Z29.3"", ""9"": ""Z23"", ""10"": ""Z13.31"", ""11"": ""Z02.5""}, ""procedures"": {""1"": ""11""}, ""actual_procedures"": {""1"": ""Z02.5""}}",1: Z02.5,CO,45,45,,,,,45,,,,SILVERSUMMIT HEALTHPLAN,mco_medicaid,PRIMARY,570.01,274.39,0.48,1073015541,13,158
2369,6,39,30067,45173,90460,vaccine_administration,HC,,,,,,1,25,23.33,06-08-2025,06-08-2025,03-09-2025,03-09-2025,"{""icd_10"": {""1"": ""Z00.129"", ""2"": ""Z68.54"", ""3"": ""Z71.3"", ""4"": ""Z71.82"", ""5"": ""L83"", ""6"": ""R73.03"", ""7"": ""E78.2"", ""8"": ""Z29.3"", ""9"": ""Z23"", ""10"": ""Z13.31"", ""11"": ""Z02.5""}, ""procedures"": {""1"": ""9""}, ""actual_procedures"": {""1"": ""Z23""}}",1: Z23,CO,45,45,,,,,45,,,,SILVERSUMMIT HEALTHPLAN,mco_medicaid,PRIMARY,570.01,274.39,0.48,1073015541,13,158
2369,7,40,30067,45173,90651,vaccine,HC,,,,,,1,0.01,0,06-08-2025,06-08-2025,03-09-2025,03-09-2025,"{""icd_10"": {""1"": ""Z00.129"", ""2"": ""Z68.54"", ""3"": ""Z71.3"", ""4"": ""Z71.82"", ""5"": ""L83"", ""6"": ""R73.03"", ""7"": ""E78.2"", ""8"": ""Z29.3"", ""9"": ""Z23"", ""10"": ""Z13.31"", ""11"": ""Z02.5""}, ""procedures"": {""1"": ""9""}, ""actual_procedures"": {""1"": ""Z23""}}",1: Z23,CO,97,97,,,,,97,,,,SILVERSUMMIT HEALTHPLAN,mco_medicaid,PRIMARY,570.01,274.39,0.48,1073015541,13,158
2370,1,10,35966,51072,99213,sick_visit,HC,25,,,,,1,150,75.16,17-06-2025,17-06-2025,03-09-2025,03-09-2025,"{""icd_10"": {""1"": ""Z00.129"", ""2"": ""Z29.3"", ""3"": ""L20.89"", ""4"": ""R21"", ""5"": ""Z13.41""}, ""procedures"": {""1"": ""3"", ""2"": ""4""}, ""actual_procedures"": {""1"": ""L20.89"", ""2"": ""R21""}}",1: L20.89 | 2: R21,CO,45,45,,,,,45,,,,SILVERSUMMIT HEALTHPLAN,mco_medicaid,PRIMARY,444.8,214.69,0.48,1699037499,2,24
2370,2,42,35966,51072,99382,well_visit,HC,EP,25,,,,1,240,118.84,17-06-2025,17-06-2025,03-09-2025,03-09-2025,"{""icd_10"": {""1"": ""Z00.129"", ""2"": ""Z29.3"", ""3"": ""L20.89"", ""4"": ""R21"", ""5"": ""Z13.41""}, ""procedures"": {""1"": ""1""}, ""actual_procedures"": {""1"": ""Z00.129""}}",1: Z00.129,CO,45,45,,,,,45,,,,SILVERSUMMIT HEALTHPLAN,mco_medicaid,PRIMARY,444.8,214.69,0.48,1699037499,2,24
2370,3,43,35966,51072,99188,procedure,HC,,,,,,1,40,12.92,17-06-2025,17-06-2025,03-09-2025,03-09-2025,"{""icd_10"": {""1"": ""Z00.129"", ""2"": ""Z29.3"", ""3"": ""L20.89"", ""4"": ""R21"", ""5"": ""Z13.41""}, ""procedures"": {""1"": ""2""}, ""actual_procedures"": {""1"": ""Z29.3""}}",1: Z29.3,CO,45,45,,,,,45,,,,SILVERSUMMIT HEALTHPLAN,mco_medicaid,PRIMARY,444.8,214.69,0.48,1699037499,2,24
2370,4,44,35966,51072,96110,procedure,HC,59,,,,,1,14.8,7.77,17-06-2025,17-06-2025,03-09-2025,03-09-2025,"{""icd_10"": {""1"": ""Z00.129"", ""2"": ""Z29.3"", ""3"": ""L20.89"", ""4"": ""R21"", ""5"": ""Z13.41""}, ""procedures"": {""1"": ""5""}, ""actual_procedures"": {""1"": ""Z13.41""}}",1: Z13.41,CO,45,45,,,,,45,,,,SILVERSUMMIT HEALTHPLAN,mco_medicaid,PRIMARY,444.8,214.69,0.48,1699037499,2,24
2371,1,11,36213,51319,99381,well_visit,HC,EP,25,,,,1,230,114.16,04-08-2025,04-08-2025,03-09-2025,03-09-2025,"{""icd_10"": {""1"": ""Z00.111"", ""2"": ""Z13.228""}, ""procedures"": {""1"": ""1""}, ""actual_procedures"": {""1"": ""Z00.111""}}",1: Z00.111,CO,45,45,,,,,45,,,,SILVERSUMMIT HEALTHPLAN,mco_medicaid,PRIMARY,264.98,118.1,0.45,1861707069,0,0
2371,2,46,36213,51319,84030,diagnostic,HC,,,,,,1,25,3.94,04-08-2025,04-08-2025,03-09-2025,03-09-2025,"{""icd_10"": {""1"": ""Z00.111"", ""2"": ""Z13.228""}, ""procedures"": {""1"": ""2""}, ""actual_procedures"": {""1"": ""Z13.228""}}",1: Z13.228,CO,45,45,,,,,45,,,,SILVERSUMMIT HEALTHPLAN,mco_medicaid,PRIMARY,264.98,118.1,0.45,1861707069,0,0
2371,3,47,36213,51319,36416,poc,HC,,,,,,1,9.98,0,04-08-2025,04-08-2025,03-09-2025,03-09-2025,"{""icd_10"": {""1"": ""Z00.111"", ""2"": ""Z13.228""}, ""procedures"": {""1"": ""2""}, ""actual_procedures"": {""1"": ""Z13.228""}}",1: Z13.228,CO,234,234,,N390,N390,,234,,N390,,SILVERSUMMIT HEALTHPLAN,mco_medicaid,PRIMARY,264.98,118.1,0.45,1861707069,0,0
2372,1,12,36113,51219,99391,well_visit,HC,EP,25,,,,1,200,102.7,23-07-2025,23-07-2025,03-09-2025,03-09-2025,"{""icd_10"": {""1"": ""Z00.111"", ""2"": ""R14.3"", ""3"": ""Z13.228""}, ""procedures"": {""1"": ""1"", ""2"": ""2""}, ""actual_procedures"": {""1"": ""Z00.111"", ""2"": ""R14.3""}}",1: Z00.111 | 2: R14.3,CO,45,45,,,,,45,,,,SILVERSUMMIT HEALTHPLAN,mco_medicaid,PRIMARY,234.98,106.64,0.45,1861707069,0,0
2372,2,49,36113,51219,84030,diagnostic,HC,,,,,,1,25,3.94,23-07-2025,23-07-2025,03-09-2025,03-09-2025,"{""icd_10"": {""1"": ""Z00.111"", ""2"": ""R14.3"", ""3"": ""Z13.228""}, ""procedures"": {""1"": ""3""}, ""actual_procedures"": {""1"": ""Z13.228""}}",1: Z13.228,CO,45,45,,,,,45,,,,SILVERSUMMIT HEALTHPLAN,mco_medicaid,PRIMARY,234.98,106.64,0.45,1861707069,0,0
2372,3,50,36113,51219,36416,poc,HC,,,,,,1,9.98,0,23-07-2025,23-07-2025,03-09-2025,03-09-2025,"{""icd_10"": {""1"": ""Z00.111"", ""2"": ""R14.3"", ""3"": ""Z13.228""}, ""procedures"": {""1"": ""3""}, ""actual_procedures"": {""1"": ""Z13.228""}}",1: Z13.228,CO,234,234,,N390,N390,,234,,N390,,SILVERSUMMIT HEALTHPLAN,mco_medicaid,PRIMARY,234.98,106.64,0.45,1861707069,0,0
2373,1,13,2065,17171,99213,sick_visit,HC,25,,,,,1,150,75.16,31-07-2025,31-07-2025,03-09-2025,03-09-2025,"{""icd_10"": {""1"": ""Z00.129"", ""2"": ""S00.83XD"", ""3"": ""Z20.828""}, ""procedures"": {""1"": ""2"", ""2"": ""3""}, ""actual_procedures"": {""1"": ""S00.83XD"", ""2"": ""Z20.828""}}",1: S00.83XD | 2: Z20.828,CO,45,45,,,,,45,,,,SILVERSUMMIT HEALTHPLAN,mco_medicaid,PRIMARY,413.22,179.56,0.43,1073015541,0,9
2373,2,52,2065,17171,99391,well_visit,HC,EP,25,,,,1,200,102.7,31-07-2025,31-07-2025,03-09-2025,03-09-2025,"{""icd_10"": {""1"": ""Z00.129"", ""2"": ""S00.83XD"", ""3"": ""Z20.828""}, ""procedures"": {""1"": ""1""}, ""actual_procedures"": {""1"": ""Z00.129""}}",1: Z00.129,CO,45,45,,,,,45,,,,SILVERSUMMIT HEALTHPLAN,mco_medicaid,PRIMARY,413.22,179.56,0.43,1073015541,0,9
2373,3,53,2065,17171,85018,poc,HC,QW,,,,,1,3.24,1.7,31-07-2025,31-07-2025,03-09-2025,03-09-2025,"{""icd_10"": {""1"": ""Z00.129"", ""2"": ""S00.83XD"", ""3"": ""Z20.828""}, ""procedures"": {""1"": ""2""}, ""actual_procedures"": {""1"": ""S00.83XD""}}",1: S00.83XD,CO,45,45,,,,,45,,,,SILVERSUMMIT HEALTHPLAN,mco_medicaid,PRIMARY,413.22,179.56,0.43,1073015541,0,9
2373,4,54,2065,17171,36416,poc,HC,,,,,,1,9.98,0,31-07-2025,31-07-2025,03-09-2025,03-09-2025,"{""icd_10"": {""1"": ""Z00.129"", ""2"": ""S00.83XD"", ""3"": ""Z20.828""}, ""procedures"": {""1"": ""2""}, ""actual_procedures"": {""1"": ""S00.83XD""}}",1: S00.83XD,CO,234,234,,N390,N390,,234,,N390,,SILVERSUMMIT HEALTHPLAN,mco_medicaid,PRIMARY,413.22,179.56,0.43,1073015541,0,9
2373,5,55,2065,17171,87804,poc,HC,QW,59,,,,2,50,0,31-07-2025,31-07-2025,03-09-2025,03-09-2025,"{""icd_10"": {""1"": ""Z00.129"", ""2"": ""S00.83XD"", ""3"": ""Z20.828""}, ""procedures"": {""1"": ""3""}, ""actual_procedures"": {""1"": ""Z20.828""}}",1: Z20.828,CO,16,16,,MA63,MA63,,16,,MA63,,SILVERSUMMIT HEALTHPLAN,mco_medicaid,PRIMARY,413.22,179.56,0.43,1073015541,0,9
2374,1,14,1235663,1891,99383,well_visit,HC,EP,25,,,,1,260,123.94,07-08-2025,07-08-2025,03-09-2025,03-09-2025,"{""icd_10"": {""1"": ""Z00.129"", ""2"": ""Z71.3"", ""3"": ""Z71.82"", ""4"": ""Z68.52"", ""5"": ""Z13.31"", ""6"": ""Z02.5""}, ""procedures"": {""1"": ""1"", ""2"": ""2"", ""3"": ""3"", ""4"": ""4""}, ""actual_procedures"": {""1"": ""Z00.129"", ""2"": ""Z71.3"", ""3"": ""Z71.82"", ""4"": ""Z68.52""}}","1: Z00.129 | 2: Z71.3
3: Z71.82 | 4: Z68.52",CO,45,45,,,,,45,,,,SILVERSUMMIT HEALTHPLAN,mco_medicaid,PRIMARY,340,146.93,0.43,1073015541,10,122
2374,2,57,1235663,1891,96127,procedure,HC,59,,,,,1,25,5.06,07-08-2025,07-08-2025,03-09-2025,03-09-2025,"{""icd_10"": {""1"": ""Z00.129"", ""2"": ""Z71.3"", ""3"": ""Z71.82"", ""4"": ""Z68.52"", ""5"": ""Z13.31"", ""6"": ""Z02.5""}, ""procedures"": {""1"": ""5""}, ""actual_procedures"": {""1"": ""Z13.31""}}",1: Z13.31,CO,45,45,,,,,45,,,,SILVERSUMMIT HEALTHPLAN,mco_medicaid,PRIMARY,340,146.93,0.43,1073015541,10,122
2374,3,58,1235663,1891,93000,poc,HC,59,,,,,1,35,17.93,07-08-2025,07-08-2025,03-09-2025,03-09-2025,"{""icd_10"": {""1"": ""Z00.129"", ""2"": ""Z71.3"", ""3"": ""Z71.82"", ""4"": ""Z68.52"", ""5"": ""Z13.31"", ""6"": ""Z02.5""}, ""procedures"": {""1"": ""6""}, ""actual_procedures"": {""1"": ""Z02.5""}}",1: Z02.5,CO,45,45,,,,,45,,,,SILVERSUMMIT HEALTHPLAN,mco_medicaid,PRIMARY,340,146.93,0.43,1073015541,10,122
2374,4,59,1235663,1891,99173,diagnostic,HC,,,,,,1,20,0,07-08-2025,07-08-2025,03-09-2025,03-09-2025,"{""icd_10"": {""1"": ""Z00.129"", ""2"": ""Z71.3"", ""3"": ""Z71.82"", ""4"": ""Z68.52"", ""5"": ""Z13.31"", ""6"": ""Z02.5""}, ""procedures"": {""1"": ""6""}, ""actual_procedures"": {""1"": ""Z02.5""}}",1: Z02.5,CO,96,96,,N448,N448,,96,,N448,,SILVERSUMMIT HEALTHPLAN,mco_medicaid,PRIMARY,340,146.93,0.43,1073015541,10,122
2375,1,15,22930319,17399,99214,sick_visit,HC,25,,,,,1,215,110.75,07-08-2025,07-08-2025,03-09-2025,03-09-2025,"{""icd_10"": {""1"": ""D64.9"", ""2"": ""J03.00"", ""3"": ""R23.1""}, ""procedures"": {""1"": ""1"", ""2"": ""2"", ""3"": ""3""}, ""actual_procedures"": {""1"": ""D64.9"", ""2"": ""J03.00"", ""3"": ""R23.1""}}","1: D64.9 | 2: J03.00
3: R23.1",CO,45,45,,,,,45,,,,SILVERSUMMIT HEALTHPLAN,mco_medicaid,PRIMARY,253.6,115.77,0.46,1073015541,1,19
2375,2,61,22930319,17399,85018,poc,HC,QW,,,,,1,3.24,1.7,07-08-2025,07-08-2025,03-09-2025,03-09-2025,"{""icd_10"": {""1"": ""D64.9"", ""2"": ""J03.00"", ""3"": ""R23.1""}, ""procedures"": {""1"": ""1"", ""2"": ""3""}, ""actual_procedures"": {""1"": ""D64.9"", ""2"": ""R23.1""}}",1: D64.9 | 2: R23.1,CO,45,45,,,,,45,,,,SILVERSUMMIT HEALTHPLAN,mco_medicaid,PRIMARY,253.6,115.77,0.46,1073015541,1,19
2375,3,62,22930319,17399,82947,poc,HC,QW,,,,,1,5.36,2.81,07-08-2025,07-08-2025,03-09-2025,03-09-2025,"{""icd_10"": {""1"": ""D64.9"", ""2"": ""J03.00"", ""3"": ""R23.1""}, ""procedures"": {""1"": ""1"", ""2"": ""2"", ""3"": ""3""}, ""actual_procedures"": {""1"": ""D64.9"", ""2"": ""J03.00"", ""3"": ""R23.1""}}","1: D64.9 | 2: J03.00
3: R23.1",CO,45,45,,,,,45,,,,SILVERSUMMIT HEALTHPLAN,mco_medicaid,PRIMARY,253.6,115.77,0.46,1073015541,1,19
2375,4,63,22930319,17399,J0696,medication,HC,,,,,,1,20,0.5,07-08-2025,07-08-2025,03-09-2025,03-09-2025,"{""icd_10"": {""1"": ""D64.9"", ""2"": ""J03.00"", ""3"": ""R23.1""}, ""procedures"": {""1"": ""2""}, ""actual_procedures"": {""1"": ""J03.00""}}",1: J03.00,CO,45,45,,,,,45,,,,SILVERSUMMIT HEALTHPLAN,mco_medicaid,PRIMARY,253.6,115.77,0.46,1073015541,1,19
2375,5,64,22930319,17399,J2003,,HC,,,,,,1,10,0.01,07-08-2025,07-08-2025,03-09-2025,03-09-2025,"{""icd_10"": {""1"": ""D64.9"", ""2"": ""J03.00"", ""3"": ""R23.1""}, ""procedures"": {""1"": ""2""}, ""actual_procedures"": {""1"": ""J03.00""}}",1: J03.00,CO,45,45,,,,,45,,,,SILVERSUMMIT HEALTHPLAN,mco_medicaid,PRIMARY,253.6,115.77,0.46,1073015541,1,19
2376,1,16,35975,51081,99392,well_visit,HC,EP,,,,,1,220,109.63,07-08-2025,07-08-2025,03-09-2025,03-09-2025,"{""icd_10"": {""1"": ""Z00.129"", ""2"": ""Z71.3"", ""3"": ""Z71.82"", ""4"": ""Z68.52""}, ""procedures"": {""1"": ""1"", ""2"": ""2"", ""3"": ""3"", ""4"": ""4""}, ""actual_procedures"": {""1"": ""Z00.129"", ""2"": ""Z71.3"", ""3"": ""Z71.82"", ""4"": ""Z68.52""}}","1: Z00.129 | 2: Z71.3
3: Z71.82 | 4: Z68.52",CO,45,45,,,,,45,,,,SILVERSUMMIT HEALTHPLAN,mco_medicaid,PRIMARY,220,109.63,0.5,1073015541,4,59
2377,1,17,3006689,45172,99213,sick_visit,HC,U6,25,,,,1,150,37.58,06-08-2025,06-08-2025,03-09-2025,03-09-2025,"{""icd_10"": {""1"": ""Z00.129"", ""2"": ""Z68.54"", ""3"": ""Z71.3"", ""4"": ""Z71.82"", ""5"": ""R73.03"", ""6"": ""E78.2"", ""7"": ""Z29.3"", ""8"": ""Z23"", ""9"": ""Z13.31"", ""10"": ""Z02.5""}, ""procedures"": {""1"": ""5"", ""2"": ""6""}, ""actual_procedures"": {""1"": ""R73.03"", ""2"": ""E78.2""}}",1: R73.03 | 2: E78.2,CO,45,45,,,,,45,,,,SILVERSUMMIT HEALTHPLAN,mco_medicaid,PRIMARY,660.03,306.59,0.46,1073015541,12,146
2377,2,67,3006689,45172,99384,well_visit,HC,EP,25,,,,1,285,139.99,06-08-2025,06-08-2025,03-09-2025,03-09-2025,"{""icd_10"": {""1"": ""Z00.129"", ""2"": ""Z68.54"", ""3"": ""Z71.3"", ""4"": ""Z71.82"", ""5"": ""R73.03"", ""6"": ""E78.2"", ""7"": ""Z29.3"", ""8"": ""Z23"", ""9"": ""Z13.31"", ""10"": ""Z02.5""}, ""procedures"": {""1"": ""1"", ""2"": ""2"", ""3"": ""3"", ""4"": ""4""}, ""actual_procedures"": {""1"": ""Z00.129"", ""2"": ""Z68.54"", ""3"": ""Z71.3"", ""4"": ""Z71.82""}}","1: Z00.129 | 2: Z68.54
3: Z71.3 | 4: Z71.82",CO,45,45,,,,,45,,,,SILVERSUMMIT HEALTHPLAN,mco_medicaid,PRIMARY,660.03,306.59,0.46,1073015541,12,146
2377,3,68,3006689,45172,96127,procedure,HC,59,,,,,1,25,5.06,06-08-2025,06-08-2025,03-09-2025,03-09-2025,"{""icd_10"": {""1"": ""Z00.129"", ""2"": ""Z68.54"", ""3"": ""Z71.3"", ""4"": ""Z71.82"", ""5"": ""R73.03"", ""6"": ""E78.2"", ""7"": ""Z29.3"", ""8"": ""Z23"", ""9"": ""Z13.31"", ""10"": ""Z02.5""}, ""procedures"": {""1"": ""9""}, ""actual_procedures"": {""1"": ""Z13.31""}}",1: Z13.31,CO,45,45,,,,,45,,,,SILVERSUMMIT HEALTHPLAN,mco_medicaid,PRIMARY,660.03,306.59,0.46,1073015541,12,146
2377,4,69,3006689,45172,99188,procedure,HC,,,,,,1,40,12.92,06-08-2025,06-08-2025,03-09-2025,03-09-2025,"{""icd_10"": {""1"": ""Z00.129"", ""2"": ""Z68.54"", ""3"": ""Z71.3"", ""4"": ""Z71.82"", ""5"": ""R73.03"", ""6"": ""E78.2"", ""7"": ""Z29.3"", ""8"": ""Z23"", ""9"": ""Z13.31"", ""10"": ""Z02.5""}, ""procedures"": {""1"": ""7""}, ""actual_procedures"": {""1"": ""Z29.3""}}",1: Z29.3,CO,45,45,,,,,45,,,,SILVERSUMMIT HEALTHPLAN,mco_medicaid,PRIMARY,660.03,306.59,0.46,1073015541,12,146
2377,5,70,3006689,45172,93000,poc,HC,59,,,,,1,35,17.93,06-08-2025,06-08-2025,03-09-2025,03-09-2025,"{""icd_10"": {""1"": ""Z00.129"", ""2"": ""Z68.54"", ""3"": ""Z71.3"", ""4"": ""Z71.82"", ""5"": ""R73.03"", ""6"": ""E78.2"", ""7"": ""Z29.3"", ""8"": ""Z23"", ""9"": ""Z13.31"", ""10"": ""Z02.5""}, ""procedures"": {""1"": ""10""}, ""actual_procedures"": {""1"": ""Z02.5""}}",1: Z02.5,CO,45,45,,,,,45,,,,SILVERSUMMIT HEALTHPLAN,mco_medicaid,PRIMARY,660.03,306.59,0.46,1073015541,12,146
2377,6,71,3006689,45172,90460,vaccine_administration,HC,,,,,,3,75,69.99,06-08-2025,06-08-2025,03-09-2025,03-09-2025,"{""icd_10"": {""1"": ""Z00.129"", ""2"": ""Z68.54"", ""3"": ""Z71.3"", ""4"": ""Z71.82"", ""5"": ""R73.03"", ""6"": ""E78.2"", ""7"": ""Z29.3"", ""8"": ""Z23"", ""9"": ""Z13.31"", ""10"": ""Z02.5""}, ""procedures"": {""1"": ""8""}, ""actual_procedures"": {""1"": ""Z23""}}",1: Z23,CO,45,45,,,,,45,,,,SILVERSUMMIT HEALTHPLAN,mco_medicaid,PRIMARY,660.03,306.59,0.46,1073015541,12,146
2377,7,72,3006689,45172,90619,vaccine,HC,,,,,,1,0.01,0,06-08-2025,06-08-2025,03-09-2025,03-09-2025,"{""icd_10"": {""1"": ""Z00.129"", ""2"": ""Z68.54"", ""3"": ""Z71.3"", ""4"": ""Z71.82"", ""5"": ""R73.03"", ""6"": ""E78.2"", ""7"": ""Z29.3"", ""8"": ""Z23"", ""9"": ""Z13.31"", ""10"": ""Z02.5""}, ""procedures"": {""1"": ""8""}, ""actual_procedures"": {""1"": ""Z23""}}",1: Z23,CO,97,97,,,,,97,,,,SILVERSUMMIT HEALTHPLAN,mco_medicaid,PRIMARY,660.03,306.59,0.46,1073015541,12,146
2377,8,73,3006689,45172,90472,vaccine_administration,HC,,,,,,2,50,23.12,06-08-2025,06-08-2025,03-09-2025,03-09-2025,"{""icd_10"": {""1"": ""Z00.129"", ""2"": ""Z68.54"", ""3"": ""Z71.3"", ""4"": ""Z71.82"", ""5"": ""R73.03"", ""6"": ""E78.2"", ""7"": ""Z29.3"", ""8"": ""Z23"", ""9"": ""Z13.31"", ""10"": ""Z02.5""}, ""procedures"": {""1"": ""8""}, ""actual_procedures"": {""1"": ""Z23""}}",1: Z23,CO,45,45,,,,,45,,,,SILVERSUMMIT HEALTHPLAN,mco_medicaid,PRIMARY,660.03,306.59,0.46,1073015541,12,146
2377,9,74,3006689,45172,90651,vaccine,HC,,,,,,1,0.01,0,06-08-2025,06-08-2025,03-09-2025,03-09-2025,"{""icd_10"": {""1"": ""Z00.129"", ""2"": ""Z68.54"", ""3"": ""Z71.3"", ""4"": ""Z71.82"", ""5"": ""R73.03"", ""6"": ""E78.2"", ""7"": ""Z29.3"", ""8"": ""Z23"", ""9"": ""Z13.31"", ""10"": ""Z02.5""}, ""procedures"": {""1"": ""8""}, ""actual_procedures"": {""1"": ""Z23""}}",1: Z23,CO,97,97,,,,,97,,,,SILVERSUMMIT HEALTHPLAN,mco_medicaid,PRIMARY,660.03,306.59,0.46,1073015541,12,146
2377,10,75,3006689,45172,90715,vaccine,HC,,,,,,1,0.01,0,06-08-2025,06-08-2025,03-09-2025,03-09-2025,"{""icd_10"": {""1"": ""Z00.129"", ""2"": ""Z68.54"", ""3"": ""Z71.3"", ""4"": ""Z71.82"", ""5"": ""R73.03"", ""6"": ""E78.2"", ""7"": ""Z29.3"", ""8"": ""Z23"", ""9"": ""Z13.31"", ""10"": ""Z02.5""}, ""procedures"": {""1"": ""8""}, ""actual_procedures"": {""1"": ""Z23""}}",1: Z23,CO,97,97,,,,,97,,,,SILVERSUMMIT HEALTHPLAN,mco_medicaid,PRIMARY,660.03,306.59,0.46,1073015541,12,146
2378,1,18,30256,45362,99213,sick_visit,HC,25,,,,,1,150,75.16,07-08-2025,07-08-2025,03-09-2025,03-09-2025,"{""icd_10"": {""1"": ""Z00.129"", ""2"": ""Z71.3"", ""3"": ""Z71.82"", ""4"": ""Z68.52"", ""5"": ""N39.44"", ""6"": ""J35.1"", ""7"": ""R06.83"", ""8"": ""Z29.3""}, ""procedures"": {""1"": ""5"", ""2"": ""6"", ""3"": ""7""}, ""actual_procedures"": {""1"": ""N39.44"", ""2"": ""J35.1"", ""3"": ""R06.83""}}","1: N39.44 | 2: J35.1
3: R06.83",CO,45,45,,,,,45,,,,SILVERSUMMIT HEALTHPLAN,mco_medicaid,PRIMARY,450,212.02,0.47,1073015541,7,86
2378,2,77,30256,45362,99383,well_visit,HC,EP,25,,,,1,260,123.94,07-08-2025,07-08-2025,03-09-2025,03-09-2025,"{""icd_10"": {""1"": ""Z00.129"", ""2"": ""Z71.3"", ""3"": ""Z71.82"", ""4"": ""Z68.52"", ""5"": ""N39.44"", ""6"": ""J35.1"", ""7"": ""R06.83"", ""8"": ""Z29.3""}, ""procedures"": {""1"": ""1"", ""2"": ""2"", ""3"": ""3"", ""4"": ""4""}, ""actual_procedures"": {""1"": ""Z00.129"", ""2"": ""Z71.3"", ""3"": ""Z71.82"", ""4"": ""Z68.52""}}","1: Z00.129 | 2: Z71.3
3: Z71.82 | 4: Z68.52",CO,45,45,,,,,45,,,,SILVERSUMMIT HEALTHPLAN,mco_medicaid,PRIMARY,450,212.02,0.47,1073015541,7,86
2378,3,78,30256,45362,99188,procedure,HC,,,,,,1,40,12.92,07-08-2025,07-08-2025,03-09-2025,03-09-2025,"{""icd_10"": {""1"": ""Z00.129"", ""2"": ""Z71.3"", ""3"": ""Z71.82"", ""4"": ""Z68.52"", ""5"": ""N39.44"", ""6"": ""J35.1"", ""7"": ""R06.83"", ""8"": ""Z29.3""}, ""procedures"": {""1"": ""8""}, ""actual_procedures"": {""1"": ""Z29.3""}}",1: Z29.3,CO,45,45,,,,,45,,,,SILVERSUMMIT HEALTHPLAN,mco_medicaid,PRIMARY,450,212.02,0.47,1073015541,7,86
2379,1,19,35670,50776,99213,sick_visit,HC,25,,,,,1,150,75.16,07-08-2025,07-08-2025,03-09-2025,03-09-2025,"{""icd_10"": {""1"": ""R05.1"", ""2"": ""J30.2""}, ""procedures"": {""1"": ""1"", ""2"": ""2""}, ""actual_procedures"": {""1"": ""R05.1"", ""2"": ""J30.2""}}",1: R05.1 | 2: J30.2,CO,45,45,,,,,45,,,,SILVERSUMMIT HEALTHPLAN,mco_medicaid,PRIMARY,165,75.16,0.46,1073015541,3,38
2379,2,80,35670,50776,94760,respiratory,HC,59,,,,,1,15,0,07-08-2025,07-08-2025,03-09-2025,03-09-2025,"{""icd_10"": {""1"": ""R05.1"", ""2"": ""J30.2""}, ""procedures"": {""1"": ""1"", ""2"": ""2""}, ""actual_procedures"": {""1"": ""R05.1"", ""2"": ""J30.2""}}",1: R05.1 | 2: J30.2,CO,234,234,,M15,M15,,234,,M15,,SILVERSUMMIT HEALTHPLAN,mco_medicaid,PRIMARY,165,75.16,0.46,1073015541,3,38
2380,1,20,3618125,51287,99382,well_visit,HC,EP,25,,,,1,240,118.84,28-07-2025,28-07-2025,03-09-2025,03-09-2025,"{""icd_10"": {""1"": ""Z00.129"", ""2"": ""Z71.3"", ""3"": ""Z68.51"", ""4"": ""Z71.82"", ""5"": ""Z23""}, ""procedures"": {""1"": ""1"", ""2"": ""2"", ""3"": ""3"", ""4"": ""4""}, ""actual_procedures"": {""1"": ""Z00.129"", ""2"": ""Z71.3"", ""3"": ""Z68.51"", ""4"": ""Z71.82""}}","1: Z00.129 | 2: Z71.3
3: Z68.51 | 4: Z71.82",CO,45,45,,,,,45,,,,SILVERSUMMIT HEALTHPLAN,mco_medicaid,PRIMARY,465.05,281.73,0.61,1073015541,4,50
2380,2,82,3618125,51287,90700,vaccine,HC,,,,,,1,0.01,0,28-07-2025,28-07-2025,03-09-2025,03-09-2025,"{""icd_10"": {""1"": ""Z00.129"", ""2"": ""Z71.3"", ""3"": ""Z68.51"", ""4"": ""Z71.82"", ""5"": ""Z23""}, ""procedures"": {""1"": ""5""}, ""actual_procedures"": {""1"": ""Z23""}}",1: Z23,CO,97,97,,,,,97,,,,SILVERSUMMIT HEALTHPLAN,mco_medicaid,PRIMARY,465.05,281.73,0.61,1073015541,4,50
2380,3,83,3618125,51287,90633,vaccine,HC,,,,,,1,0.01,0,28-07-2025,28-07-2025,03-09-2025,03-09-2025,"{""icd_10"": {""1"": ""Z00.129"", ""2"": ""Z71.3"", ""3"": ""Z68.51"", ""4"": ""Z71.82"", ""5"": ""Z23""}, ""procedures"": {""1"": ""5""}, ""actual_procedures"": {""1"": ""Z23""}}",1: Z23,CO,97,97,,,,,97,,,,SILVERSUMMIT HEALTHPLAN,mco_medicaid,PRIMARY,465.05,281.73,0.61,1073015541,4,50
2380,4,84,3618125,51287,90472,vaccine_administration,HC,,,,,,4,100,46.24,28-07-2025,28-07-2025,03-09-2025,03-09-2025,"{""icd_10"": {""1"": ""Z00.129"", ""2"": ""Z71.3"", ""3"": ""Z68.51"", ""4"": ""Z71.82"", ""5"": ""Z23""}, ""procedures"": {""1"": ""5""}, ""actual_procedures"": {""1"": ""Z23""}}",1: Z23,CO,45,45,,,,,45,,,,SILVERSUMMIT HEALTHPLAN,mco_medicaid,PRIMARY,465.05,281.73,0.61,1073015541,4,50
2380,5,85,3618125,51287,90713,vaccine,HC,,,,,,1,0.01,0,28-07-2025,28-07-2025,03-09-2025,03-09-2025,"{""icd_10"": {""1"": ""Z00.129"", ""2"": ""Z71.3"", ""3"": ""Z68.51"", ""4"": ""Z71.82"", ""5"": ""Z23""}, ""procedures"": {""1"": ""5""}, ""actual_procedures"": {""1"": ""Z23""}}",1: Z23,CO,97,97,,,,,97,,,,SILVERSUMMIT HEALTHPLAN,mco_medicaid,PRIMARY,465.05,281.73,0.61,1073015541,4,50
2380,6,86,3618125,51287,90707,vaccine,HC,,,,,,1,0.01,0,28-07-2025,28-07-2025,03-09-2025,03-09-2025,"{""icd_10"": {""1"": ""Z00.129"", ""2"": ""Z71.3"", ""3"": ""Z68.51"", ""4"": ""Z71.82"", ""5"": ""Z23""}, ""procedures"": {""1"": ""5""}, ""actual_procedures"": {""1"": ""Z23""}}",1: Z23,CO,97,97,,,,,97,,,,SILVERSUMMIT HEALTHPLAN,mco_medicaid,PRIMARY,465.05,281.73,0.61,1073015541,4,50
2380,7,87,3618125,51287,90716,vaccine,HC,,,,,,1,0.01,0,28-07-2025,28-07-2025,03-09-2025,03-09-2025,"{""icd_10"": {""1"": ""Z00.129"", ""2"": ""Z71.3"", ""3"": ""Z68.51"", ""4"": ""Z71.82"", ""5"": ""Z23""}, ""procedures"": {""1"": ""5""}, ""actual_procedures"": {""1"": ""Z23""}}",1: Z23,CO,97,97,,,,,97,,,,SILVERSUMMIT HEALTHPLAN,mco_medicaid,PRIMARY,465.05,281.73,0.61,1073015541,4,50
2380,8,88,3618125,51287,90460,vaccine_administration,HC,,,,,,5,125,116.65,28-07-2025,28-07-2025,03-09-2025,03-09-2025,"{""icd_10"": {""1"": ""Z00.129"", ""2"": ""Z71.3"", ""3"": ""Z68.51"", ""4"": ""Z71.82"", ""5"": ""Z23""}, ""procedures"": {""1"": ""5""}, ""actual_procedures"": {""1"": ""Z23""}}",1: Z23,CO,45,45,,,,,45,,,,SILVERSUMMIT HEALTHPLAN,mco_medicaid,PRIMARY,465.05,281.73,0.61,1073015541,4,50
2381,1,21,35725,50831,99213,sick_visit,HC,25,,,,,1,150,75.16,06-08-2025,06-08-2025,03-09-2025,03-09-2025,"{""icd_10"": {""1"": ""Z00.129"", ""2"": ""Z23"", ""3"": ""Z13.41"", ""4"": ""F80.89""}, ""procedures"": {""1"": ""4""}, ""actual_procedures"": {""1"": ""F80.89""}}",1: F80.89,CO,45,45,,,,,45,,,,SILVERSUMMIT HEALTHPLAN,mco_medicaid,PRIMARY,450.01,223.66,0.5,1073015541,1,21
2381,2,90,35725,50831,99392,well_visit,HC,EP,25,,,,1,220,109.63,06-08-2025,06-08-2025,03-09-2025,03-09-2025,"{""icd_10"": {""1"": ""Z00.129"", ""2"": ""Z23"", ""3"": ""Z13.41"", ""4"": ""F80.89""}, ""procedures"": {""1"": ""1""}, ""actual_procedures"": {""1"": ""Z00.129""}}",1: Z00.129,CO,45,45,,,,,45,,,,SILVERSUMMIT HEALTHPLAN,mco_medicaid,PRIMARY,450.01,223.66,0.5,1073015541,1,21
2381,3,91,35725,50831,90460,vaccine_administration,HC,,,,,,1,25,23.33,06-08-2025,06-08-2025,03-09-2025,03-09-2025,"{""icd_10"": {""1"": ""Z00.129"", ""2"": ""Z23"", ""3"": ""Z13.41"", ""4"": ""F80.89""}, ""procedures"": {""1"": ""2""}, ""actual_procedures"": {""1"": ""Z23""}}",1: Z23,CO,45,45,,,,,45,,,,SILVERSUMMIT HEALTHPLAN,mco_medicaid,PRIMARY,450.01,223.66,0.5,1073015541,1,21
2381,4,92,35725,50831,96110,procedure,HC,59,,,,,2,30,15.54,06-08-2025,06-08-2025,03-09-2025,03-09-2025,"{""icd_10"": {""1"": ""Z00.129"", ""2"": ""Z23"", ""3"": ""Z13.41"", ""4"": ""F80.89""}, ""procedures"": {""1"": ""3"", ""2"": ""4""}, ""actual_procedures"": {""1"": ""Z13.41"", ""2"": ""F80.89""}}",1: Z13.41 | 2: F80.89,CO,45,45,,,,,45,,,,SILVERSUMMIT HEALTHPLAN,mco_medicaid,PRIMARY,450.01,223.66,0.5,1073015541,1,21
2381,5,93,35725,50831,90633,vaccine,HC,,,,,,1,0.01,0,06-08-2025,06-08-2025,03-09-2025,03-09-2025,"{""icd_10"": {""1"": ""Z00.129"", ""2"": ""Z23"", ""3"": ""Z13.41"", ""4"": ""F80.89""}, ""procedures"": {""1"": ""2""}, ""actual_procedures"": {""1"": ""Z23""}}",1: Z23,CO,97,97,,,,,97,,,,SILVERSUMMIT HEALTHPLAN,mco_medicaid,PRIMARY,450.01,223.66,0.5,1073015541,1,21
2381,6,94,35725,50831,90460,vaccine_administration,HC,,,,,,1,25,0,06-08-2025,06-08-2025,03-09-2025,03-09-2025,"{""icd_10"": {""1"": ""Z00.129"", ""2"": ""Z23"", ""3"": ""Z13.41"", ""4"": ""F80.89""}, ""procedures"": {""1"": ""2""}, ""actual_procedures"": {""1"": ""Z23""}}",1: Z23,CO,18,18,,N522,N522,,18,,N522,,SILVERSUMMIT HEALTHPLAN,mco_medicaid,PRIMARY,450.01,223.66,0.5,1073015541,1,21
2382,1,22,36231,51337,99382,well_visit,HC,EP,25,,,,1,240,118.84,07-08-2025,07-08-2025,03-09-2025,03-09-2025,"{""icd_10"": {""1"": ""Z00.129"", ""2"": ""Z29.3"", ""3"": ""Z23""}, ""procedures"": {""1"": ""1""}, ""actual_procedures"": {""1"": ""Z00.129""}}",1: Z00.129,CO,45,45,,,,,45,,,,SILVERSUMMIT HEALTHPLAN,mco_medicaid,PRIMARY,405.03,224.87,0.56,1073015541,1,23
2382,2,96,36231,51337,99188,procedure,HC,,,,,,1,40,12.92,07-08-2025,07-08-2025,03-09-2025,03-09-2025,"{""icd_10"": {""1"": ""Z00.129"", ""2"": ""Z29.3"", ""3"": ""Z23""}, ""procedures"": {""1"": ""2""}, ""actual_procedures"": {""1"": ""Z29.3""}}",1: Z29.3,CO,45,45,,,,,45,,,,SILVERSUMMIT HEALTHPLAN,mco_medicaid,PRIMARY,405.03,224.87,0.56,1073015541,1,23
2382,3,97,36231,51337,90460,vaccine_administration,HC,,,,,,3,75,69.99,07-08-2025,07-08-2025,03-09-2025,03-09-2025,"{""icd_10"": {""1"": ""Z00.129"", ""2"": ""Z29.3"", ""3"": ""Z23""}, ""procedures"": {""1"": ""3""}, ""actual_procedures"": {""1"": ""Z23""}}",1: Z23,CO,45,45,,,,,45,,,,SILVERSUMMIT HEALTHPLAN,mco_medicaid,PRIMARY,405.03,224.87,0.56,1073015541,1,23
2382,4,98,36231,51337,90633,vaccine,HC,,,,,,1,0.01,0,07-08-2025,07-08-2025,03-09-2025,03-09-2025,"{""icd_10"": {""1"": ""Z00.129"", ""2"": ""Z29.3"", ""3"": ""Z23""}, ""procedures"": {""1"": ""3""}, ""actual_procedures"": {""1"": ""Z23""}}",1: Z23,CO,97,97,,,,,97,,,,SILVERSUMMIT HEALTHPLAN,mco_medicaid,PRIMARY,405.03,224.87,0.56,1073015541,1,23
2382,5,99,36231,51337,90707,vaccine,HC,,,,,,1,0.01,0,07-08-2025,07-08-2025,03-09-2025,03-09-2025,"{""icd_10"": {""1"": ""Z00.129"", ""2"": ""Z29.3"", ""3"": ""Z23""}, ""procedures"": {""1"": ""3""}, ""actual_procedures"": {""1"": ""Z23""}}",1: Z23,CO,97,97,,,,,97,,,,SILVERSUMMIT HEALTHPLAN,mco_medicaid,PRIMARY,405.03,224.87,0.56,1073015541,1,23
2382,6,100,36231,51337,90716,vaccine,HC,,,,,,1,0.01,0,07-08-2025,07-08-2025,03-09-2025,03-09-2025,"{""icd_10"": {""1"": ""Z00.129"", ""2"": ""Z29.3"", ""3"": ""Z23""}, ""procedures"": {""1"": ""3""}, ""actual_procedures"": {""1"": ""Z23""}}",1: Z23,CO,97,97,,,,,97,,,,SILVERSUMMIT HEALTHPLAN,mco_medicaid,PRIMARY,405.03,224.87,0.56,1073015541,1,23
2382,7,101,36231,51337,90472,vaccine_administration,HC,,,,,,2,50,23.12,07-08-2025,07-08-2025,03-09-2025,03-09-2025,"{""icd_10"": {""1"": ""Z00.129"", ""2"": ""Z29.3"", ""3"": ""Z23""}, ""procedures"": {""1"": ""3""}, ""actual_procedures"": {""1"": ""Z23""}}",1: Z23,CO,45,45,,,,,45,,,,SILVERSUMMIT HEALTHPLAN,mco_medicaid,PRIMARY,405.03,224.87,0.56,1073015541,1,23
2383,1,23,12956,5097,99213,sick_visit,HC,25,,,,,1,150,75.16,18-08-2025,18-08-2025,03-09-2025,03-09-2025,"{""icd_10"": {""1"": ""R09.81"", ""2"": ""R05.1"", ""3"": ""J02.9""}, ""procedures"": {""1"": ""1"", ""2"": ""2"", ""3"": ""3""}, ""actual_procedures"": {""1"": ""R09.81"", ""2"": ""R05.1"", ""3"": ""J02.9""}}","1: R09.81 | 2: R05.1
3: J02.9",CO,45,45,,,,,45,,,,SILVERSUMMIT HEALTHPLAN,mco_medicaid,PRIMARY,240,96.88,0.4,1861707069,17,204
2383,2,103,12956,5097,87811,poc,HC,QW,,,,,1,90,21.72,18-08-2025,18-08-2025,03-09-2025,03-09-2025,"{""icd_10"": {""1"": ""R09.81"", ""2"": ""R05.1"", ""3"": ""J02.9""}, ""procedures"": {""1"": ""1"", ""2"": ""2"", ""3"": ""3""}, ""actual_procedures"": {""1"": ""R09.81"", ""2"": ""R05.1"", ""3"": ""J02.9""}}","1: R09.81 | 2: R05.1
3: J02.9",CO,45,45,,,,,45,,,,SILVERSUMMIT HEALTHPLAN,mco_medicaid,PRIMARY,240,96.88,0.4,1861707069,17,204
2384,1,24,36686,51792,99382,well_visit,HC,EP,25,,,,1,240,0,18-08-2025,18-08-2025,03-09-2025,03-09-2025,"{""icd_10"": {""1"": ""Z00.129"", ""2"": ""Z13.41"", ""3"": ""Z23""}, ""procedures"": {""1"": ""1""}, ""actual_procedures"": {""1"": ""Z00.129""}}",1: Z00.129,CO,22,22,,N4,N4,,22,,N4,,SILVERSUMMIT HEALTHPLAN,mco_medicaid,PRIMARY,279.81,0,0,1861707069,2,35
2384,2,105,36686,51792,96110,procedure,HC,,,,,,1,14.8,0,18-08-2025,18-08-2025,03-09-2025,03-09-2025,"{""icd_10"": {""1"": ""Z00.129"", ""2"": ""Z13.41"", ""3"": ""Z23""}, ""procedures"": {""1"": ""2""}, ""actual_procedures"": {""1"": ""Z13.41""}}",1: Z13.41,CO,22,22,,N4,N4,,22,,N4,,SILVERSUMMIT HEALTHPLAN,mco_medicaid,PRIMARY,279.81,0,0,1861707069,2,35
2384,3,106,36686,51792,90633,vaccine,HC,,,,,,1,0.01,0,18-08-2025,18-08-2025,03-09-2025,03-09-2025,"{""icd_10"": {""1"": ""Z00.129"", ""2"": ""Z13.41"", ""3"": ""Z23""}, ""procedures"": {""1"": ""3""}, ""actual_procedures"": {""1"": ""Z23""}}",1: Z23,CO,22,22,,N4,N4,,22,,N4,,SILVERSUMMIT HEALTHPLAN,mco_medicaid,PRIMARY,279.81,0,0,1861707069,2,35
2384,4,107,36686,51792,90460,vaccine_administration,HC,,,,,,1,25,0,18-08-2025,18-08-2025,03-09-2025,03-09-2025,"{""icd_10"": {""1"": ""Z00.129"", ""2"": ""Z13.41"", ""3"": ""Z23""}, ""procedures"": {""1"": ""3""}, ""actual_procedures"": {""1"": ""Z23""}}",1: Z23,CO,22,22,,N4,N4,,22,,N4,,SILVERSUMMIT HEALTHPLAN,mco_medicaid,PRIMARY,279.81,0,0,1861707069,2,35
2389,1,1,1629987,16735,99213,sick_visit,HC,25,,,,,1,150,75.16,20-08-2025,20-08-2025,09-09-2025,04-09-2025,"{""icd_10"": {""1"": ""Z00.129"", ""2"": ""Z71.3"", ""3"": ""Z23"", ""4"": ""L20.89"", ""5"": ""R63.39"", ""6"": ""Z13.41""}, ""procedures"": {""1"": ""4"", ""2"": ""5""}, ""actual_procedures"": {""1"": ""L20.89"", ""2"": ""R63.39""}}",1: L20.89 | 2: R63.39,CO,45,45,,,,,45,,,,"MOLINA HEALTHCARE OF NEVADA, INC.",mco_medicaid,PRIMARY,415.01,217.59,0.52,1861707069,1,18
2389,2,2,1629987,16735,99392,well_visit,HC,EP,25,,,,1,220,109.63,20-08-2025,20-08-2025,09-09-2025,04-09-2025,"{""icd_10"": {""1"": ""Z00.129"", ""2"": ""Z71.3"", ""3"": ""Z23"", ""4"": ""L20.89"", ""5"": ""R63.39"", ""6"": ""Z13.41""}, ""procedures"": {""1"": ""1""}, ""actual_procedures"": {""1"": ""Z00.129""}}",1: Z00.129,CO,45,45,,,,,45,,,,"MOLINA HEALTHCARE OF NEVADA, INC.",mco_medicaid,PRIMARY,415.01,217.59,0.52,1861707069,1,18
2389,3,3,1629987,16735,85018,poc,HC,QW,,,,,1,5,1.7,20-08-2025,20-08-2025,09-09-2025,04-09-2025,"{""icd_10"": {""1"": ""Z00.129"", ""2"": ""Z71.3"", ""3"": ""Z23"", ""4"": ""L20.89"", ""5"": ""R63.39"", ""6"": ""Z13.41""}, ""procedures"": {""1"": ""5""}, ""actual_procedures"": {""1"": ""R63.39""}}",1: R63.39,CO,45,45,,,,,45,,,,"MOLINA HEALTHCARE OF NEVADA, INC.",mco_medicaid,PRIMARY,415.01,217.59,0.52,1861707069,1,18
2389,4,4,1629987,16735,90460,vaccine_administration,HC,,,,,,1,25,23.33,20-08-2025,20-08-2025,09-09-2025,04-09-2025,"{""icd_10"": {""1"": ""Z00.129"", ""2"": ""Z71.3"", ""3"": ""Z23"", ""4"": ""L20.89"", ""5"": ""R63.39"", ""6"": ""Z13.41""}, ""procedures"": {""1"": ""3""}, ""actual_procedures"": {""1"": ""Z23""}}",1: Z23,CO,45,45,,,,,45,,,,"MOLINA HEALTHCARE OF NEVADA, INC.",mco_medicaid,PRIMARY,415.01,217.59,0.52,1861707069,1,18
2389,5,5,1629987,16735,90633,vaccine,HC,,,,,,1,0.01,0,20-08-2025,20-08-2025,09-09-2025,04-09-2025,"{""icd_10"": {""1"": ""Z00.129"", ""2"": ""Z71.3"", ""3"": ""Z23"", ""4"": ""L20.89"", ""5"": ""R63.39"", ""6"": ""Z13.41""}, ""procedures"": {""1"": ""3""}, ""actual_procedures"": {""1"": ""Z23""}}",1: Z23,CO,246,246,,,,,246,,,,"MOLINA HEALTHCARE OF NEVADA, INC.",mco_medicaid,PRIMARY,415.01,217.59,0.52,1861707069,1,18
2389,6,6,1629987,16735,96110,procedure,HC,59,,,,,1,15,7.77,20-08-2025,20-08-2025,09-09-2025,04-09-2025,"{""icd_10"": {""1"": ""Z00.129"", ""2"": ""Z71.3"", ""3"": ""Z23"", ""4"": ""L20.89"", ""5"": ""R63.39"", ""6"": ""Z13.41""}, ""procedures"": {""1"": ""6""}, ""actual_procedures"": {""1"": ""Z13.41""}}",1: Z13.41,CO,45,45,,,,,45,,,,"MOLINA HEALTHCARE OF NEVADA, INC.",mco_medicaid,PRIMARY,415.01,217.59,0.52,1861707069,1,18
2390,1,7,29778,44884,99213,sick_visit,HC,25,,,,,1,150,75.16,08-08-2025,08-08-2025,09-09-2025,04-09-2025,"{""icd_10"": {""1"": ""Z00.129"", ""2"": ""Z23"", ""3"": ""S01.511A"", ""4"": ""L22"", ""5"": ""R16.1""}, ""procedures"": {""1"": ""3"", ""2"": ""4"", ""3"": ""5""}, ""actual_procedures"": {""1"": ""S01.511A"", ""2"": ""L22"", ""3"": ""R16.1""}}","1: S01.511A | 2: L22
3: R16.1",CO,45,45,,,,,45,,,,"MOLINA HEALTHCARE OF NEVADA, INC.",mco_medicaid,PRIMARY,495.12,277.9,0.56,1073015541,1,12
2390,2,8,29778,44884,99392,well_visit,HC,EP,25,,,,1,220,109.63,08-08-2025,08-08-2025,09-09-2025,04-09-2025,"{""icd_10"": {""1"": ""Z00.129"", ""2"": ""Z23"", ""3"": ""S01.511A"", ""4"": ""L22"", ""5"": ""R16.1""}, ""procedures"": {""1"": ""1""}, ""actual_procedures"": {""1"": ""Z00.129""}}",1: Z00.129,CO,45,45,,,,,45,,,,"MOLINA HEALTHCARE OF NEVADA, INC.",mco_medicaid,PRIMARY,495.12,277.9,0.56,1073015541,1,12
2390,3,9,29778,44884,90460,vaccine_administration,HC,,,,,,3,75,69.99,08-08-2025,08-08-2025,09-09-2025,04-09-2025,"{""icd_10"": {""1"": ""Z00.129"", ""2"": ""Z23"", ""3"": ""S01.511A"", ""4"": ""L22"", ""5"": ""R16.1""}, ""procedures"": {""1"": ""2""}, ""actual_procedures"": {""1"": ""Z23""}}",1: Z23,CO,45,45,,,,,45,,,,"MOLINA HEALTHCARE OF NEVADA, INC.",mco_medicaid,PRIMARY,495.12,277.9,0.56,1073015541,1,12
2390,4,10,29778,44884,90633,vaccine,HC,,,,,,1,0.1,0,08-08-2025,08-08-2025,09-09-2025,04-09-2025,"{""icd_10"": {""1"": ""Z00.129"", ""2"": ""Z23"", ""3"": ""S01.511A"", ""4"": ""L22"", ""5"": ""R16.1""}, ""procedures"": {""1"": ""2""}, ""actual_procedures"": {""1"": ""Z23""}}",1: Z23,CO,246,246,,,,,246,,,,"MOLINA HEALTHCARE OF NEVADA, INC.",mco_medicaid,PRIMARY,495.12,277.9,0.56,1073015541,1,12
2390,5,11,29778,44884,90707,vaccine,HC,,,,,,1,0.01,0,08-08-2025,08-08-2025,09-09-2025,04-09-2025,"{""icd_10"": {""1"": ""Z00.129"", ""2"": ""Z23"", ""3"": ""S01.511A"", ""4"": ""L22"", ""5"": ""R16.1""}, ""procedures"": {""1"": ""2""}, ""actual_procedures"": {""1"": ""Z23""}}",1: Z23,CO,246,246,,,,,246,,,,"MOLINA HEALTHCARE OF NEVADA, INC.",mco_medicaid,PRIMARY,495.12,277.9,0.56,1073015541,1,12
2390,6,12,29778,44884,90716,vaccine,HC,,,,,,1,0.01,0,08-08-2025,08-08-2025,09-09-2025,04-09-2025,"{""icd_10"": {""1"": ""Z00.129"", ""2"": ""Z23"", ""3"": ""S01.511A"", ""4"": ""L22"", ""5"": ""R16.1""}, ""procedures"": {""1"": ""2""}, ""actual_procedures"": {""1"": ""Z23""}}",1: Z23,CO,246,246,,,,,246,,,,"MOLINA HEALTHCARE OF NEVADA, INC.",mco_medicaid,PRIMARY,495.12,277.9,0.56,1073015541,1,12
2390,7,13,29778,44884,90472,vaccine_administration,HC,,,,,,2,50,23.12,08-08-2025,08-08-2025,09-09-2025,04-09-2025,"{""icd_10"": {""1"": ""Z00.129"", ""2"": ""Z23"", ""3"": ""S01.511A"", ""4"": ""L22"", ""5"": ""R16.1""}, ""procedures"": {""1"": ""2""}, ""actual_procedures"": {""1"": ""Z23""}}",1: Z23,CO,45,45,,,,,45,,,,"MOLINA HEALTHCARE OF NEVADA, INC.",mco_medicaid,PRIMARY,495.12,277.9,0.56,1073015541,1,12
2391,1,1,32269,47375,99213,sick_visit,HC,U6,25,,,,1,150,3.57,03-07-2025,03-07-2025,30-07-2025,28-07-2025,"{""icd_10"": {""1"": ""Z00.129"", ""2"": ""Z68.53"", ""3"": ""Z71.3"", ""4"": ""Z71.82"", ""5"": ""Z29.3"", ""6"": ""Z13.31"", ""7"": ""M62.838"", ""8"": ""Z30.09""}, ""procedures"": {""1"": ""7""}, ""actual_procedures"": {""1"": ""M62.838""}}",1: M62.838,"CO,PR","45,3",45,3,,,,45,3,,,"RMHMS, INC. NV",private,PRIMARY,570.16,149.36,0.26,1073015541,17,213
2391,2,2,32269,47375,99384,well_visit,HC,EP,25,,,,1,285,129.73,03-07-2025,03-07-2025,30-07-2025,28-07-2025,"{""icd_10"": {""1"": ""Z00.129"", ""2"": ""Z68.53"", ""3"": ""Z71.3"", ""4"": ""Z71.82"", ""5"": ""Z29.3"", ""6"": ""Z13.31"", ""7"": ""M62.838"", ""8"": ""Z30.09""}, ""procedures"": {""1"": ""1"", ""2"": ""2"", ""3"": ""3"", ""4"": ""4""}, ""actual_procedures"": {""1"": ""Z00.129"", ""2"": ""Z68.53"", ""3"": ""Z71.3"", ""4"": ""Z71.82""}}","1: Z00.129 | 2: Z68.53
3: Z71.3 | 4: Z71.82",CO,45,45,,,,,45,,,,"RMHMS, INC. NV",private,PRIMARY,570.16,149.36,0.26,1073015541,17,213
2391,3,3,32269,47375,99188,procedure,HC,,,,,,1,40,11.47,03-07-2025,03-07-2025,30-07-2025,28-07-2025,"{""icd_10"": {""1"": ""Z00.129"", ""2"": ""Z68.53"", ""3"": ""Z71.3"", ""4"": ""Z71.82"", ""5"": ""Z29.3"", ""6"": ""Z13.31"", ""7"": ""M62.838"", ""8"": ""Z30.09""}, ""procedures"": {""1"": ""5""}, ""actual_procedures"": {""1"": ""Z29.3""}}",1: Z29.3,CO,45,45,,,,,45,,,,"RMHMS, INC. NV",private,PRIMARY,570.16,149.36,0.26,1073015541,17,213
2391,4,4,32269,47375,96127,procedure,HC,59,,,,,1,25,4.59,03-07-2025,03-07-2025,30-07-2025,28-07-2025,"{""icd_10"": {""1"": ""Z00.129"", ""2"": ""Z68.53"", ""3"": ""Z71.3"", ""4"": ""Z71.82"", ""5"": ""Z29.3"", ""6"": ""Z13.31"", ""7"": ""M62.838"", ""8"": ""Z30.09""}, ""procedures"": {""1"": ""6"", ""2"": ""2"", ""3"": ""3"", ""4"": ""4""}, ""actual_procedures"": {""1"": ""Z13.31"", ""2"": ""Z68.53"", ""3"": ""Z71.3"", ""4"": ""Z71.82""}}","1: Z13.31 | 2: Z68.53
3: Z71.3 | 4: Z71.82",CO,45,45,,,,,45,,,,"RMHMS, INC. NV",private,PRIMARY,570.16,149.36,0.26,1073015541,17,213
2391,5,5,32269,47375,99401,Counseling - Preventive Counseling,HC,FP,25,,,,1,70.16,0,03-07-2025,03-07-2025,30-07-2025,28-07-2025,"{""icd_10"": {""1"": ""Z00.129"", ""2"": ""Z68.53"", ""3"": ""Z71.3"", ""4"": ""Z71.82"", ""5"": ""Z29.3"", ""6"": ""Z13.31"", ""7"": ""M62.838"", ""8"": ""Z30.09""}, ""procedures"": {""1"": ""8"", ""2"": ""2"", ""3"": ""3"", ""4"": ""4""}, ""actual_procedures"": {""1"": ""Z30.09"", ""2"": ""Z68.53"", ""3"": ""Z71.3"", ""4"": ""Z71.82""}}","1: Z30.09 | 2: Z68.53
3: Z71.3 | 4: Z71.82",CO,97,97,,N19,N19,,97,,N19,,"RMHMS, INC. NV",private,PRIMARY,570.16,149.36,0.26,1073015541,17,213
2392,1,6,102310,11,99213,sick_visit,HC,,,,,,1,150,0,09-07-2025,09-07-2025,30-07-2025,28-07-2025,"{""icd_10"": {""1"": ""R82.90"", ""2"": ""Z71.2""}, ""procedures"": {""1"": ""1"", ""2"": ""2""}, ""actual_procedures"": {""1"": ""R82.90"", ""2"": ""Z71.2""}}",1: R82.90 | 2: Z71.2,"CO,PR","45,1",45,1,,,,45,1,,,"RMHMS, INC. NV",private,PRIMARY,150,0,0,1861707069,7,92
2447,1,1,31966,47072,99213,sick_visit,HC,U6,25,,,,0,150,0,30-05-2025,30-05-2025,17-06-2025,14-06-2025,"{""icd_10"": {""1"": ""Z00.129"", ""2"": ""Z71.3"", ""3"": ""Z71.82"", ""4"": ""R73.9"", ""5"": ""Z68.52"", ""6"": ""Z29.3""}, ""procedures"": {""1"": ""4""}, ""actual_procedures"": {""1"": ""R73.9""}}",1: R73.9,CO,22,22,,MA04,MA04,,22,,MA04,,ANTHEM BCBS HEALTHCARE SOLUTIONS,mco_medicaid,PRIMARY,430,118.84,0.28,1699037499,4,59
2447,2,2,31966,47072,99382,well_visit,HC,EP,25,,,,1,240,118.84,30-05-2025,30-05-2025,17-06-2025,14-06-2025,"{""icd_10"": {""1"": ""Z00.129"", ""2"": ""Z71.3"", ""3"": ""Z71.82"", ""4"": ""R73.9"", ""5"": ""Z68.52"", ""6"": ""Z29.3""}, ""procedures"": {""1"": ""1"", ""2"": ""2"", ""3"": ""3"", ""4"": ""5""}, ""actual_procedures"": {""1"": ""Z00.129"", ""2"": ""Z71.3"", ""3"": ""Z71.82"", ""4"": ""Z68.52""}}","1: Z00.129 | 2: Z71.3
3: Z71.82 | 4: Z68.52",CO,45,45,,N381,N381,,45,,N381,,ANTHEM BCBS HEALTHCARE SOLUTIONS,mco_medicaid,PRIMARY,430,118.84,0.28,1699037499,4,59
2447,3,3,31966,47072,99188,procedure,HC,,,,,,0,40,0,30-05-2025,30-05-2025,17-06-2025,14-06-2025,"{""icd_10"": {""1"": ""Z00.129"", ""2"": ""Z71.3"", ""3"": ""Z71.82"", ""4"": ""R73.9"", ""5"": ""Z68.52"", ""6"": ""Z29.3""}, ""procedures"": {""1"": ""6""}, ""actual_procedures"": {""1"": ""Z29.3""}}",1: Z29.3,CO,22,22,,MA04,MA04,,22,,MA04,,ANTHEM BCBS HEALTHCARE SOLUTIONS,mco_medicaid,PRIMARY,430,118.84,0.28,1699037499,4,59
2448,1,4,2143,17249,99213,sick_visit,HC,U6,25,,,,1,150,75.16,23-04-2025,23-04-2025,17-06-2025,14-06-2025,"{""icd_10"": {""1"": ""Z00.129"", ""2"": ""Z71.82"", ""3"": ""Z68.54"", ""4"": ""Z71.3"", ""5"": ""F90.2""}, ""procedures"": {""1"": ""5""}, ""actual_procedures"": {""1"": ""F90.2""}}",1: F90.2,CO,45,45,,N381,N381,,45,,N381,,ANTHEM BCBS HEALTHCARE SOLUTIONS,mco_medicaid,PRIMARY,426.88,209.02,0.49,1699037499,8,104
2448,2,5,2143,17249,99393,well_visit,HC,EP,25,,,,1,230,109.25,23-04-2025,23-04-2025,17-06-2025,14-06-2025,"{""icd_10"": {""1"": ""Z00.129"", ""2"": ""Z71.82"", ""3"": ""Z68.54"", ""4"": ""Z71.3"", ""5"": ""F90.2""}, ""procedures"": {""1"": ""1"", ""2"": ""2"", ""3"": ""3"", ""4"": ""4""}, ""actual_procedures"": {""1"": ""Z00.129"", ""2"": ""Z71.82"", ""3"": ""Z68.54"", ""4"": ""Z71.3""}}","1: Z00.129 | 2: Z71.82
3: Z68.54 | 4: Z71.3",CO,45,45,,N381,N381,,45,,N381,,ANTHEM BCBS HEALTHCARE SOLUTIONS,mco_medicaid,PRIMARY,426.88,209.02,0.49,1699037499,8,104
2448,3,6,2143,17249,G0447,Counseling - Preventive Counseling,HC,59,,,,,1,46.88,24.61,23-04-2025,23-04-2025,17-06-2025,14-06-2025,"{""icd_10"": {""1"": ""Z00.129"", ""2"": ""Z71.82"", ""3"": ""Z68.54"", ""4"": ""Z71.3"", ""5"": ""F90.2""}, ""procedures"": {""1"": ""3""}, ""actual_procedures"": {""1"": ""Z68.54""}}",1: Z68.54,CO,45,45,,N381,N381,,45,,N381,,ANTHEM BCBS HEALTHCARE SOLUTIONS,mco_medicaid,PRIMARY,426.88,209.02,0.49,1699037499,8,104
2449,1,1,35720,50826,99213,sick_visit,HC,,,,,,1,150,77.25,15-05-2025,15-05-2025,09-06-2025,05-06-2025,"{""icd_10"": {""1"": ""F07.89""}, ""procedures"": {""1"": ""1""}, ""actual_procedures"": {""1"": ""F07.89""}}",1: F07.89,"CO,PR","45,3",45,3,,,,45,3,,,BCBS FEP,private,PRIMARY,150,77.25,0.52,1699037499,5,68
2450,1,1,1885,16991,99213,sick_visit,HC,25,,,,,1,150,52.14,18-04-2025,18-04-2025,16-05-2025,15-05-2025,"{""icd_10"": {""1"": ""J30.2"", ""2"": ""Z23""}, ""procedures"": {""1"": ""1""}, ""actual_procedures"": {""1"": ""J30.2""}}",1: J30.2,"CO,PR","45,3",45,3,,,,45,3,,,BCBS FEP,private,PRIMARY,450,336.55,0.75,1861707069,17,214
2450,2,2,1885,16991,90460,vaccine_administration,HC,,,,,,1,25,16.06,18-04-2025,18-04-2025,16-05-2025,15-05-2025,"{""icd_10"": {""1"": ""J30.2"", ""2"": ""Z23""}, ""procedures"": {""1"": ""2""}, ""actual_procedures"": {""1"": ""Z23""}}",1: Z23,CO,45,45,,,,,45,,,,BCBS FEP,private,PRIMARY,450,336.55,0.75,1861707069,17,214
2450,3,3,1885,16991,90620,vaccine,HC,,,,,,1,275,268.35,18-04-2025,18-04-2025,16-05-2025,15-05-2025,"{""icd_10"": {""1"": ""J30.2"", ""2"": ""Z23""}, ""procedures"": {""1"": ""2""}, ""actual_procedures"": {""1"": ""Z23""}}",1: Z23,CO,45,45,,,,,45,,,,BCBS FEP,private,PRIMARY,450,336.55,0.75,1861707069,17,214
2451,1,4,1884,16990,99213,sick_visit,HC,25,,,,,1,150,52.14,18-04-2025,18-04-2025,16-05-2025,15-05-2025,"{""icd_10"": {""1"": ""J30.2"", ""2"": ""Z23""}, ""procedures"": {""1"": ""1""}, ""actual_procedures"": {""1"": ""J30.2""}}",1: J30.2,"CO,PR","45,3",45,3,,,,45,3,,,BCBS FEP,private,PRIMARY,475,368.2,0.78,1861707069,15,190
2451,2,5,1884,16990,90460,vaccine_administration,HC,,,,,,1,25,16.06,18-04-2025,18-04-2025,16-05-2025,15-05-2025,"{""icd_10"": {""1"": ""J30.2"", ""2"": ""Z23""}, ""procedures"": {""1"": ""2""}, ""actual_procedures"": {""1"": ""Z23""}}",1: Z23,CO,45,45,,,,,45,,,,BCBS FEP,private,PRIMARY,475,368.2,0.78,1861707069,15,190
2451,3,6,1884,16990,90651,vaccine,HC,,,,,,1,300,300,18-04-2025,18-04-2025,16-05-2025,15-05-2025,"{""icd_10"": {""1"": ""J30.2"", ""2"": ""Z23""}, ""procedures"": {""1"": ""2""}, ""actual_procedures"": {""1"": ""Z23""}}",1: Z23,,,,,,,,,,,,BCBS FEP,private,PRIMARY,475,368.2,0.78,1861707069,15,190
2452,1,1,26574,41680,99213,sick_visit,HC,25,,,,,1,150,23.62,25-04-2025,25-04-2025,13-05-2025,12-05-2025,"{""icd_10"": {""1"": ""Z00.129"", ""2"": ""Z68.53"", ""3"": ""Z71.3"", ""4"": ""Z71.82"", ""5"": ""F32.A"", ""6"": ""F43.22"", ""7"": ""Z23""}, ""procedures"": {""1"": ""5"", ""2"": ""6""}, ""actual_procedures"": {""1"": ""F32.A"", ""2"": ""F43.22""}}",1: F32.A | 2: F43.22,"CO,PR","45,3",45,3,,,,45,3,,,BCBS FEP,private,PRIMARY,735,483.69,0.66,1699037499,11,140
2452,2,2,26574,41680,99383,well_visit,HC,25,,,,,1,260,140.31,25-04-2025,25-04-2025,13-05-2025,12-05-2025,"{""icd_10"": {""1"": ""Z00.129"", ""2"": ""Z68.53"", ""3"": ""Z71.3"", ""4"": ""Z71.82"", ""5"": ""F32.A"", ""6"": ""F43.22"", ""7"": ""Z23""}, ""procedures"": {""1"": ""1"", ""2"": ""2"", ""3"": ""3"", ""4"": ""4""}, ""actual_procedures"": {""1"": ""Z00.129"", ""2"": ""Z68.53"", ""3"": ""Z71.3"", ""4"": ""Z71.82""}}","1: Z00.129 | 2: Z68.53
3: Z71.3 | 4: Z71.82",CO,45,45,,,,,45,,,,BCBS FEP,private,PRIMARY,735,483.69,0.66,1699037499,11,140
2452,3,3,26574,41680,90651,vaccine,HC,,,,,,1,300,300,25-04-2025,25-04-2025,13-05-2025,12-05-2025,"{""icd_10"": {""1"": ""Z00.129"", ""2"": ""Z68.53"", ""3"": ""Z71.3"", ""4"": ""Z71.82"", ""5"": ""F32.A"", ""6"": ""F43.22"", ""7"": ""Z23""}, ""procedures"": {""1"": ""7""}, ""actual_procedures"": {""1"": ""Z23""}}",1: Z23,,,,,,,,,,,,BCBS FEP,private,PRIMARY,735,483.69,0.66,1699037499,11,140
2452,4,4,26574,41680,90460,vaccine_administration,HC,,,,,,1,25,19.76,25-04-2025,25-04-2025,13-05-2025,12-05-2025,"{""icd_10"": {""1"": ""Z00.129"", ""2"": ""Z68.53"", ""3"": ""Z71.3"", ""4"": ""Z71.82"", ""5"": ""F32.A"", ""6"": ""F43.22"", ""7"": ""Z23""}, ""procedures"": {""1"": ""7""}, ""actual_procedures"": {""1"": ""Z23""}}",1: Z23,CO,45,45,,,,,45,,,,BCBS FEP,private,PRIMARY,735,483.69,0.66,1699037499,11,140
2453,1,5,35720,50826,99393,well_visit,HC,,,,,,1,230,123.78,18-04-2025,18-04-2025,13-05-2025,12-05-2025,"{""icd_10"": {""1"": ""Z00.129"", ""2"": ""Z71.3"", ""3"": ""Z71.82"", ""4"": ""Z68.52""}, ""procedures"": {""1"": ""1"", ""2"": ""2"", ""3"": ""3"", ""4"": ""4""}, ""actual_procedures"": {""1"": ""Z00.129"", ""2"": ""Z71.3"", ""3"": ""Z71.82"", ""4"": ""Z68.52""}}","1: Z00.129 | 2: Z71.3
3: Z71.82 | 4: Z68.52",CO,45,45,,,,,45,,,,BCBS FEP,private,PRIMARY,230,123.78,0.54,1699037499,5,67
3372,1,1,19930221,17099,99391,well_visit,HC,EP,25,,,,1,200,92.43,21-04-2025,21-04-2025,30-05-2025,29-05-2025,"{""icd_10"": {""1"": ""Z00.129"", ""2"": ""R14.3"", ""3"": ""R68.12"", ""4"": ""Z23""}, ""procedures"": {""1"": ""1"", ""2"": ""2"", ""3"": ""3"", ""4"": ""4""}, ""actual_procedures"": {""1"": ""Z00.129"", ""2"": ""R14.3"", ""3"": ""R68.12"", ""4"": ""Z23""}}","1: Z00.129 | 2: R14.3
3: R68.12 | 4: Z23",CO,45,45,,N381,N381,,45,,N381,,ANTHEM BCBS HEALTHCARE SOLUTIONS,mco_medicaid,PRIMARY,500.03,254.28,0.51,1861707069,0,2
3372,2,2,19930221,17099,90671,vaccine,HC,,,,,,1,0.01,0.01,21-04-2025,21-04-2025,30-05-2025,29-05-2025,"{""icd_10"": {""1"": ""Z00.129"", ""2"": ""R14.3"", ""3"": ""R68.12"", ""4"": ""Z23""}, ""procedures"": {""1"": ""4""}, ""actual_procedures"": {""1"": ""Z23""}}",1: Z23,,,,,,,,,,,,ANTHEM BCBS HEALTHCARE SOLUTIONS,mco_medicaid,PRIMARY,500.03,254.28,0.51,1861707069,0,2
3372,3,3,19930221,17099,90698,vaccine_administration,HC,,,,,,0,0.01,0,21-04-2025,21-04-2025,30-05-2025,29-05-2025,"{""icd_10"": {""1"": ""Z00.129"", ""2"": ""R14.3"", ""3"": ""R68.12"", ""4"": ""Z23""}, ""procedures"": {""1"": ""3""}, ""actual_procedures"": {""1"": ""R68.12""}}",1: R68.12,CO,45,45,,N381,N381,,45,,N381,,ANTHEM BCBS HEALTHCARE SOLUTIONS,mco_medicaid,PRIMARY,500.03,254.28,0.51,1861707069,0,2
3372,4,4,19930221,17099,90680,vaccine,HC,,,,,,0,0.01,0,21-04-2025,21-04-2025,30-05-2025,29-05-2025,"{""icd_10"": {""1"": ""Z00.129"", ""2"": ""R14.3"", ""3"": ""R68.12"", ""4"": ""Z23""}, ""procedures"": {""1"": ""4""}, ""actual_procedures"": {""1"": ""Z23""}}",1: Z23,CO,45,45,,N381,N381,,45,,N381,,ANTHEM BCBS HEALTHCARE SOLUTIONS,mco_medicaid,PRIMARY,500.03,254.28,0.51,1861707069,0,2
3372,5,5,19930221,17099,90460,vaccine_administration,HC,,,,,,3,75,62.99,21-04-2025,21-04-2025,30-05-2025,29-05-2025,"{""icd_10"": {""1"": ""Z00.129"", ""2"": ""R14.3"", ""3"": ""R68.12"", ""4"": ""Z23""}, ""procedures"": {""1"": ""4""}, ""actual_procedures"": {""1"": ""Z23""}}",1: Z23,CO,45,45,,N381,N381,,45,,N381,,ANTHEM BCBS HEALTHCARE SOLUTIONS,mco_medicaid,PRIMARY,500.03,254.28,0.51,1861707069,0,2
3372,6,6,19930221,17099,90472,vaccine_administration,HC,,,,,,3,75,31.21,21-04-2025,21-04-2025,30-05-2025,29-05-2025,"{""icd_10"": {""1"": ""Z00.129"", ""2"": ""R14.3"", ""3"": ""R68.12"", ""4"": ""Z23""}, ""procedures"": {""1"": ""4""}, ""actual_procedures"": {""1"": ""Z23""}}",1: Z23,CO,45,45,,N381,N381,,45,,N381,,ANTHEM BCBS HEALTHCARE SOLUTIONS,mco_medicaid,PRIMARY,500.03,254.28,0.51,1861707069,0,2
3372,7,7,19930221,17099,99213,sick_visit,HC,U6,25,,,,1,150,67.64,21-04-2025,21-04-2025,30-05-2025,29-05-2025,"{""icd_10"": {""1"": ""Z00.129"", ""2"": ""R14.3"", ""3"": ""R68.12"", ""4"": ""Z23""}, ""procedures"": {""1"": ""2"", ""2"": ""3""}, ""actual_procedures"": {""1"": ""R14.3"", ""2"": ""R68.12""}}",1: R14.3 | 2: R68.12,CO,45,45,,N381,N381,,45,,N381,,ANTHEM BCBS HEALTHCARE SOLUTIONS,mco_medicaid,PRIMARY,500.03,254.28,0.51,1861707069,0,2
3373,1,8,1519,16625,99213,sick_visit,HC,U6,25,,,,1,150,67.64,21-04-2025,21-04-2025,30-05-2025,29-05-2025,"{""icd_10"": {""1"": ""Z00.129"", ""2"": ""Z71.3"", ""3"": ""J30.2"", ""4"": ""L20.89"", ""5"": ""Z23"", ""6"": ""Z13.41""}, ""procedures"": {""1"": ""3""}, ""actual_procedures"": {""1"": ""J30.2""}}",1: J30.2,CO,45,45,,N381,N381,,45,,N381,,ANTHEM BCBS HEALTHCARE SOLUTIONS,mco_medicaid,PRIMARY,524.62,253.5,0.48,1861707069,1,18
3373,2,9,1519,16625,99392,well_visit,HC,EP,25,,,,1,220,98.67,21-04-2025,21-04-2025,30-05-2025,29-05-2025,"{""icd_10"": {""1"": ""Z00.129"", ""2"": ""Z71.3"", ""3"": ""J30.2"", ""4"": ""L20.89"", ""5"": ""Z23"", ""6"": ""Z13.41""}, ""procedures"": {""1"": ""1"", ""2"": ""2""}, ""actual_procedures"": {""1"": ""Z00.129"", ""2"": ""Z71.3""}}",1: Z00.129 | 2: Z71.3,CO,45,45,,N381,N381,,45,,N381,,ANTHEM BCBS HEALTHCARE SOLUTIONS,mco_medicaid,PRIMARY,524.62,253.5,0.48,1861707069,1,18
3373,3,10,1519,16625,90700,vaccine,HC,,,,,,0,0.01,0,21-04-2025,21-04-2025,30-05-2025,29-05-2025,"{""icd_10"": {""1"": ""Z00.129"", ""2"": ""Z71.3"", ""3"": ""J30.2"", ""4"": ""L20.89"", ""5"": ""Z23"", ""6"": ""Z13.41""}, ""procedures"": {""1"": ""5""}, ""actual_procedures"": {""1"": ""Z23""}}",1: Z23,CO,45,45,,N381,N381,,45,,N381,,ANTHEM BCBS HEALTHCARE SOLUTIONS,mco_medicaid,PRIMARY,524.62,253.5,0.48,1861707069,1,18
3373,4,11,1519,16625,90633,vaccine,HC,,,,,,0,0.01,0,21-04-2025,21-04-2025,30-05-2025,29-05-2025,"{""icd_10"": {""1"": ""Z00.129"", ""2"": ""Z71.3"", ""3"": ""J30.2"", ""4"": ""L20.89"", ""5"": ""Z23"", ""6"": ""Z13.41""}, ""procedures"": {""1"": ""5""}, ""actual_procedures"": {""1"": ""Z23""}}",1: Z23,CO,45,45,,N381,N381,,45,,N381,,ANTHEM BCBS HEALTHCARE SOLUTIONS,mco_medicaid,PRIMARY,524.62,253.5,0.48,1861707069,1,18
3373,5,12,1519,16625,90460,vaccine_administration,HC,,,,,,2,50,41.99,21-04-2025,21-04-2025,30-05-2025,29-05-2025,"{""icd_10"": {""1"": ""Z00.129"", ""2"": ""Z71.3"", ""3"": ""J30.2"", ""4"": ""L20.89"", ""5"": ""Z23"", ""6"": ""Z13.41""}, ""procedures"": {""1"": ""5""}, ""actual_procedures"": {""1"": ""Z23""}}",1: Z23,CO,45,45,,N381,N381,,45,,N381,,ANTHEM BCBS HEALTHCARE SOLUTIONS,mco_medicaid,PRIMARY,524.62,253.5,0.48,1861707069,1,18
3373,6,13,1519,16625,90472,vaccine_administration,HC,,,,,,3,75,31.21,21-04-2025,21-04-2025,30-05-2025,29-05-2025,"{""icd_10"": {""1"": ""Z00.129"", ""2"": ""Z71.3"", ""3"": ""J30.2"", ""4"": ""L20.89"", ""5"": ""Z23"", ""6"": ""Z13.41""}, ""procedures"": {""1"": ""5""}, ""actual_procedures"": {""1"": ""Z23""}}",1: Z23,CO,45,45,,N381,N381,,45,,N381,,ANTHEM BCBS HEALTHCARE SOLUTIONS,mco_medicaid,PRIMARY,524.62,253.5,0.48,1861707069,1,18
3373,7,14,1519,16625,96110,procedure,HC,59,,,,,2,29.6,13.99,21-04-2025,21-04-2025,30-05-2025,29-05-2025,"{""icd_10"": {""1"": ""Z00.129"", ""2"": ""Z71.3"", ""3"": ""J30.2"", ""4"": ""L20.89"", ""5"": ""Z23"", ""6"": ""Z13.41""}, ""procedures"": {""1"": ""6""}, ""actual_procedures"": {""1"": ""Z13.41""}}",1: Z13.41,CO,45,45,,N381,N381,,45,,N381,,ANTHEM BCBS HEALTHCARE SOLUTIONS,mco_medicaid,PRIMARY,524.62,253.5,0.48,1861707069,1,18
3374,1,15,1920,17026,99391,well_visit,HC,EP,25,,,,1,200,92.43,21-04-2025,21-04-2025,30-05-2025,29-05-2025,"{""icd_10"": {""1"": ""Z00.129"", ""2"": ""Z23"", ""3"": ""D18.00""}, ""procedures"": {""1"": ""1""}, ""actual_procedures"": {""1"": ""Z00.129""}}",1: Z00.129,CO,45,45,,N381,N381,,45,,N381,,ANTHEM BCBS HEALTHCARE SOLUTIONS,mco_medicaid,PRIMARY,500.03,254.28,0.51,1861707069,0,5
3374,2,16,1920,17026,90698,vaccine_administration,HC,,,,,,0,0.01,0,21-04-2025,21-04-2025,30-05-2025,29-05-2025,"{""icd_10"": {""1"": ""Z00.129"", ""2"": ""Z23"", ""3"": ""D18.00""}, ""procedures"": {""1"": ""2""}, ""actual_procedures"": {""1"": ""Z23""}}",1: Z23,CO,45,45,,N381,N381,,45,,N381,,ANTHEM BCBS HEALTHCARE SOLUTIONS,mco_medicaid,PRIMARY,500.03,254.28,0.51,1861707069,0,5
3374,3,17,1920,17026,90680,vaccine,HC,,,,,,0,0.01,0,21-04-2025,21-04-2025,30-05-2025,29-05-2025,"{""icd_10"": {""1"": ""Z00.129"", ""2"": ""Z23"", ""3"": ""D18.00""}, ""procedures"": {""1"": ""2""}, ""actual_procedures"": {""1"": ""Z23""}}",1: Z23,CO,45,45,,N381,N381,,45,,N381,,ANTHEM BCBS HEALTHCARE SOLUTIONS,mco_medicaid,PRIMARY,500.03,254.28,0.51,1861707069,0,5
3374,4,18,1920,17026,90671,vaccine,HC,,,,,,1,0.01,0.01,21-04-2025,21-04-2025,30-05-2025,29-05-2025,"{""icd_10"": {""1"": ""Z00.129"", ""2"": ""Z23"", ""3"": ""D18.00""}, ""procedures"": {""1"": ""2""}, ""actual_procedures"": {""1"": ""Z23""}}",1: Z23,,,,,,,,,,,,ANTHEM BCBS HEALTHCARE SOLUTIONS,mco_medicaid,PRIMARY,500.03,254.28,0.51,1861707069,0,5
3374,5,19,1920,17026,90460,vaccine_administration,HC,,,,,,3,75,62.99,21-04-2025,21-04-2025,30-05-2025,29-05-2025,"{""icd_10"": {""1"": ""Z00.129"", ""2"": ""Z23"", ""3"": ""D18.00""}, ""procedures"": {""1"": ""2""}, ""actual_procedures"": {""1"": ""Z23""}}",1: Z23,CO,45,45,,N381,N381,,45,,N381,,ANTHEM BCBS HEALTHCARE SOLUTIONS,mco_medicaid,PRIMARY,500.03,254.28,0.51,1861707069,0,5
3374,6,20,1920,17026,90472,vaccine_administration,HC,,,,,,3,75,31.21,21-04-2025,21-04-2025,30-05-2025,29-05-2025,"{""icd_10"": {""1"": ""Z00.129"", ""2"": ""Z23"", ""3"": ""D18.00""}, ""procedures"": {""1"": ""2""}, ""actual_procedures"": {""1"": ""Z23""}}",1: Z23,CO,45,45,,N381,N381,,45,,N381,,ANTHEM BCBS HEALTHCARE SOLUTIONS,mco_medicaid,PRIMARY,500.03,254.28,0.51,1861707069,0,5
3374,7,21,1920,17026,99213,sick_visit,HC,U6,25,,,,1,150,67.64,21-04-2025,21-04-2025,30-05-2025,29-05-2025,"{""icd_10"": {""1"": ""Z00.129"", ""2"": ""Z23"", ""3"": ""D18.00""}, ""procedures"": {""1"": ""3""}, ""actual_procedures"": {""1"": ""D18.00""}}",1: D18.00,CO,45,45,,N381,N381,,45,,N381,,ANTHEM BCBS HEALTHCARE SOLUTIONS,mco_medicaid,PRIMARY,500.03,254.28,0.51,1861707069,0,5
3375,1,22,35622,50728,99392,well_visit,HC,EP,25,,,,1,220,109.63,15-04-2025,15-04-2025,30-05-2025,29-05-2025,"{""icd_10"": {""1"": ""Z00.129"", ""2"": ""Z71.3"", ""3"": ""Z23"", ""4"": ""R63.39"", ""5"": ""F80.9""}, ""procedures"": {""1"": ""1"", ""2"": ""2""}, ""actual_procedures"": {""1"": ""Z00.129"", ""2"": ""Z71.3""}}",1: Z00.129 | 2: Z71.3,CO,45,45,,N381,N381,,45,,N381,,ANTHEM BCBS HEALTHCARE SOLUTIONS,mco_medicaid,PRIMARY,395.01,207.36,0.52,1699037499,2,24
3375,2,23,35622,50728,99213,sick_visit,HC,U6,25,,,,1,150,75.16,15-04-2025,15-04-2025,30-05-2025,29-05-2025,"{""icd_10"": {""1"": ""Z00.129"", ""2"": ""Z71.3"", ""3"": ""Z23"", ""4"": ""R63.39"", ""5"": ""F80.9""}, ""procedures"": {""1"": ""4"", ""2"": ""5""}, ""actual_procedures"": {""1"": ""R63.39"", ""2"": ""F80.9""}}",1: R63.39 | 2: F80.9,CO,45,45,,N381,N381,,45,,N381,,ANTHEM BCBS HEALTHCARE SOLUTIONS,mco_medicaid,PRIMARY,395.01,207.36,0.52,1699037499,2,24
3375,3,24,35622,50728,90460,vaccine_administration,HC,,,,,,1,25,22.57,15-04-2025,15-04-2025,30-05-2025,29-05-2025,"{""icd_10"": {""1"": ""Z00.129"", ""2"": ""Z71.3"", ""3"": ""Z23"", ""4"": ""R63.39"", ""5"": ""F80.9""}, ""procedures"": {""1"": ""3""}, ""actual_procedures"": {""1"": ""Z23""}}",1: Z23,CO,45,45,,N381,N381,,45,,N381,,ANTHEM BCBS HEALTHCARE SOLUTIONS,mco_medicaid,PRIMARY,395.01,207.36,0.52,1699037499,2,24
3375,4,25,35622,50728,90633,vaccine,HC,,,,,,0,0.01,0,15-04-2025,15-04-2025,30-05-2025,29-05-2025,"{""icd_10"": {""1"": ""Z00.129"", ""2"": ""Z71.3"", ""3"": ""Z23"", ""4"": ""R63.39"", ""5"": ""F80.9""}, ""procedures"": {""1"": ""3""}, ""actual_procedures"": {""1"": ""Z23""}}",1: Z23,CO,45,45,,N381,N381,,45,,N381,,ANTHEM BCBS HEALTHCARE SOLUTIONS,mco_medicaid,PRIMARY,395.01,207.36,0.52,1699037499,2,24
3376,1,26,2080,17186,99213,sick_visit,HC,U6,25,,,,1,150,75.16,15-04-2025,15-04-2025,30-05-2025,29-05-2025,"{""icd_10"": {""1"": ""Z00.129"", ""2"": ""Z71.3"", ""3"": ""Z71.82"", ""4"": ""Z68.54"", ""5"": ""Z29.3"", ""6"": ""Z23"", ""7"": ""J45.20"", ""8"": ""E66.9""}, ""procedures"": {""1"": ""7"", ""2"": ""8""}, ""actual_procedures"": {""1"": ""J45.20"", ""2"": ""E66.9""}}",1: J45.20 | 2: E66.9,CO,45,45,,N381,N381,,45,,N381,,ANTHEM BCBS HEALTHCARE SOLUTIONS,mco_medicaid,PRIMARY,551.91,299.85,0.54,1699037499,11,135
3376,2,27,2080,17186,99393,well_visit,HC,EP,25,,,,1,230,109.25,15-04-2025,15-04-2025,30-05-2025,29-05-2025,"{""icd_10"": {""1"": ""Z00.129"", ""2"": ""Z71.3"", ""3"": ""Z71.82"", ""4"": ""Z68.54"", ""5"": ""Z29.3"", ""6"": ""Z23"", ""7"": ""J45.20"", ""8"": ""E66.9""}, ""procedures"": {""1"": ""1"", ""2"": ""2"", ""3"": ""3"", ""4"": ""4""}, ""actual_procedures"": {""1"": ""Z00.129"", ""2"": ""Z71.3"", ""3"": ""Z71.82"", ""4"": ""Z68.54""}}","1: Z00.129 | 2: Z71.3
3: Z71.82 | 4: Z68.54",CO,45,45,,N381,N381,,45,,N381,,ANTHEM BCBS HEALTHCARE SOLUTIONS,mco_medicaid,PRIMARY,551.91,299.85,0.54,1699037499,11,135
3376,3,28,2080,17186,90460,vaccine_administration,HC,,,,,,3,75,67.71,15-04-2025,15-04-2025,30-05-2025,29-05-2025,"{""icd_10"": {""1"": ""Z00.129"", ""2"": ""Z71.3"", ""3"": ""Z71.82"", ""4"": ""Z68.54"", ""5"": ""Z29.3"", ""6"": ""Z23"", ""7"": ""J45.20"", ""8"": ""E66.9""}, ""procedures"": {""1"": ""6"", ""2"": ""1""}, ""actual_procedures"": {""1"": ""Z23"", ""2"": ""Z00.129""}}",1: Z23 | 2: Z00.129,CO,45,45,,N381,N381,,45,,N381,,ANTHEM BCBS HEALTHCARE SOLUTIONS,mco_medicaid,PRIMARY,551.91,299.85,0.54,1699037499,11,135
3376,4,29,2080,17186,90715,vaccine,HC,,,,,,0,0.01,0,15-04-2025,15-04-2025,30-05-2025,29-05-2025,"{""icd_10"": {""1"": ""Z00.129"", ""2"": ""Z71.3"", ""3"": ""Z71.82"", ""4"": ""Z68.54"", ""5"": ""Z29.3"", ""6"": ""Z23"", ""7"": ""J45.20"", ""8"": ""E66.9""}, ""procedures"": {""1"": ""6""}, ""actual_procedures"": {""1"": ""Z23""}}",1: Z23,CO,97,97,,N19,N19,,97,,N19,,ANTHEM BCBS HEALTHCARE SOLUTIONS,mco_medicaid,PRIMARY,551.91,299.85,0.54,1699037499,11,135
3376,5,30,2080,17186,90619,vaccine,HC,,,,,,0,0.01,0,15-04-2025,15-04-2025,30-05-2025,29-05-2025,"{""icd_10"": {""1"": ""Z00.129"", ""2"": ""Z71.3"", ""3"": ""Z71.82"", ""4"": ""Z68.54"", ""5"": ""Z29.3"", ""6"": ""Z23"", ""7"": ""J45.20"", ""8"": ""E66.9""}, ""procedures"": {""1"": ""6""}, ""actual_procedures"": {""1"": ""Z23""}}",1: Z23,CO,256,256,,N448,N448,,256,,N448,,ANTHEM BCBS HEALTHCARE SOLUTIONS,mco_medicaid,PRIMARY,551.91,299.85,0.54,1699037499,11,135
3376,6,31,2080,17186,90651,vaccine,HC,,,,,,0,0.01,0,15-04-2025,15-04-2025,30-05-2025,29-05-2025,"{""icd_10"": {""1"": ""Z00.129"", ""2"": ""Z71.3"", ""3"": ""Z71.82"", ""4"": ""Z68.54"", ""5"": ""Z29.3"", ""6"": ""Z23"", ""7"": ""J45.20"", ""8"": ""E66.9""}, ""procedures"": {""1"": ""6""}, ""actual_procedures"": {""1"": ""Z23""}}",1: Z23,CO,45,45,,N381,N381,,45,,N381,,ANTHEM BCBS HEALTHCARE SOLUTIONS,mco_medicaid,PRIMARY,551.91,299.85,0.54,1699037499,11,135
3376,7,32,2080,17186,90472,vaccine_administration,HC,,,,,,2,50,23.12,15-04-2025,15-04-2025,30-05-2025,29-05-2025,"{""icd_10"": {""1"": ""Z00.129"", ""2"": ""Z71.3"", ""3"": ""Z71.82"", ""4"": ""Z68.54"", ""5"": ""Z29.3"", ""6"": ""Z23"", ""7"": ""J45.20"", ""8"": ""E66.9""}, ""procedures"": {""1"": ""1"", ""2"": ""2"", ""3"": ""3"", ""4"": ""4""}, ""actual_procedures"": {""1"": ""Z00.129"", ""2"": ""Z71.3"", ""3"": ""Z71.82"", ""4"": ""Z68.54""}}","1: Z00.129 | 2: Z71.3
3: Z71.82 | 4: Z68.54",CO,45,45,,N381,N381,,45,,N381,,ANTHEM BCBS HEALTHCARE SOLUTIONS,mco_medicaid,PRIMARY,551.91,299.85,0.54,1699037499,11,135
3376,8,33,2080,17186,G0447,Counseling - Preventive Counseling,HC,59,,,,,1,46.88,24.61,15-04-2025,15-04-2025,30-05-2025,29-05-2025,"{""icd_10"": {""1"": ""Z00.129"", ""2"": ""Z71.3"", ""3"": ""Z71.82"", ""4"": ""Z68.54"", ""5"": ""Z29.3"", ""6"": ""Z23"", ""7"": ""J45.20"", ""8"": ""E66.9""}, ""procedures"": {""1"": ""4""}, ""actual_procedures"": {""1"": ""Z68.54""}}",1: Z68.54,CO,45,45,,N381,N381,,45,,N381,,ANTHEM BCBS HEALTHCARE SOLUTIONS,mco_medicaid,PRIMARY,551.91,299.85,0.54,1699037499,11,135
3377,1,34,3560954,50715,99213,sick_visit,HC,U6,25,,,,1,150,75.16,15-04-2025,15-04-2025,30-05-2025,29-05-2025,"{""icd_10"": {""1"": ""Z00.129"", ""2"": ""Z23"", ""3"": ""K21.9"", ""4"": ""K59.00""}, ""procedures"": {""1"": ""3"", ""2"": ""4""}, ""actual_procedures"": {""1"": ""K21.9"", ""2"": ""K59.00""}}",1: K21.9 | 2: K59.00,CO,45,45,,N381,N381,,45,,N381,,ANTHEM BCBS HEALTHCARE SOLUTIONS,mco_medicaid,PRIMARY,525.05,313.85,0.6,1699037499,0,5
3377,2,35,3560954,50715,99391,well_visit,HC,EP,25,,,,1,200,102.7,15-04-2025,15-04-2025,30-05-2025,29-05-2025,"{""icd_10"": {""1"": ""Z00.129"", ""2"": ""Z23"", ""3"": ""K21.9"", ""4"": ""K59.00""}, ""procedures"": {""1"": ""1""}, ""actual_procedures"": {""1"": ""Z00.129""}}",1: Z00.129,CO,45,45,,N381,N381,,45,,N381,,ANTHEM BCBS HEALTHCARE SOLUTIONS,mco_medicaid,PRIMARY,525.05,313.85,0.6,1699037499,0,5
3377,3,36,3560954,50715,90460,vaccine_administration,HC,,,,,,5,125,112.85,15-04-2025,15-04-2025,30-05-2025,29-05-2025,"{""icd_10"": {""1"": ""Z00.129"", ""2"": ""Z23"", ""3"": ""K21.9"", ""4"": ""K59.00""}, ""procedures"": {""1"": ""2""}, ""actual_procedures"": {""1"": ""Z23""}}",1: Z23,CO,45,45,,N381,N381,,45,,N381,,ANTHEM BCBS HEALTHCARE SOLUTIONS,mco_medicaid,PRIMARY,525.05,313.85,0.6,1699037499,0,5
3377,4,37,3560954,50715,90700,vaccine,HC,,,,,,0,0.01,0,15-04-2025,15-04-2025,30-05-2025,29-05-2025,"{""icd_10"": {""1"": ""Z00.129"", ""2"": ""Z23"", ""3"": ""K21.9"", ""4"": ""K59.00""}, ""procedures"": {""1"": ""2""}, ""actual_procedures"": {""1"": ""Z23""}}",1: Z23,CO,45,45,,N381,N381,,45,,N381,,ANTHEM BCBS HEALTHCARE SOLUTIONS,mco_medicaid,PRIMARY,525.05,313.85,0.6,1699037499,0,5
3377,5,38,3560954,50715,90647,vaccine,HC,,,,,,0,0.01,0,15-04-2025,15-04-2025,30-05-2025,29-05-2025,"{""icd_10"": {""1"": ""Z00.129"", ""2"": ""Z23"", ""3"": ""K21.9"", ""4"": ""K59.00""}, ""procedures"": {""1"": ""2""}, ""actual_procedures"": {""1"": ""Z23""}}",1: Z23,CO,45,45,,N381,N381,,45,,N381,,ANTHEM BCBS HEALTHCARE SOLUTIONS,mco_medicaid,PRIMARY,525.05,313.85,0.6,1699037499,0,5
3377,6,39,3560954,50715,90671,vaccine,HC,,,,,,1,0.01,0.01,15-04-2025,15-04-2025,30-05-2025,29-05-2025,"{""icd_10"": {""1"": ""Z00.129"", ""2"": ""Z23"", ""3"": ""K21.9"", ""4"": ""K59.00""}, ""procedures"": {""1"": ""2""}, ""actual_procedures"": {""1"": ""Z23""}}",1: Z23,,,,,,,,,,,,ANTHEM BCBS HEALTHCARE SOLUTIONS,mco_medicaid,PRIMARY,525.05,313.85,0.6,1699037499,0,5
3377,7,40,3560954,50715,90680,vaccine,HC,,,,,,0,0.01,0,15-04-2025,15-04-2025,30-05-2025,29-05-2025,"{""icd_10"": {""1"": ""Z00.129"", ""2"": ""Z23"", ""3"": ""K21.9"", ""4"": ""K59.00""}, ""procedures"": {""1"": ""2""}, ""actual_procedures"": {""1"": ""Z23""}}",1: Z23,CO,45,45,,N381,N381,,45,,N381,,ANTHEM BCBS HEALTHCARE SOLUTIONS,mco_medicaid,PRIMARY,525.05,313.85,0.6,1699037499,0,5
3377,8,41,3560954,50715,90713,vaccine,HC,,,,,,1,0.01,0.01,15-04-2025,15-04-2025,30-05-2025,29-05-2025,"{""icd_10"": {""1"": ""Z00.129"", ""2"": ""Z23"", ""3"": ""K21.9"", ""4"": ""K59.00""}, ""procedures"": {""1"": ""2""}, ""actual_procedures"": {""1"": ""Z23""}}",1: Z23,,,,,,,,,,,,ANTHEM BCBS HEALTHCARE SOLUTIONS,mco_medicaid,PRIMARY,525.05,313.85,0.6,1699037499,0,5
3377,9,42,3560954,50715,90472,vaccine_administration,HC,,,,,,2,50,23.12,15-04-2025,15-04-2025,30-05-2025,29-05-2025,"{""icd_10"": {""1"": ""Z00.129"", ""2"": ""Z23"", ""3"": ""K21.9"", ""4"": ""K59.00""}, ""procedures"": {""1"": ""2""}, ""actual_procedures"": {""1"": ""Z23""}}",1: Z23,CO,45,45,,N381,N381,,45,,N381,,ANTHEM BCBS HEALTHCARE SOLUTIONS,mco_medicaid,PRIMARY,525.05,313.85,0.6,1699037499,0,5
3378,1,43,20633,35739,99213,sick_visit,HC,U6,25,,,,1,150,75.16,28-04-2025,28-04-2025,30-05-2025,29-05-2025,"{""icd_10"": {""1"": ""Z00.129"", ""2"": ""Z68.54"", ""3"": ""Z71.3"", ""4"": ""Z71.82"", ""5"": ""Z23"", ""6"": ""L60.0""}, ""procedures"": {""1"": ""6""}, ""actual_procedures"": {""1"": ""L60.0""}}",1: L60.0,CO,45,45,,N381,N381,,45,,N381,,ANTHEM BCBS HEALTHCARE SOLUTIONS,mco_medicaid,PRIMARY,535.03,289.93,0.54,1699037499,11,139
3378,2,44,20633,35739,99383,well_visit,HC,EP,25,,,,1,260,123.94,28-04-2025,28-04-2025,30-05-2025,29-05-2025,"{""icd_10"": {""1"": ""Z00.129"", ""2"": ""Z68.54"", ""3"": ""Z71.3"", ""4"": ""Z71.82"", ""5"": ""Z23"", ""6"": ""L60.0""}, ""procedures"": {""1"": ""1"", ""2"": ""2"", ""3"": ""3"", ""4"": ""4""}, ""actual_procedures"": {""1"": ""Z00.129"", ""2"": ""Z68.54"", ""3"": ""Z71.3"", ""4"": ""Z71.82""}}","1: Z00.129 | 2: Z68.54
3: Z71.3 | 4: Z71.82",CO,45,45,,N381,N381,,45,,N381,,ANTHEM BCBS HEALTHCARE SOLUTIONS,mco_medicaid,PRIMARY,535.03,289.93,0.54,1699037499,11,139
3378,3,45,20633,35739,90460,vaccine_administration,HC,,,,,,3,75,67.71,28-04-2025,28-04-2025,30-05-2025,29-05-2025,"{""icd_10"": {""1"": ""Z00.129"", ""2"": ""Z68.54"", ""3"": ""Z71.3"", ""4"": ""Z71.82"", ""5"": ""Z23"", ""6"": ""L60.0""}, ""procedures"": {""1"": ""5""}, ""actual_procedures"": {""1"": ""Z23""}}",1: Z23,CO,45,45,,N381,N381,,45,,N381,,ANTHEM BCBS HEALTHCARE SOLUTIONS,mco_medicaid,PRIMARY,535.03,289.93,0.54,1699037499,11,139
3378,4,46,20633,35739,90715,vaccine,HC,,,,,,0,0.01,0,28-04-2025,28-04-2025,30-05-2025,29-05-2025,"{""icd_10"": {""1"": ""Z00.129"", ""2"": ""Z68.54"", ""3"": ""Z71.3"", ""4"": ""Z71.82"", ""5"": ""Z23"", ""6"": ""L60.0""}, ""procedures"": {""1"": ""5""}, ""actual_procedures"": {""1"": ""Z23""}}",1: Z23,CO,97,97,,N19,N19,,97,,N19,,ANTHEM BCBS HEALTHCARE SOLUTIONS,mco_medicaid,PRIMARY,535.03,289.93,0.54,1699037499,11,139
3378,5,47,20633,35739,90619,vaccine,HC,,,,,,0,0.01,0,28-04-2025,28-04-2025,30-05-2025,29-05-2025,"{""icd_10"": {""1"": ""Z00.129"", ""2"": ""Z68.54"", ""3"": ""Z71.3"", ""4"": ""Z71.82"", ""5"": ""Z23"", ""6"": ""L60.0""}, ""procedures"": {""1"": ""5""}, ""actual_procedures"": {""1"": ""Z23""}}",1: Z23,CO,16,16,,M119,M119,,16,,M119,,ANTHEM BCBS HEALTHCARE SOLUTIONS,mco_medicaid,PRIMARY,535.03,289.93,0.54,1699037499,11,139
3378,6,48,20633,35739,90651,vaccine,HC,,,,,,0,0.01,0,28-04-2025,28-04-2025,30-05-2025,29-05-2025,"{""icd_10"": {""1"": ""Z00.129"", ""2"": ""Z68.54"", ""3"": ""Z71.3"", ""4"": ""Z71.82"", ""5"": ""Z23"", ""6"": ""L60.0""}, ""procedures"": {""1"": ""5""}, ""actual_procedures"": {""1"": ""Z23""}}",1: Z23,CO,45,45,,N381,N381,,45,,N381,,ANTHEM BCBS HEALTHCARE SOLUTIONS,mco_medicaid,PRIMARY,535.03,289.93,0.54,1699037499,11,139
3378,7,49,20633,35739,90472,vaccine_administration,HC,,,,,,2,50,23.12,28-04-2025,28-04-2025,30-05-2025,29-05-2025,"{""icd_10"": {""1"": ""Z00.129"", ""2"": ""Z68.54"", ""3"": ""Z71.3"", ""4"": ""Z71.82"", ""5"": ""Z23"", ""6"": ""L60.0""}, ""procedures"": {""1"": ""5""}, ""actual_procedures"": {""1"": ""Z23""}}",1: Z23,CO,45,45,,N381,N381,,45,,N381,,ANTHEM BCBS HEALTHCARE SOLUTIONS,mco_medicaid,PRIMARY,535.03,289.93,0.54,1699037499,11,139
3379,1,50,31454,46560,99213,sick_visit,HC,U6,25,,,,1,150,75.16,24-04-2025,24-04-2025,30-05-2025,29-05-2025,"{""icd_10"": {""1"": ""Z00.129"", ""2"": ""Z68.52"", ""3"": ""Z71.3"", ""4"": ""Z71.82"", ""5"": ""L70.8"", ""6"": ""Z29.3"", ""7"": ""Z23""}, ""procedures"": {""1"": ""5""}, ""actual_procedures"": {""1"": ""L70.8""}}",1: L70.8,CO,45,45,,N381,N381,,45,,N381,,ANTHEM BCBS HEALTHCARE SOLUTIONS,mco_medicaid,PRIMARY,600.03,318.9,0.53,1699037499,12,147
3379,2,51,31454,46560,99384,well_visit,HC,EP,25,,,,1,285,139.99,24-04-2025,24-04-2025,30-05-2025,29-05-2025,"{""icd_10"": {""1"": ""Z00.129"", ""2"": ""Z68.52"", ""3"": ""Z71.3"", ""4"": ""Z71.82"", ""5"": ""L70.8"", ""6"": ""Z29.3"", ""7"": ""Z23""}, ""procedures"": {""1"": ""1"", ""2"": ""2"", ""3"": ""3"", ""4"": ""4""}, ""actual_procedures"": {""1"": ""Z00.129"", ""2"": ""Z68.52"", ""3"": ""Z71.3"", ""4"": ""Z71.82""}}","1: Z00.129 | 2: Z68.52
3: Z71.3 | 4: Z71.82",CO,45,45,,N381,N381,,45,,N381,,ANTHEM BCBS HEALTHCARE SOLUTIONS,mco_medicaid,PRIMARY,600.03,318.9,0.53,1699037499,12,147
3379,3,52,31454,46560,90460,vaccine_administration,HC,,,,,,3,75,67.71,24-04-2025,24-04-2025,30-05-2025,29-05-2025,"{""icd_10"": {""1"": ""Z00.129"", ""2"": ""Z68.52"", ""3"": ""Z71.3"", ""4"": ""Z71.82"", ""5"": ""L70.8"", ""6"": ""Z29.3"", ""7"": ""Z23""}, ""procedures"": {""1"": ""7""}, ""actual_procedures"": {""1"": ""Z23""}}",1: Z23,CO,45,45,,N381,N381,,45,,N381,,ANTHEM BCBS HEALTHCARE SOLUTIONS,mco_medicaid,PRIMARY,600.03,318.9,0.53,1699037499,12,147
3379,4,53,31454,46560,99188,procedure,HC,,,,,,1,40,12.92,24-04-2025,24-04-2025,30-05-2025,29-05-2025,"{""icd_10"": {""1"": ""Z00.129"", ""2"": ""Z68.52"", ""3"": ""Z71.3"", ""4"": ""Z71.82"", ""5"": ""L70.8"", ""6"": ""Z29.3"", ""7"": ""Z23""}, ""procedures"": {""1"": ""6""}, ""actual_procedures"": {""1"": ""Z29.3""}}",1: Z29.3,CO,45,45,,N381,N381,,45,,N381,,ANTHEM BCBS HEALTHCARE SOLUTIONS,mco_medicaid,PRIMARY,600.03,318.9,0.53,1699037499,12,147
3379,5,54,31454,46560,90715,vaccine,HC,,,,,,0,0.01,0,24-04-2025,24-04-2025,30-05-2025,29-05-2025,"{""icd_10"": {""1"": ""Z00.129"", ""2"": ""Z68.52"", ""3"": ""Z71.3"", ""4"": ""Z71.82"", ""5"": ""L70.8"", ""6"": ""Z29.3"", ""7"": ""Z23""}, ""procedures"": {""1"": ""7""}, ""actual_procedures"": {""1"": ""Z23""}}",1: Z23,CO,97,97,,N19,N19,,97,,N19,,ANTHEM BCBS HEALTHCARE SOLUTIONS,mco_medicaid,PRIMARY,600.03,318.9,0.53,1699037499,12,147
3379,6,55,31454,46560,90619,vaccine,HC,,,,,,0,0.01,0,24-04-2025,24-04-2025,30-05-2025,29-05-2025,"{""icd_10"": {""1"": ""Z00.129"", ""2"": ""Z68.52"", ""3"": ""Z71.3"", ""4"": ""Z71.82"", ""5"": ""L70.8"", ""6"": ""Z29.3"", ""7"": ""Z23""}, ""procedures"": {""1"": ""7""}, ""actual_procedures"": {""1"": ""Z23""}}",1: Z23,CO,256,256,,N448,N448,,256,,N448,,ANTHEM BCBS HEALTHCARE SOLUTIONS,mco_medicaid,PRIMARY,600.03,318.9,0.53,1699037499,12,147
3379,7,56,31454,46560,90651,vaccine,HC,,,,,,0,0.01,0,24-04-2025,24-04-2025,30-05-2025,29-05-2025,"{""icd_10"": {""1"": ""Z00.129"", ""2"": ""Z68.52"", ""3"": ""Z71.3"", ""4"": ""Z71.82"", ""5"": ""L70.8"", ""6"": ""Z29.3"", ""7"": ""Z23""}, ""procedures"": {""1"": ""7""}, ""actual_procedures"": {""1"": ""Z23""}}",1: Z23,CO,45,45,,N381,N381,,45,,N381,,ANTHEM BCBS HEALTHCARE SOLUTIONS,mco_medicaid,PRIMARY,600.03,318.9,0.53,1699037499,12,147
3379,8,57,31454,46560,90472,vaccine_administration,HC,,,,,,2,50,23.12,24-04-2025,24-04-2025,30-05-2025,29-05-2025,"{""icd_10"": {""1"": ""Z00.129"", ""2"": ""Z68.52"", ""3"": ""Z71.3"", ""4"": ""Z71.82"", ""5"": ""L70.8"", ""6"": ""Z29.3"", ""7"": ""Z23""}, ""procedures"": {""1"": ""7""}, ""actual_procedures"": {""1"": ""Z23""}}",1: Z23,CO,45,45,,N381,N381,,45,,N381,,ANTHEM BCBS HEALTHCARE SOLUTIONS,mco_medicaid,PRIMARY,600.03,318.9,0.53,1699037499,12,147
3380,1,58,29772,44878,99213,sick_visit,HC,U6,25,,,,1,150,75.16,21-04-2025,21-04-2025,30-05-2025,29-05-2025,"{""icd_10"": {""1"": ""Z00.129"", ""2"": ""Z23"", ""3"": ""Q67.3"", ""4"": ""L20.89""}, ""procedures"": {""1"": ""3"", ""2"": ""4""}, ""actual_procedures"": {""1"": ""Q67.3"", ""2"": ""L20.89""}}",1: Q67.3 | 2: L20.89,CO,45,45,,N381,N381,,45,,N381,,ANTHEM BCBS HEALTHCARE SOLUTIONS,mco_medicaid,PRIMARY,555.05,325.31,0.59,1699037499,0,5
3380,2,59,29772,44878,99381,well_visit,HC,EP,25,,,,1,230,114.16,21-04-2025,21-04-2025,30-05-2025,29-05-2025,"{""icd_10"": {""1"": ""Z00.129"", ""2"": ""Z23"", ""3"": ""Q67.3"", ""4"": ""L20.89""}, ""procedures"": {""1"": ""1""}, ""actual_procedures"": {""1"": ""Z00.129""}}",1: Z00.129,CO,45,45,,N381,N381,,45,,N381,,ANTHEM BCBS HEALTHCARE SOLUTIONS,mco_medicaid,PRIMARY,555.05,325.31,0.59,1699037499,0,5
3380,3,60,29772,44878,90460,vaccine_administration,HC,,,,,,5,125,112.85,21-04-2025,21-04-2025,30-05-2025,29-05-2025,"{""icd_10"": {""1"": ""Z00.129"", ""2"": ""Z23"", ""3"": ""Q67.3"", ""4"": ""L20.89""}, ""procedures"": {""1"": ""2""}, ""actual_procedures"": {""1"": ""Z23""}}",1: Z23,CO,45,45,,N381,N381,,45,,N381,,ANTHEM BCBS HEALTHCARE SOLUTIONS,mco_medicaid,PRIMARY,555.05,325.31,0.59,1699037499,0,5
3380,4,61,29772,44878,90700,vaccine,HC,,,,,,0,0.01,0,21-04-2025,21-04-2025,30-05-2025,29-05-2025,"{""icd_10"": {""1"": ""Z00.129"", ""2"": ""Z23"", ""3"": ""Q67.3"", ""4"": ""L20.89""}, ""procedures"": {""1"": ""2""}, ""actual_procedures"": {""1"": ""Z23""}}",1: Z23,CO,45,45,,N381,N381,,45,,N381,,ANTHEM BCBS HEALTHCARE SOLUTIONS,mco_medicaid,PRIMARY,555.05,325.31,0.59,1699037499,0,5
3380,5,62,29772,44878,90647,vaccine,HC,,,,,,0,0.01,0,21-04-2025,21-04-2025,30-05-2025,29-05-2025,"{""icd_10"": {""1"": ""Z00.129"", ""2"": ""Z23"", ""3"": ""Q67.3"", ""4"": ""L20.89""}, ""procedures"": {""1"": ""2""}, ""actual_procedures"": {""1"": ""Z23""}}",1: Z23,CO,45,45,,N381,N381,,45,,N381,,ANTHEM BCBS HEALTHCARE SOLUTIONS,mco_medicaid,PRIMARY,555.05,325.31,0.59,1699037499,0,5
3380,6,63,29772,44878,90671,vaccine,HC,,,,,,1,0.01,0.01,21-04-2025,21-04-2025,30-05-2025,29-05-2025,"{""icd_10"": {""1"": ""Z00.129"", ""2"": ""Z23"", ""3"": ""Q67.3"", ""4"": ""L20.89""}, ""procedures"": {""1"": ""2""}, ""actual_procedures"": {""1"": ""Z23""}}",1: Z23,,,,,,,,,,,,ANTHEM BCBS HEALTHCARE SOLUTIONS,mco_medicaid,PRIMARY,555.05,325.31,0.59,1699037499,0,5
3380,7,64,29772,44878,90680,vaccine,HC,,,,,,0,0.01,0,21-04-2025,21-04-2025,30-05-2025,29-05-2025,"{""icd_10"": {""1"": ""Z00.129"", ""2"": ""Z23"", ""3"": ""Q67.3"", ""4"": ""L20.89""}, ""procedures"": {""1"": ""2""}, ""actual_procedures"": {""1"": ""Z23""}}",1: Z23,CO,45,45,,N381,N381,,45,,N381,,ANTHEM BCBS HEALTHCARE SOLUTIONS,mco_medicaid,PRIMARY,555.05,325.31,0.59,1699037499,0,5
3380,8,65,29772,44878,90713,vaccine,HC,,,,,,1,0.01,0.01,21-04-2025,21-04-2025,30-05-2025,29-05-2025,"{""icd_10"": {""1"": ""Z00.129"", ""2"": ""Z23"", ""3"": ""Q67.3"", ""4"": ""L20.89""}, ""procedures"": {""1"": ""2""}, ""actual_procedures"": {""1"": ""Z23""}}",1: Z23,,,,,,,,,,,,ANTHEM BCBS HEALTHCARE SOLUTIONS,mco_medicaid,PRIMARY,555.05,325.31,0.59,1699037499,0,5
3380,9,66,29772,44878,90472,vaccine_administration,HC,,,,,,2,50,23.12,21-04-2025,21-04-2025,30-05-2025,29-05-2025,"{""icd_10"": {""1"": ""Z00.129"", ""2"": ""Z23"", ""3"": ""Q67.3"", ""4"": ""L20.89""}, ""procedures"": {""1"": ""2""}, ""actual_procedures"": {""1"": ""Z23""}}",1: Z23,CO,45,45,,N381,N381,,45,,N381,,ANTHEM BCBS HEALTHCARE SOLUTIONS,mco_medicaid,PRIMARY,555.05,325.31,0.59,1699037499,0,5
3381,1,67,35727,50833,99213,sick_visit,HC,U6,25,,,,1,150,75.16,17-04-2025,17-04-2025,30-05-2025,29-05-2025,"{""icd_10"": {""1"": ""Z00.129"", ""2"": ""Z71.3"", ""3"": ""F80.89"", ""4"": ""L85.3"", ""5"": ""Z29.3"", ""6"": ""Z23""}, ""procedures"": {""1"": ""3"", ""2"": ""4""}, ""actual_procedures"": {""1"": ""F80.89"", ""2"": ""L85.3""}}",1: F80.89 | 2: L85.3,CO,45,45,,N381,N381,,45,,N381,,ANTHEM BCBS HEALTHCARE SOLUTIONS,mco_medicaid,PRIMARY,435.01,220.28,0.51,1699037499,3,43
3381,2,68,35727,50833,99392,well_visit,HC,EP,25,,,,1,220,109.63,17-04-2025,17-04-2025,30-05-2025,29-05-2025,"{""icd_10"": {""1"": ""Z00.129"", ""2"": ""Z71.3"", ""3"": ""F80.89"", ""4"": ""L85.3"", ""5"": ""Z29.3"", ""6"": ""Z23""}, ""procedures"": {""1"": ""1"", ""2"": ""2""}, ""actual_procedures"": {""1"": ""Z00.129"", ""2"": ""Z71.3""}}",1: Z00.129 | 2: Z71.3,CO,45,45,,N381,N381,,45,,N381,,ANTHEM BCBS HEALTHCARE SOLUTIONS,mco_medicaid,PRIMARY,435.01,220.28,0.51,1699037499,3,43
3381,3,69,35727,50833,99188,procedure,HC,,,,,,1,40,12.92,17-04-2025,17-04-2025,30-05-2025,29-05-2025,"{""icd_10"": {""1"": ""Z00.129"", ""2"": ""Z71.3"", ""3"": ""F80.89"", ""4"": ""L85.3"", ""5"": ""Z29.3"", ""6"": ""Z23""}, ""procedures"": {""1"": ""5""}, ""actual_procedures"": {""1"": ""Z29.3""}}",1: Z29.3,CO,45,45,,N381,N381,,45,,N381,,ANTHEM BCBS HEALTHCARE SOLUTIONS,mco_medicaid,PRIMARY,435.01,220.28,0.51,1699037499,3,43
3381,4,70,35727,50833,90460,vaccine_administration,HC,,,,,,1,25,22.57,17-04-2025,17-04-2025,30-05-2025,29-05-2025,"{""icd_10"": {""1"": ""Z00.129"", ""2"": ""Z71.3"", ""3"": ""F80.89"", ""4"": ""L85.3"", ""5"": ""Z29.3"", ""6"": ""Z23""}, ""procedures"": {""1"": ""6""}, ""actual_procedures"": {""1"": ""Z23""}}",1: Z23,CO,45,45,,N381,N381,,45,,N381,,ANTHEM BCBS HEALTHCARE SOLUTIONS,mco_medicaid,PRIMARY,435.01,220.28,0.51,1699037499,3,43
3381,5,71,35727,50833,90633,vaccine,HC,,,,,,0,0.01,0,17-04-2025,17-04-2025,30-05-2025,29-05-2025,"{""icd_10"": {""1"": ""Z00.129"", ""2"": ""Z71.3"", ""3"": ""F80.89"", ""4"": ""L85.3"", ""5"": ""Z29.3"", ""6"": ""Z23""}, ""procedures"": {""1"": ""6""}, ""actual_procedures"": {""1"": ""Z23""}}",1: Z23,CO,45,45,,N381,N381,,45,,N381,,ANTHEM BCBS HEALTHCARE SOLUTIONS,mco_medicaid,PRIMARY,435.01,220.28,0.51,1699037499,3,43
3382,1,72,32016,47122,99392,well_visit,HC,EP,25,,,,1,220,109.63,18-04-2025,18-04-2025,30-05-2025,29-05-2025,"{""icd_10"": {""1"": ""Z00.129"", ""2"": ""Z71.3"", ""3"": ""Z71.82"", ""4"": ""Z68.52"", ""5"": ""Z23""}, ""procedures"": {""1"": ""1"", ""2"": ""2"", ""3"": ""3"", ""4"": ""4""}, ""actual_procedures"": {""1"": ""Z00.129"", ""2"": ""Z71.3"", ""3"": ""Z71.82"", ""4"": ""Z68.52""}}","1: Z00.129 | 2: Z71.3
3: Z71.82 | 4: Z68.52",CO,45,45,,N381,N381,,45,,N381,,ANTHEM BCBS HEALTHCARE SOLUTIONS,mco_medicaid,PRIMARY,370.04,223.04,0.6,1699037499,4,59
3382,2,73,32016,47122,90460,vaccine_administration,HC,,,,,,4,100,90.28,18-04-2025,18-04-2025,30-05-2025,29-05-2025,"{""icd_10"": {""1"": ""Z00.129"", ""2"": ""Z71.3"", ""3"": ""Z71.82"", ""4"": ""Z68.52"", ""5"": ""Z23""}, ""procedures"": {""1"": ""5""}, ""actual_procedures"": {""1"": ""Z23""}}",1: Z23,CO,45,45,,N381,N381,,45,,N381,,ANTHEM BCBS HEALTHCARE SOLUTIONS,mco_medicaid,PRIMARY,370.04,223.04,0.6,1699037499,4,59
3382,3,74,32016,47122,90633,vaccine,HC,,,,,,0,0.01,0,18-04-2025,18-04-2025,30-05-2025,29-05-2025,"{""icd_10"": {""1"": ""Z00.129"", ""2"": ""Z71.3"", ""3"": ""Z71.82"", ""4"": ""Z68.52"", ""5"": ""Z23""}, ""procedures"": {""1"": ""5""}, ""actual_procedures"": {""1"": ""Z23""}}",1: Z23,CO,45,45,,N381,N381,,45,,N381,,ANTHEM BCBS HEALTHCARE SOLUTIONS,mco_medicaid,PRIMARY,370.04,223.04,0.6,1699037499,4,59
3382,4,75,32016,47122,90700,vaccine,HC,,,,,,0,0.01,0,18-04-2025,18-04-2025,30-05-2025,29-05-2025,"{""icd_10"": {""1"": ""Z00.129"", ""2"": ""Z71.3"", ""3"": ""Z71.82"", ""4"": ""Z68.52"", ""5"": ""Z23""}, ""procedures"": {""1"": ""5""}, ""actual_procedures"": {""1"": ""Z23""}}",1: Z23,CO,45,45,,N381,N381,,45,,N381,,ANTHEM BCBS HEALTHCARE SOLUTIONS,mco_medicaid,PRIMARY,370.04,223.04,0.6,1699037499,4,59
3382,5,76,32016,47122,90472,vaccine_administration,HC,,,,,,2,50,23.12,18-04-2025,18-04-2025,30-05-2025,29-05-2025,"{""icd_10"": {""1"": ""Z00.129"", ""2"": ""Z71.3"", ""3"": ""Z71.82"", ""4"": ""Z68.52"", ""5"": ""Z23""}, ""procedures"": {""1"": ""5""}, ""actual_procedures"": {""1"": ""Z23""}}",1: Z23,CO,45,45,,N381,N381,,45,,N381,,ANTHEM BCBS HEALTHCARE SOLUTIONS,mco_medicaid,PRIMARY,370.04,223.04,0.6,1699037499,4,59
3382,6,77,32016,47122,90713,vaccine,HC,,,,,,1,0.01,0.01,18-04-2025,18-04-2025,30-05-2025,29-05-2025,"{""icd_10"": {""1"": ""Z00.129"", ""2"": ""Z71.3"", ""3"": ""Z71.82"", ""4"": ""Z68.52"", ""5"": ""Z23""}, ""procedures"": {""1"": ""5""}, ""actual_procedures"": {""1"": ""Z23""}}",1: Z23,,,,,,,,,,,,ANTHEM BCBS HEALTHCARE SOLUTIONS,mco_medicaid,PRIMARY,370.04,223.04,0.6,1699037499,4,59
3382,7,78,32016,47122,90743,vaccine,HC,,,,,,0,0.01,0,18-04-2025,18-04-2025,30-05-2025,29-05-2025,"{""icd_10"": {""1"": ""Z00.129"", ""2"": ""Z71.3"", ""3"": ""Z71.82"", ""4"": ""Z68.52"", ""5"": ""Z23""}, ""procedures"": {""1"": ""5""}, ""actual_procedures"": {""1"": ""Z23""}}",1: Z23,CO,97,97,,N19,N19,,97,,N19,,ANTHEM BCBS HEALTHCARE SOLUTIONS,mco_medicaid,PRIMARY,370.04,223.04,0.6,1699037499,4,59
3383,1,79,2118,17224,99213,sick_visit,HC,U6,25,,,,1,150,75.16,29-04-2025,29-04-2025,30-05-2025,29-05-2025,"{""icd_10"": {""1"": ""Z00.129"", ""2"": ""Z23"", ""3"": ""Q35.9""}, ""procedures"": {""1"": ""3""}, ""actual_procedures"": {""1"": ""Q35.9""}}",1: Q35.9,CO,45,45,,N381,N381,,45,,N381,,ANTHEM BCBS HEALTHCARE SOLUTIONS,mco_medicaid,PRIMARY,555.05,325.31,0.59,1699037499,0,2
3383,2,80,2118,17224,99381,well_visit,HC,EP,25,,,,1,230,114.16,29-04-2025,29-04-2025,30-05-2025,29-05-2025,"{""icd_10"": {""1"": ""Z00.129"", ""2"": ""Z23"", ""3"": ""Q35.9""}, ""procedures"": {""1"": ""1""}, ""actual_procedures"": {""1"": ""Z00.129""}}",1: Z00.129,CO,45,45,,N381,N381,,45,,N381,,ANTHEM BCBS HEALTHCARE SOLUTIONS,mco_medicaid,PRIMARY,555.05,325.31,0.59,1699037499,0,2
3383,3,81,2118,17224,90460,vaccine_administration,HC,,,,,,5,125,112.85,29-04-2025,29-04-2025,30-05-2025,29-05-2025,"{""icd_10"": {""1"": ""Z00.129"", ""2"": ""Z23"", ""3"": ""Q35.9""}, ""procedures"": {""1"": ""2""}, ""actual_procedures"": {""1"": ""Z23""}}",1: Z23,CO,45,45,,N381,N381,,45,,N381,,ANTHEM BCBS HEALTHCARE SOLUTIONS,mco_medicaid,PRIMARY,555.05,325.31,0.59,1699037499,0,2
3383,4,82,2118,17224,90700,vaccine,HC,,,,,,0,0.01,0,29-04-2025,29-04-2025,30-05-2025,29-05-2025,"{""icd_10"": {""1"": ""Z00.129"", ""2"": ""Z23"", ""3"": ""Q35.9""}, ""procedures"": {""1"": ""2""}, ""actual_procedures"": {""1"": ""Z23""}}",1: Z23,CO,45,45,,N381,N381,,45,,N381,,ANTHEM BCBS HEALTHCARE SOLUTIONS,mco_medicaid,PRIMARY,555.05,325.31,0.59,1699037499,0,2
3383,5,83,2118,17224,90647,vaccine,HC,,,,,,0,0.01,0,29-04-2025,29-04-2025,30-05-2025,29-05-2025,"{""icd_10"": {""1"": ""Z00.129"", ""2"": ""Z23"", ""3"": ""Q35.9""}, ""procedures"": {""1"": ""2""}, ""actual_procedures"": {""1"": ""Z23""}}",1: Z23,CO,45,45,,N381,N381,,45,,N381,,ANTHEM BCBS HEALTHCARE SOLUTIONS,mco_medicaid,PRIMARY,555.05,325.31,0.59,1699037499,0,2
3383,6,84,2118,17224,90713,vaccine,HC,,,,,,1,0.01,0.01,29-04-2025,29-04-2025,30-05-2025,29-05-2025,"{""icd_10"": {""1"": ""Z00.129"", ""2"": ""Z23"", ""3"": ""Q35.9""}, ""procedures"": {""1"": ""2""}, ""actual_procedures"": {""1"": ""Z23""}}",1: Z23,,,,,,,,,,,,ANTHEM BCBS HEALTHCARE SOLUTIONS,mco_medicaid,PRIMARY,555.05,325.31,0.59,1699037499,0,2
3383,7,85,2118,17224,90671,vaccine,HC,,,,,,1,0.01,0.01,29-04-2025,29-04-2025,30-05-2025,29-05-2025,"{""icd_10"": {""1"": ""Z00.129"", ""2"": ""Z23"", ""3"": ""Q35.9""}, ""procedures"": {""1"": ""2""}, ""actual_procedures"": {""1"": ""Z23""}}",1: Z23,,,,,,,,,,,,ANTHEM BCBS HEALTHCARE SOLUTIONS,mco_medicaid,PRIMARY,555.05,325.31,0.59,1699037499,0,2
3383,8,86,2118,17224,90472,vaccine_administration,HC,,,,,,2,50,23.12,29-04-2025,29-04-2025,30-05-2025,29-05-2025,"{""icd_10"": {""1"": ""Z00.129"", ""2"": ""Z23"", ""3"": ""Q35.9""}, ""procedures"": {""1"": ""2""}, ""actual_procedures"": {""1"": ""Z23""}}",1: Z23,CO,45,45,,N381,N381,,45,,N381,,ANTHEM BCBS HEALTHCARE SOLUTIONS,mco_medicaid,PRIMARY,555.05,325.31,0.59,1699037499,0,2
3383,9,87,2118,17224,90680,vaccine,HC,,,,,,0,0.01,0,29-04-2025,29-04-2025,30-05-2025,29-05-2025,"{""icd_10"": {""1"": ""Z00.129"", ""2"": ""Z23"", ""3"": ""Q35.9""}, ""procedures"": {""1"": ""2""}, ""actual_procedures"": {""1"": ""Z23""}}",1: Z23,CO,45,45,,N381,N381,,45,,N381,,ANTHEM BCBS HEALTHCARE SOLUTIONS,mco_medicaid,PRIMARY,555.05,325.31,0.59,1699037499,0,2
3384,1,88,29788,44894,90680,vaccine,HC,,,,,,0,0.01,0,29-04-2025,29-04-2025,30-05-2025,29-05-2025,"{""icd_10"": {""1"": ""Z00.129"", ""2"": ""Z23"", ""3"": ""L71.0"", ""4"": ""L20.89""}, ""procedures"": {""1"": ""2""}, ""actual_procedures"": {""1"": ""Z23""}}",1: Z23,CO,45,45,,N381,N381,,45,,N381,,ANTHEM BCBS HEALTHCARE SOLUTIONS,mco_medicaid,PRIMARY,580.06,347.88,0.6,1699037499,0,6
3384,2,89,29788,44894,99213,sick_visit,HC,U6,25,,,,1,150,75.16,29-04-2025,29-04-2025,30-05-2025,29-05-2025,"{""icd_10"": {""1"": ""Z00.129"", ""2"": ""Z23"", ""3"": ""L71.0"", ""4"": ""L20.89""}, ""procedures"": {""1"": ""3"", ""2"": ""4""}, ""actual_procedures"": {""1"": ""L71.0"", ""2"": ""L20.89""}}",1: L71.0 | 2: L20.89,CO,45,45,,N381,N381,,45,,N381,,ANTHEM BCBS HEALTHCARE SOLUTIONS,mco_medicaid,PRIMARY,580.06,347.88,0.6,1699037499,0,6
3384,3,90,29788,44894,99381,well_visit,HC,EP,25,,,,1,230,114.16,29-04-2025,29-04-2025,30-05-2025,29-05-2025,"{""icd_10"": {""1"": ""Z00.129"", ""2"": ""Z23"", ""3"": ""L71.0"", ""4"": ""L20.89""}, ""procedures"": {""1"": ""1""}, ""actual_procedures"": {""1"": ""Z00.129""}}",1: Z00.129,CO,45,45,,N381,N381,,45,,N381,,ANTHEM BCBS HEALTHCARE SOLUTIONS,mco_medicaid,PRIMARY,580.06,347.88,0.6,1699037499,0,6
3384,4,91,29788,44894,90700,vaccine,HC,,,,,,0,0.01,0,29-04-2025,29-04-2025,30-05-2025,29-05-2025,"{""icd_10"": {""1"": ""Z00.129"", ""2"": ""Z23"", ""3"": ""L71.0"", ""4"": ""L20.89""}, ""procedures"": {""1"": ""2""}, ""actual_procedures"": {""1"": ""Z23""}}",1: Z23,CO,45,45,,N381,N381,,45,,N381,,ANTHEM BCBS HEALTHCARE SOLUTIONS,mco_medicaid,PRIMARY,580.06,347.88,0.6,1699037499,0,6
3384,5,92,29788,44894,90460,vaccine_administration,HC,,,,,,6,150,135.42,29-04-2025,29-04-2025,30-05-2025,29-05-2025,"{""icd_10"": {""1"": ""Z00.129"", ""2"": ""Z23"", ""3"": ""L71.0"", ""4"": ""L20.89""}, ""procedures"": {""1"": ""2""}, ""actual_procedures"": {""1"": ""Z23""}}",1: Z23,CO,45,45,,N381,N381,,45,,N381,,ANTHEM BCBS HEALTHCARE SOLUTIONS,mco_medicaid,PRIMARY,580.06,347.88,0.6,1699037499,0,6
3384,6,93,29788,44894,90647,vaccine,HC,,,,,,0,0.01,0,29-04-2025,29-04-2025,30-05-2025,29-05-2025,"{""icd_10"": {""1"": ""Z00.129"", ""2"": ""Z23"", ""3"": ""L71.0"", ""4"": ""L20.89""}, ""procedures"": {""1"": ""2""}, ""actual_procedures"": {""1"": ""Z23""}}",1: Z23,CO,45,45,,N381,N381,,45,,N381,,ANTHEM BCBS HEALTHCARE SOLUTIONS,mco_medicaid,PRIMARY,580.06,347.88,0.6,1699037499,0,6
3384,7,94,29788,44894,90472,vaccine_administration,HC,,,,,,2,50,23.12,29-04-2025,29-04-2025,30-05-2025,29-05-2025,"{""icd_10"": {""1"": ""Z00.129"", ""2"": ""Z23"", ""3"": ""L71.0"", ""4"": ""L20.89""}, ""procedures"": {""1"": ""2""}, ""actual_procedures"": {""1"": ""Z23""}}",1: Z23,CO,45,45,,N381,N381,,45,,N381,,ANTHEM BCBS HEALTHCARE SOLUTIONS,mco_medicaid,PRIMARY,580.06,347.88,0.6,1699037499,0,6
3384,8,95,29788,44894,90713,vaccine,HC,,,,,,1,0.01,0.01,29-04-2025,29-04-2025,30-05-2025,29-05-2025,"{""icd_10"": {""1"": ""Z00.129"", ""2"": ""Z23"", ""3"": ""L71.0"", ""4"": ""L20.89""}, ""procedures"": {""1"": ""2""}, ""actual_procedures"": {""1"": ""Z23""}}",1: Z23,,,,,,,,,,,,ANTHEM BCBS HEALTHCARE SOLUTIONS,mco_medicaid,PRIMARY,580.06,347.88,0.6,1699037499,0,6
3384,9,96,29788,44894,90743,vaccine,HC,,,,,,0,0.01,0,29-04-2025,29-04-2025,30-05-2025,29-05-2025,"{""icd_10"": {""1"": ""Z00.129"", ""2"": ""Z23"", ""3"": ""L71.0"", ""4"": ""L20.89""}, ""procedures"": {""1"": ""2""}, ""actual_procedures"": {""1"": ""Z23""}}",1: Z23,CO,97,97,,N19,N19,,97,,N19,,ANTHEM BCBS HEALTHCARE SOLUTIONS,mco_medicaid,PRIMARY,580.06,347.88,0.6,1699037499,0,6
3384,10,97,29788,44894,90671,vaccine,HC,,,,,,1,0.01,0.01,29-04-2025,29-04-2025,30-05-2025,29-05-2025,"{""icd_10"": {""1"": ""Z00.129"", ""2"": ""Z23"", ""3"": ""L71.0"", ""4"": ""L20.89""}, ""procedures"": {""1"": ""2""}, ""actual_procedures"": {""1"": ""Z23""}}",1: Z23,,,,,,,,,,,,ANTHEM BCBS HEALTHCARE SOLUTIONS,mco_medicaid,PRIMARY,580.06,347.88,0.6,1699037499,0,6
3385,1,98,2329,17435,99391,well_visit,HC,EP,25,,,,1,200,102.7,28-04-2025,28-04-2025,30-05-2025,29-05-2025,"{""icd_10"": {""1"": ""Z00.129"", ""2"": ""Z23""}, ""procedures"": {""1"": ""1""}, ""actual_procedures"": {""1"": ""Z00.129""}}",1: Z00.129,CO,45,45,,N381,N381,,45,,N381,,ANTHEM BCBS HEALTHCARE SOLUTIONS,mco_medicaid,PRIMARY,250.02,147.86,0.59,1699037499,0,6
3385,2,99,2329,17435,90713,vaccine,HC,,,,,,1,0.01,0.01,28-04-2025,28-04-2025,30-05-2025,29-05-2025,"{""icd_10"": {""1"": ""Z00.129"", ""2"": ""Z23""}, ""procedures"": {""1"": ""2""}, ""actual_procedures"": {""1"": ""Z23""}}",1: Z23,,,,,,,,,,,,ANTHEM BCBS HEALTHCARE SOLUTIONS,mco_medicaid,PRIMARY,250.02,147.86,0.59,1699037499,0,6
3385,3,100,2329,17435,90671,vaccine,HC,,,,,,1,0.01,0.01,28-04-2025,28-04-2025,30-05-2025,29-05-2025,"{""icd_10"": {""1"": ""Z00.129"", ""2"": ""Z23""}, ""procedures"": {""1"": ""2""}, ""actual_procedures"": {""1"": ""Z23""}}",1: Z23,,,,,,,,,,,,ANTHEM BCBS HEALTHCARE SOLUTIONS,mco_medicaid,PRIMARY,250.02,147.86,0.59,1699037499,0,6
3385,4,101,2329,17435,90460,vaccine_administration,HC,,,,,,2,50,45.14,28-04-2025,28-04-2025,30-05-2025,29-05-2025,"{""icd_10"": {""1"": ""Z00.129"", ""2"": ""Z23""}, ""procedures"": {""1"": ""2""}, ""actual_procedures"": {""1"": ""Z23""}}",1: Z23,CO,45,45,,N381,N381,,45,,N381,,ANTHEM BCBS HEALTHCARE SOLUTIONS,mco_medicaid,PRIMARY,250.02,147.86,0.59,1699037499,0,6
3386,1,102,29787,44893,99213,sick_visit,HC,U6,25,,,,1,150,75.16,29-04-2025,29-04-2025,30-05-2025,29-05-2025,"{""icd_10"": {""1"": ""Z00.129"", ""2"": ""R05.1"", ""3"": ""R09.81"", ""4"": ""Z13.41"", ""5"": ""Z23"", ""6"": ""Z29.3""}, ""procedures"": {""1"": ""2"", ""2"": ""3""}, ""actual_procedures"": {""1"": ""R05.1"", ""2"": ""R09.81""}}",1: R05.1 | 2: R09.81,CO,45,45,,N381,N381,,45,,N381,,ANTHEM BCBS HEALTHCARE SOLUTIONS,mco_medicaid,PRIMARY,469.81,237.26,0.51,1699037499,1,18
3386,2,103,29787,44893,99382,well_visit,HC,EP,25,,,,1,240,118.84,29-04-2025,29-04-2025,30-05-2025,29-05-2025,"{""icd_10"": {""1"": ""Z00.129"", ""2"": ""R05.1"", ""3"": ""R09.81"", ""4"": ""Z13.41"", ""5"": ""Z23"", ""6"": ""Z29.3""}, ""procedures"": {""1"": ""1""}, ""actual_procedures"": {""1"": ""Z00.129""}}",1: Z00.129,CO,45,45,,N381,N381,,45,,N381,,ANTHEM BCBS HEALTHCARE SOLUTIONS,mco_medicaid,PRIMARY,469.81,237.26,0.51,1699037499,1,18
3386,3,104,29787,44893,96110,procedure,HC,59,,,,,1,14.8,7.77,29-04-2025,29-04-2025,30-05-2025,29-05-2025,"{""icd_10"": {""1"": ""Z00.129"", ""2"": ""R05.1"", ""3"": ""R09.81"", ""4"": ""Z13.41"", ""5"": ""Z23"", ""6"": ""Z29.3""}, ""procedures"": {""1"": ""4""}, ""actual_procedures"": {""1"": ""Z13.41""}}",1: Z13.41,CO,45,45,,N381,N381,,45,,N381,,ANTHEM BCBS HEALTHCARE SOLUTIONS,mco_medicaid,PRIMARY,469.81,237.26,0.51,1699037499,1,18
3386,4,105,29787,44893,90460,vaccine_administration,HC,,,,,,1,25,22.57,29-04-2025,29-04-2025,30-05-2025,29-05-2025,"{""icd_10"": {""1"": ""Z00.129"", ""2"": ""R05.1"", ""3"": ""R09.81"", ""4"": ""Z13.41"", ""5"": ""Z23"", ""6"": ""Z29.3""}, ""procedures"": {""1"": ""5""}, ""actual_procedures"": {""1"": ""Z23""}}",1: Z23,CO,45,45,,N381,N381,,45,,N381,,ANTHEM BCBS HEALTHCARE SOLUTIONS,mco_medicaid,PRIMARY,469.81,237.26,0.51,1699037499,1,18
3386,5,106,29787,44893,99188,procedure,HC,,,,,,1,40,12.92,29-04-2025,29-04-2025,30-05-2025,29-05-2025,"{""icd_10"": {""1"": ""Z00.129"", ""2"": ""R05.1"", ""3"": ""R09.81"", ""4"": ""Z13.41"", ""5"": ""Z23"", ""6"": ""Z29.3""}, ""procedures"": {""1"": ""6""}, ""actual_procedures"": {""1"": ""Z29.3""}}",1: Z29.3,CO,45,45,,N381,N381,,45,,N381,,ANTHEM BCBS HEALTHCARE SOLUTIONS,mco_medicaid,PRIMARY,469.81,237.26,0.51,1699037499,1,18
3386,6,107,29787,44893,90633,vaccine,HC,,,,,,0,0.01,0,29-04-2025,29-04-2025,30-05-2025,29-05-2025,"{""icd_10"": {""1"": ""Z00.129"", ""2"": ""R05.1"", ""3"": ""R09.81"", ""4"": ""Z13.41"", ""5"": ""Z23"", ""6"": ""Z29.3""}, ""procedures"": {""1"": ""5""}, ""actual_procedures"": {""1"": ""Z23""}}",1: Z23,CO,45,45,,N381,N381,,45,,N381,,ANTHEM BCBS HEALTHCARE SOLUTIONS,mco_medicaid,PRIMARY,469.81,237.26,0.51,1699037499,1,18
3387,1,108,13904,9703,99214,sick_visit,HC,25,,,,,1,215,10,12-02-2025,12-02-2025,30-05-2025,29-05-2025,"{""icd_10"": {""1"": ""J45.991"", ""2"": ""R06.2""}, ""procedures"": {""1"": ""1"", ""2"": ""2""}, ""actual_procedures"": {""1"": ""J45.991"", ""2"": ""R06.2""}}",1: J45.991 | 2: R06.2,OA,23,23,,N10,N10,,23,,N10,,ANTHEM BCBS HEALTHCARE SOLUTIONS,mco_medicaid,SECONDARY,362.78,10,0.03,1699037499,8,107
3387,2,109,13904,9703,94760,respiratory,HC,59,,,,,0,15,0,12-02-2025,12-02-2025,30-05-2025,29-05-2025,"{""icd_10"": {""1"": ""J45.991"", ""2"": ""R06.2""}, ""procedures"": {""1"": ""1"", ""2"": ""2""}, ""actual_procedures"": {""1"": ""J45.991"", ""2"": ""R06.2""}}",1: J45.991 | 2: R06.2,CO,216,216,,N10,N10,,216,,N10,,ANTHEM BCBS HEALTHCARE SOLUTIONS,mco_medicaid,SECONDARY,362.78,10,0.03,1699037499,8,107
3387,3,110,13904,9703,94640,respiratory,HC,59,,,,,1,50,0,12-02-2025,12-02-2025,30-05-2025,29-05-2025,"{""icd_10"": {""1"": ""J45.991"", ""2"": ""R06.2""}, ""procedures"": {""1"": ""1"", ""2"": ""2""}, ""actual_procedures"": {""1"": ""J45.991"", ""2"": ""R06.2""}}",1: J45.991 | 2: R06.2,OA,23,23,,N10,N10,,23,,N10,,ANTHEM BCBS HEALTHCARE SOLUTIONS,mco_medicaid,SECONDARY,362.78,10,0.03,1699037499,8,107
3387,4,111,13904,9703,J7613,respiratory,HC,,,,,,1,25,0,12-02-2025,12-02-2025,30-05-2025,29-05-2025,"{""icd_10"": {""1"": ""J45.991"", ""2"": ""R06.2""}, ""procedures"": {""1"": ""1"", ""2"": ""2""}, ""actual_procedures"": {""1"": ""J45.991"", ""2"": ""R06.2""}}",1: J45.991 | 2: R06.2,OA,23,23,,N10,N10,,23,,N10,,ANTHEM BCBS HEALTHCARE SOLUTIONS,mco_medicaid,SECONDARY,362.78,10,0.03,1699037499,8,107
3387,5,112,13904,9703,A7015,respiratory,HC,NU,,,,,0,3.24,0,12-02-2025,12-02-2025,30-05-2025,29-05-2025,"{""icd_10"": {""1"": ""J45.991"", ""2"": ""R06.2""}, ""procedures"": {""1"": ""1"", ""2"": ""2""}, ""actual_procedures"": {""1"": ""J45.991"", ""2"": ""R06.2""}}",1: J45.991 | 2: R06.2,CO,216,216,,N10,N10,,216,,N10,,ANTHEM BCBS HEALTHCARE SOLUTIONS,mco_medicaid,SECONDARY,362.78,10,0.03,1699037499,8,107
3387,6,113,13904,9703,A7003,respiratory,HC,NU,,,,,0,4.54,0,12-02-2025,12-02-2025,30-05-2025,29-05-2025,"{""icd_10"": {""1"": ""J45.991"", ""2"": ""R06.2""}, ""procedures"": {""1"": ""1"", ""2"": ""2""}, ""actual_procedures"": {""1"": ""J45.991"", ""2"": ""R06.2""}}",1: J45.991 | 2: R06.2,CO,216,216,,N10,N10,,216,,N10,,ANTHEM BCBS HEALTHCARE SOLUTIONS,mco_medicaid,SECONDARY,362.78,10,0.03,1699037499,8,107
3387,7,114,13904,9703,99058,Walk-In,HC,59,,,,,0,50,0,12-02-2025,12-02-2025,30-05-2025,29-05-2025,"{""icd_10"": {""1"": ""J45.991"", ""2"": ""R06.2""}, ""procedures"": {""1"": ""1"", ""2"": ""2""}, ""actual_procedures"": {""1"": ""J45.991"", ""2"": ""R06.2""}}",1: J45.991 | 2: R06.2,CO,216,216,,N10,N10,,216,,N10,,ANTHEM BCBS HEALTHCARE SOLUTIONS,mco_medicaid,SECONDARY,362.78,10,0.03,1699037499,8,107
3388,1,115,31889,46995,99383,well_visit,HC,EP,,,,,1,260,123.94,06-05-2025,06-05-2025,30-05-2025,29-05-2025,"{""icd_10"": {""1"": ""Z00.129"", ""2"": ""Z71.3"", ""3"": ""Z71.82"", ""4"": ""Z68.52""}, ""procedures"": {""1"": ""1"", ""2"": ""2"", ""3"": ""3"", ""4"": ""4""}, ""actual_procedures"": {""1"": ""Z00.129"", ""2"": ""Z71.3"", ""3"": ""Z71.82"", ""4"": ""Z68.52""}}","1: Z00.129 | 2: Z71.3
3: Z71.82 | 4: Z68.52",CO,45,45,,N381,N381,,45,,N381,,ANTHEM BCBS HEALTHCARE SOLUTIONS,mco_medicaid,PRIMARY,260,123.94,0.48,1699037499,5,64
3389,1,116,35827,50933,99204,sick_visit,HC,25,,,,,1,320,170.64,05-05-2025,05-05-2025,30-05-2025,29-05-2025,"{""icd_10"": {""1"": ""B34.9"", ""2"": ""M79.10"", ""3"": ""R50.9"", ""4"": ""R09.81"", ""5"": ""R05.1"", ""6"": ""J45.20"", ""7"": ""Z68.53"", ""8"": ""Z71.82"", ""9"": ""Z71.3""}, ""procedures"": {""1"": ""1"", ""2"": ""2"", ""3"": ""5"", ""4"": ""6""}, ""actual_procedures"": {""1"": ""B34.9"", ""2"": ""M79.10"", ""3"": ""R05.1"", ""4"": ""J45.20""}}","1: B34.9 | 2: M79.10
3: R05.1 | 4: J45.20",CO,45,45,,N381,N381,,45,,N381,,ANTHEM BCBS HEALTHCARE SOLUTIONS,mco_medicaid,PRIMARY,435.01,211.33,0.49,1699037499,6,80
3389,2,117,35827,50933,87880,poc,HC,QW,,,,,1,25,9.92,05-05-2025,05-05-2025,30-05-2025,29-05-2025,"{""icd_10"": {""1"": ""B34.9"", ""2"": ""M79.10"", ""3"": ""R50.9"", ""4"": ""R09.81"", ""5"": ""R05.1"", ""6"": ""J45.20"", ""7"": ""Z68.53"", ""8"": ""Z71.82"", ""9"": ""Z71.3""}, ""procedures"": {""1"": ""1"", ""2"": ""3"", ""3"": ""4"", ""4"": ""5""}, ""actual_procedures"": {""1"": ""B34.9"", ""2"": ""R50.9"", ""3"": ""R09.81"", ""4"": ""R05.1""}}","1: B34.9 | 2: R50.9
3: R09.81 | 4: R05.1",CO,45,45,,N381,N381,,45,,N381,,ANTHEM BCBS HEALTHCARE SOLUTIONS,mco_medicaid,PRIMARY,435.01,211.33,0.49,1699037499,6,80
3389,3,118,35827,50933,87804,poc,HC,QW,,,,,2,50,19.86,05-05-2025,05-05-2025,30-05-2025,29-05-2025,"{""icd_10"": {""1"": ""B34.9"", ""2"": ""M79.10"", ""3"": ""R50.9"", ""4"": ""R09.81"", ""5"": ""R05.1"", ""6"": ""J45.20"", ""7"": ""Z68.53"", ""8"": ""Z71.82"", ""9"": ""Z71.3""}, ""procedures"": {""1"": ""2"", ""2"": ""3"", ""3"": ""4"", ""4"": ""5""}, ""actual_procedures"": {""1"": ""M79.10"", ""2"": ""R50.9"", ""3"": ""R09.81"", ""4"": ""R05.1""}}","1: M79.10 | 2: R50.9
3: R09.81 | 4: R05.1",CO,45,45,,N381,N381,,45,,N381,,ANTHEM BCBS HEALTHCARE SOLUTIONS,mco_medicaid,PRIMARY,435.01,211.33,0.49,1699037499,6,80
3389,4,119,35827,50933,87807,poc,HC,QW,,,,,1,25,7.86,05-05-2025,05-05-2025,30-05-2025,29-05-2025,"{""icd_10"": {""1"": ""B34.9"", ""2"": ""M79.10"", ""3"": ""R50.9"", ""4"": ""R09.81"", ""5"": ""R05.1"", ""6"": ""J45.20"", ""7"": ""Z68.53"", ""8"": ""Z71.82"", ""9"": ""Z71.3""}, ""procedures"": {""1"": ""1"", ""2"": ""3"", ""3"": ""4"", ""4"": ""5""}, ""actual_procedures"": {""1"": ""B34.9"", ""2"": ""R50.9"", ""3"": ""R09.81"", ""4"": ""R05.1""}}","1: B34.9 | 2: R50.9
3: R09.81 | 4: R05.1",CO,45,45,,N381,N381,,45,,N381,,ANTHEM BCBS HEALTHCARE SOLUTIONS,mco_medicaid,PRIMARY,435.01,211.33,0.49,1699037499,6,80
3389,5,120,35827,50933,94760,respiratory,HC,59,,,,,1,15,3.05,05-05-2025,05-05-2025,30-05-2025,29-05-2025,"{""icd_10"": {""1"": ""B34.9"", ""2"": ""M79.10"", ""3"": ""R50.9"", ""4"": ""R09.81"", ""5"": ""R05.1"", ""6"": ""J45.20"", ""7"": ""Z68.53"", ""8"": ""Z71.82"", ""9"": ""Z71.3""}, ""procedures"": {""1"": ""1"", ""2"": ""4"", ""3"": ""5"", ""4"": ""6""}, ""actual_procedures"": {""1"": ""B34.9"", ""2"": ""R09.81"", ""3"": ""R05.1"", ""4"": ""J45.20""}}","1: B34.9 | 2: R09.81
3: R05.1 | 4: J45.20",CO,45,45,,N381,N381,,45,,N381,,ANTHEM BCBS HEALTHCARE SOLUTIONS,mco_medicaid,PRIMARY,435.01,211.33,0.49,1699037499,6,80
3389,6,121,35827,50933,97802,,HC,59,,,,,0,0.01,0,05-05-2025,05-05-2025,30-05-2025,29-05-2025,"{""icd_10"": {""1"": ""B34.9"", ""2"": ""M79.10"", ""3"": ""R50.9"", ""4"": ""R09.81"", ""5"": ""R05.1"", ""6"": ""J45.20"", ""7"": ""Z68.53"", ""8"": ""Z71.82"", ""9"": ""Z71.3""}, ""procedures"": {""1"": ""7"", ""2"": ""8"", ""3"": ""9""}, ""actual_procedures"": {""1"": ""Z68.53"", ""2"": ""Z71.82"", ""3"": ""Z71.3""}}","1: Z68.53 | 2: Z71.82
3: Z71.3",CO,97,97,,N19,N19,,97,,N19,,ANTHEM BCBS HEALTHCARE SOLUTIONS,mco_medicaid,PRIMARY,435.01,211.33,0.49,1699037499,6,80
3390,1,122,31750,46856,99213,sick_visit,HC,U6,25,,,,1,150,75.16,09-05-2025,09-05-2025,30-05-2025,29-05-2025,"{""icd_10"": {""1"": ""Z00.129"", ""2"": ""Z71.3"", ""3"": ""Z71.82"", ""4"": ""Z68.52"", ""5"": ""Z29.3"", ""6"": ""B08.1"", ""7"": ""L50.1""}, ""procedures"": {""1"": ""6"", ""2"": ""7""}, ""actual_procedures"": {""1"": ""B08.1"", ""2"": ""L50.1""}}",1: B08.1 | 2: L50.1,CO,45,45,,N381,N381,,45,,N381,,ANTHEM BCBS HEALTHCARE SOLUTIONS,mco_medicaid,PRIMARY,420,197.33,0.47,1699037499,6,81
3390,2,123,31750,46856,99393,well_visit,HC,EP,25,,,,1,230,109.25,09-05-2025,09-05-2025,30-05-2025,29-05-2025,"{""icd_10"": {""1"": ""Z00.129"", ""2"": ""Z71.3"", ""3"": ""Z71.82"", ""4"": ""Z68.52"", ""5"": ""Z29.3"", ""6"": ""B08.1"", ""7"": ""L50.1""}, ""procedures"": {""1"": ""1"", ""2"": ""2"", ""3"": ""3"", ""4"": ""4""}, ""actual_procedures"": {""1"": ""Z00.129"", ""2"": ""Z71.3"", ""3"": ""Z71.82"", ""4"": ""Z68.52""}}","1: Z00.129 | 2: Z71.3
3: Z71.82 | 4: Z68.52",CO,45,45,,N381,N381,,45,,N381,,ANTHEM BCBS HEALTHCARE SOLUTIONS,mco_medicaid,PRIMARY,420,197.33,0.47,1699037499,6,81
3390,3,124,31750,46856,99188,procedure,HC,,,,,,1,40,12.92,09-05-2025,09-05-2025,30-05-2025,29-05-2025,"{""icd_10"": {""1"": ""Z00.129"", ""2"": ""Z71.3"", ""3"": ""Z71.82"", ""4"": ""Z68.52"", ""5"": ""Z29.3"", ""6"": ""B08.1"", ""7"": ""L50.1""}, ""procedures"": {""1"": ""5""}, ""actual_procedures"": {""1"": ""Z29.3""}}",1: Z29.3,CO,45,45,,N381,N381,,45,,N381,,ANTHEM BCBS HEALTHCARE SOLUTIONS,mco_medicaid,PRIMARY,420,197.33,0.47,1699037499,6,81
3391,1,125,333223,48428,99214,sick_visit,HC,25,,,,,1,215,110.75,06-05-2025,06-05-2025,30-05-2025,29-05-2025,"{""icd_10"": {""1"": ""B34.9"", ""2"": ""M79.10"", ""3"": ""R50.9"", ""4"": ""R09.81"", ""5"": ""R62.50"", ""6"": ""F84.0""}, ""procedures"": {""1"": ""1"", ""2"": ""2"", ""3"": ""5"", ""4"": ""6""}, ""actual_procedures"": {""1"": ""B34.9"", ""2"": ""M79.10"", ""3"": ""R62.50"", ""4"": ""F84.0""}}","1: B34.9 | 2: M79.10
3: R62.50 | 4: F84.0",CO,45,45,,N381,N381,,45,,N381,,ANTHEM BCBS HEALTHCARE SOLUTIONS,mco_medicaid,PRIMARY,280,133.66,0.48,1699037499,6,80
3391,2,126,333223,48428,87804,poc,HC,QW,,,,,2,50,19.86,06-05-2025,06-05-2025,30-05-2025,29-05-2025,"{""icd_10"": {""1"": ""B34.9"", ""2"": ""M79.10"", ""3"": ""R50.9"", ""4"": ""R09.81"", ""5"": ""R62.50"", ""6"": ""F84.0""}, ""procedures"": {""1"": ""1"", ""2"": ""2"", ""3"": ""3"", ""4"": ""4""}, ""actual_procedures"": {""1"": ""B34.9"", ""2"": ""M79.10"", ""3"": ""R50.9"", ""4"": ""R09.81""}}","1: B34.9 | 2: M79.10
3: R50.9 | 4: R09.81",CO,45,45,,N381,N381,,45,,N381,,ANTHEM BCBS HEALTHCARE SOLUTIONS,mco_medicaid,PRIMARY,280,133.66,0.48,1699037499,6,80
3391,3,127,333223,48428,94760,respiratory,HC,59,,,,,1,15,3.05,06-05-2025,06-05-2025,30-05-2025,29-05-2025,"{""icd_10"": {""1"": ""B34.9"", ""2"": ""M79.10"", ""3"": ""R50.9"", ""4"": ""R09.81"", ""5"": ""R62.50"", ""6"": ""F84.0""}, ""procedures"": {""1"": ""1"", ""2"": ""3""}, ""actual_procedures"": {""1"": ""B34.9"", ""2"": ""R50.9""}}",1: B34.9 | 2: R50.9,CO,45,45,,N381,N381,,45,,N381,,ANTHEM BCBS HEALTHCARE SOLUTIONS,mco_medicaid,PRIMARY,280,133.66,0.48,1699037499,6,80
3392,1,128,32512,47618,99213,sick_visit,HC,25,,,,,1,150,75.16,05-05-2025,05-05-2025,30-05-2025,29-05-2025,"{""icd_10"": {""1"": ""B02.9""}, ""procedures"": {""1"": ""1""}, ""actual_procedures"": {""1"": ""B02.9""}}",1: B02.9,CO,45,45,,N381,N381,,45,,N381,,ANTHEM BCBS HEALTHCARE SOLUTIONS,mco_medicaid,PRIMARY,200,95.83,0.48,1699037499,18,224
3392,2,129,32512,47618,99058,Walk-In,HC,59,,,,,1,50,20.67,05-05-2025,05-05-2025,30-05-2025,29-05-2025,"{""icd_10"": {""1"": ""B02.9""}, ""procedures"": {""1"": ""1""}, ""actual_procedures"": {""1"": ""B02.9""}}",1: B02.9,CO,45,45,,N381,N381,,45,,N381,,ANTHEM BCBS HEALTHCARE SOLUTIONS,mco_medicaid,PRIMARY,200,95.83,0.48,1699037499,18,224
3393,1,130,31575,46681,99213,sick_visit,HC,U6,25,,,,1,150,75.16,07-05-2025,07-05-2025,30-05-2025,29-05-2025,"{""icd_10"": {""1"": ""Z00.129"", ""2"": ""Z71.3"", ""3"": ""Z71.82"", ""4"": ""Z68.52"", ""5"": ""Z29.3"", ""6"": ""R10.13""}, ""procedures"": {""1"": ""6""}, ""actual_procedures"": {""1"": ""R10.13""}}",1: R10.13,CO,45,45,,N381,N381,,45,,N381,,ANTHEM BCBS HEALTHCARE SOLUTIONS,mco_medicaid,PRIMARY,453.5,212.02,0.47,1699037499,9,119
3393,2,131,31575,46681,99383,well_visit,HC,EP,25,,,,1,260,123.94,07-05-2025,07-05-2025,30-05-2025,29-05-2025,"{""icd_10"": {""1"": ""Z00.129"", ""2"": ""Z71.3"", ""3"": ""Z71.82"", ""4"": ""Z68.52"", ""5"": ""Z29.3"", ""6"": ""R10.13""}, ""procedures"": {""1"": ""1"", ""2"": ""2"", ""3"": ""3"", ""4"": ""4""}, ""actual_procedures"": {""1"": ""Z00.129"", ""2"": ""Z71.3"", ""3"": ""Z71.82"", ""4"": ""Z68.52""}}","1: Z00.129 | 2: Z71.3
3: Z71.82 | 4: Z68.52",CO,45,45,,N381,N381,,45,,N381,,ANTHEM BCBS HEALTHCARE SOLUTIONS,mco_medicaid,PRIMARY,453.5,212.02,0.47,1699037499,9,119
3393,3,132,31575,46681,81002,poc,HC,,,,,,0,3.5,0,07-05-2025,07-05-2025,30-05-2025,29-05-2025,"{""icd_10"": {""1"": ""Z00.129"", ""2"": ""Z71.3"", ""3"": ""Z71.82"", ""4"": ""Z68.52"", ""5"": ""Z29.3"", ""6"": ""R10.13""}, ""procedures"": {""1"": ""6""}, ""actual_procedures"": {""1"": ""R10.13""}}",1: R10.13,CO,97,97,,N19,N19,,97,,N19,,ANTHEM BCBS HEALTHCARE SOLUTIONS,mco_medicaid,PRIMARY,453.5,212.02,0.47,1699037499,9,119
3393,4,133,31575,46681,99188,procedure,HC,,,,,,1,40,12.92,07-05-2025,07-05-2025,30-05-2025,29-05-2025,"{""icd_10"": {""1"": ""Z00.129"", ""2"": ""Z71.3"", ""3"": ""Z71.82"", ""4"": ""Z68.52"", ""5"": ""Z29.3"", ""6"": ""R10.13""}, ""procedures"": {""1"": ""5""}, ""actual_procedures"": {""1"": ""Z29.3""}}",1: Z29.3,CO,45,45,,N381,N381,,45,,N381,,ANTHEM BCBS HEALTHCARE SOLUTIONS,mco_medicaid,PRIMARY,453.5,212.02,0.47,1699037499,9,119
3394,1,134,35850,50956,99203,sick_visit,HC,,,,,,1,220,111.34,07-05-2025,07-05-2025,30-05-2025,29-05-2025,"{""icd_10"": {""1"": ""L44.4"", ""2"": ""R21"", ""3"": ""J20.9"", ""4"": ""J02.9""}, ""procedures"": {""1"": ""1"", ""2"": ""2"", ""3"": ""3"", ""4"": ""4""}, ""actual_procedures"": {""1"": ""L44.4"", ""2"": ""R21"", ""3"": ""J20.9"", ""4"": ""J02.9""}}","1: L44.4 | 2: R21
3: J20.9 | 4: J02.9",CO,45,45,,N381,N381,,45,,N381,,ANTHEM BCBS HEALTHCARE SOLUTIONS,mco_medicaid,PRIMARY,220,111.34,0.51,1699037499,2,29
3395,1,135,3561602,50722,99204,sick_visit,HC,25,,,,,0,320,0,05-05-2025,05-05-2025,30-05-2025,29-05-2025,"{""icd_10"": {""1"": ""R05.1"", ""2"": ""B34.9"", ""3"": ""L20.89"", ""4"": ""H10.32"", ""5"": ""H10.31"", ""6"": ""H92.03""}, ""procedures"": {""1"": ""1"", ""2"": ""2"", ""3"": ""4"", ""4"": ""5""}, ""actual_procedures"": {""1"": ""R05.1"", ""2"": ""B34.9"", ""3"": ""H10.32"", ""4"": ""H10.31""}}","1: R05.1 | 2: B34.9
3: H10.32 | 4: H10.31",CO,16,16,,M76,M76,,16,,M76,,ANTHEM BCBS HEALTHCARE SOLUTIONS,mco_medicaid,PRIMARY,435,20.83,0.05,1699037499,2,33
3395,2,136,3561602,50722,87880,poc,HC,QW,,,,,1,25,9.92,05-05-2025,05-05-2025,30-05-2025,29-05-2025,"{""icd_10"": {""1"": ""R05.1"", ""2"": ""B34.9"", ""3"": ""L20.89"", ""4"": ""H10.32"", ""5"": ""H10.31"", ""6"": ""H92.03""}, ""procedures"": {""1"": ""1"", ""2"": ""2"", ""3"": ""3""}, ""actual_procedures"": {""1"": ""R05.1"", ""2"": ""B34.9"", ""3"": ""L20.89""}}","1: R05.1 | 2: B34.9
3: L20.89",CO,45,45,,N381,N381,,45,,N381,,ANTHEM BCBS HEALTHCARE SOLUTIONS,mco_medicaid,PRIMARY,435,20.83,0.05,1699037499,2,33
3395,3,137,3561602,50722,87807,poc,HC,QW,,,,,1,25,7.86,05-05-2025,05-05-2025,30-05-2025,29-05-2025,"{""icd_10"": {""1"": ""R05.1"", ""2"": ""B34.9"", ""3"": ""L20.89"", ""4"": ""H10.32"", ""5"": ""H10.31"", ""6"": ""H92.03""}, ""procedures"": {""1"": ""1"", ""2"": ""2""}, ""actual_procedures"": {""1"": ""R05.1"", ""2"": ""B34.9""}}",1: R05.1 | 2: B34.9,CO,45,45,,N381,N381,,45,,N381,,ANTHEM BCBS HEALTHCARE SOLUTIONS,mco_medicaid,PRIMARY,435,20.83,0.05,1699037499,2,33
3395,4,138,3561602,50722,94760,respiratory,HC,59,,,,,1,15,3.05,05-05-2025,05-05-2025,30-05-2025,29-05-2025,"{""icd_10"": {""1"": ""R05.1"", ""2"": ""B34.9"", ""3"": ""L20.89"", ""4"": ""H10.32"", ""5"": ""H10.31"", ""6"": ""H92.03""}, ""procedures"": {""1"": ""1"", ""2"": ""2""}, ""actual_procedures"": {""1"": ""R05.1"", ""2"": ""B34.9""}}",1: R05.1 | 2: B34.9,CO,45,45,,N381,N381,,45,,N381,,ANTHEM BCBS HEALTHCARE SOLUTIONS,mco_medicaid,PRIMARY,435,20.83,0.05,1699037499,2,33
3395,5,139,3561602,50722,99058,Walk-In,HC,59,,,,,0,50,0,05-05-2025,05-05-2025,30-05-2025,29-05-2025,"{""icd_10"": {""1"": ""R05.1"", ""2"": ""B34.9"", ""3"": ""L20.89"", ""4"": ""H10.32"", ""5"": ""H10.31"", ""6"": ""H92.03""}, ""procedures"": {""1"": ""1"", ""2"": ""3"", ""3"": ""4"", ""4"": ""5""}, ""actual_procedures"": {""1"": ""R05.1"", ""2"": ""L20.89"", ""3"": ""H10.32"", ""4"": ""H10.31""}}","1: R05.1 | 2: L20.89
3: H10.32 | 4: H10.31",CO,16,16,,M76,M76,,16,,M76,,ANTHEM BCBS HEALTHCARE SOLUTIONS,mco_medicaid,PRIMARY,435,20.83,0.05,1699037499,2,33
3396,1,140,115200,26626,99204,sick_visit,HC,25,,,,,1,320,170.64,07-05-2025,07-05-2025,30-05-2025,29-05-2025,"{""icd_10"": {""1"": ""B34.9"", ""2"": ""M79.10"", ""3"": ""R50.9"", ""4"": ""R09.81"", ""5"": ""R73.9"", ""6"": ""L83"", ""7"": ""G44.1""}, ""procedures"": {""1"": ""1"", ""2"": ""2"", ""3"": ""3"", ""4"": ""6""}, ""actual_procedures"": {""1"": ""B34.9"", ""2"": ""M79.10"", ""3"": ""R50.9"", ""4"": ""L83""}}","1: B34.9 | 2: M79.10
3: R50.9 | 4: L83",CO,45,45,,N381,N381,,45,,N381,,ANTHEM BCBS HEALTHCARE SOLUTIONS,mco_medicaid,PRIMARY,391.74,197.87,0.51,1699037499,16,193
3396,2,141,115200,26626,81002,poc,HC,,,,,,1,3.5,2.09,07-05-2025,07-05-2025,30-05-2025,29-05-2025,"{""icd_10"": {""1"": ""B34.9"", ""2"": ""M79.10"", ""3"": ""R50.9"", ""4"": ""R09.81"", ""5"": ""R73.9"", ""6"": ""L83"", ""7"": ""G44.1""}, ""procedures"": {""1"": ""1"", ""2"": ""2"", ""3"": ""3"", ""4"": ""5""}, ""actual_procedures"": {""1"": ""B34.9"", ""2"": ""M79.10"", ""3"": ""R50.9"", ""4"": ""R73.9""}}","1: B34.9 | 2: M79.10
3: R50.9 | 4: R73.9",CO,45,45,,N381,N381,,45,,N381,,ANTHEM BCBS HEALTHCARE SOLUTIONS,mco_medicaid,PRIMARY,391.74,197.87,0.51,1699037499,16,193
3396,3,142,115200,26626,85018,poc,HC,QW,,,,,1,3.24,1.42,07-05-2025,07-05-2025,30-05-2025,29-05-2025,"{""icd_10"": {""1"": ""B34.9"", ""2"": ""M79.10"", ""3"": ""R50.9"", ""4"": ""R09.81"", ""5"": ""R73.9"", ""6"": ""L83"", ""7"": ""G44.1""}, ""procedures"": {""1"": ""5"", ""2"": ""7""}, ""actual_procedures"": {""1"": ""R73.9"", ""2"": ""G44.1""}}",1: R73.9 | 2: G44.1,CO,45,45,,N381,N381,,45,,N381,,ANTHEM BCBS HEALTHCARE SOLUTIONS,mco_medicaid,PRIMARY,391.74,197.87,0.51,1699037499,16,193
3396,4,143,115200,26626,94760,respiratory,HC,59,,,,,1,15,3.05,07-05-2025,07-05-2025,30-05-2025,29-05-2025,"{""icd_10"": {""1"": ""B34.9"", ""2"": ""M79.10"", ""3"": ""R50.9"", ""4"": ""R09.81"", ""5"": ""R73.9"", ""6"": ""L83"", ""7"": ""G44.1""}, ""procedures"": {""1"": ""1"", ""2"": ""4""}, ""actual_procedures"": {""1"": ""B34.9"", ""2"": ""R09.81""}}",1: B34.9 | 2: R09.81,CO,45,45,,N381,N381,,45,,N381,,ANTHEM BCBS HEALTHCARE SOLUTIONS,mco_medicaid,PRIMARY,391.74,197.87,0.51,1699037499,16,193
3396,5,144,115200,26626,99058,Walk-In,HC,59,,,,,1,50,20.67,07-05-2025,07-05-2025,30-05-2025,29-05-2025,"{""icd_10"": {""1"": ""B34.9"", ""2"": ""M79.10"", ""3"": ""R50.9"", ""4"": ""R09.81"", ""5"": ""R73.9"", ""6"": ""L83"", ""7"": ""G44.1""}, ""procedures"": {""1"": ""1"", ""2"": ""2"", ""3"": ""3"", ""4"": ""6""}, ""actual_procedures"": {""1"": ""B34.9"", ""2"": ""M79.10"", ""3"": ""R50.9"", ""4"": ""L83""}}","1: B34.9 | 2: M79.10
3: R50.9 | 4: L83",CO,45,45,,N381,N381,,45,,N381,,ANTHEM BCBS HEALTHCARE SOLUTIONS,mco_medicaid,PRIMARY,391.74,197.87,0.51,1699037499,16,193
3397,1,145,29770,44876,99204,sick_visit,HC,25,,,,,1,320,170.64,05-05-2025,05-05-2025,30-05-2025,29-05-2025,"{""icd_10"": {""1"": ""J01.90"", ""2"": ""R09.81"", ""3"": ""R05.1"", ""4"": ""J06.0"", ""5"": ""R09.82""}, ""procedures"": {""1"": ""1"", ""2"": ""2"", ""3"": ""3"", ""4"": ""4""}, ""actual_procedures"": {""1"": ""J01.90"", ""2"": ""R09.81"", ""3"": ""R05.1"", ""4"": ""J06.0""}}","1: J01.90 | 2: R09.81
3: R05.1 | 4: J06.0",CO,45,45,,N381,N381,,45,,N381,,ANTHEM BCBS HEALTHCARE SOLUTIONS,mco_medicaid,PRIMARY,385,191.47,0.5,1699037499,1,18
3397,2,146,29770,44876,87880,poc,HC,QW,,,,,1,25,9.92,05-05-2025,05-05-2025,30-05-2025,29-05-2025,"{""icd_10"": {""1"": ""J01.90"", ""2"": ""R09.81"", ""3"": ""R05.1"", ""4"": ""J06.0"", ""5"": ""R09.82""}, ""procedures"": {""1"": ""1"", ""2"": ""2"", ""3"": ""3"", ""4"": ""4""}, ""actual_procedures"": {""1"": ""J01.90"", ""2"": ""R09.81"", ""3"": ""R05.1"", ""4"": ""J06.0""}}","1: J01.90 | 2: R09.81
3: R05.1 | 4: J06.0",CO,45,45,,N381,N381,,45,,N381,,ANTHEM BCBS HEALTHCARE SOLUTIONS,mco_medicaid,PRIMARY,385,191.47,0.5,1699037499,1,18
3397,3,147,29770,44876,87807,poc,HC,QW,,,,,1,25,7.86,05-05-2025,05-05-2025,30-05-2025,29-05-2025,"{""icd_10"": {""1"": ""J01.90"", ""2"": ""R09.81"", ""3"": ""R05.1"", ""4"": ""J06.0"", ""5"": ""R09.82""}, ""procedures"": {""1"": ""1"", ""2"": ""2"", ""3"": ""4"", ""4"": ""5""}, ""actual_procedures"": {""1"": ""J01.90"", ""2"": ""R09.81"", ""3"": ""J06.0"", ""4"": ""R09.82""}}","1: J01.90 | 2: R09.81
3: J06.0 | 4: R09.82",CO,45,45,,N381,N381,,45,,N381,,ANTHEM BCBS HEALTHCARE SOLUTIONS,mco_medicaid,PRIMARY,385,191.47,0.5,1699037499,1,18
3397,4,148,29770,44876,94760,respiratory,HC,59,,,,,1,15,3.05,05-05-2025,05-05-2025,30-05-2025,29-05-2025,"{""icd_10"": {""1"": ""J01.90"", ""2"": ""R09.81"", ""3"": ""R05.1"", ""4"": ""J06.0"", ""5"": ""R09.82""}, ""procedures"": {""1"": ""1"", ""2"": ""2"", ""3"": ""3"", ""4"": ""4""}, ""actual_procedures"": {""1"": ""J01.90"", ""2"": ""R09.81"", ""3"": ""R05.1"", ""4"": ""J06.0""}}","1: J01.90 | 2: R09.81
3: R05.1 | 4: J06.0",CO,45,45,,N381,N381,,45,,N381,,ANTHEM BCBS HEALTHCARE SOLUTIONS,mco_medicaid,PRIMARY,385,191.47,0.5,1699037499,1,18
3398,1,149,35831,50937,99213,sick_visit,HC,U6,25,,,,1,150,75.16,09-05-2025,09-05-2025,30-05-2025,29-05-2025,"{""icd_10"": {""1"": ""Z00.129"", ""2"": ""Z23"", ""3"": ""R21"", ""4"": ""L70.4""}, ""procedures"": {""1"": ""3"", ""2"": ""4""}, ""actual_procedures"": {""1"": ""R21"", ""2"": ""L70.4""}}",1: R21 | 2: L70.4,CO,45,45,,N381,N381,,45,,N381,,ANTHEM BCBS HEALTHCARE SOLUTIONS,mco_medicaid,PRIMARY,375.01,200.43,0.53,1699037499,0,1
3398,2,150,35831,50937,99391,well_visit,HC,EP,25,,,,1,200,102.7,09-05-2025,09-05-2025,30-05-2025,29-05-2025,"{""icd_10"": {""1"": ""Z00.129"", ""2"": ""Z23"", ""3"": ""R21"", ""4"": ""L70.4""}, ""procedures"": {""1"": ""1""}, ""actual_procedures"": {""1"": ""Z00.129""}}",1: Z00.129,CO,45,45,,N381,N381,,45,,N381,,ANTHEM BCBS HEALTHCARE SOLUTIONS,mco_medicaid,PRIMARY,375.01,200.43,0.53,1699037499,0,1
3398,3,151,35831,50937,90743,vaccine,HC,,,,,,0,0.01,0,09-05-2025,09-05-2025,30-05-2025,29-05-2025,"{""icd_10"": {""1"": ""Z00.129"", ""2"": ""Z23"", ""3"": ""R21"", ""4"": ""L70.4""}, ""procedures"": {""1"": ""2""}, ""actual_procedures"": {""1"": ""Z23""}}",1: Z23,CO,97,97,,N19,N19,,97,,N19,,ANTHEM BCBS HEALTHCARE SOLUTIONS,mco_medicaid,PRIMARY,375.01,200.43,0.53,1699037499,0,1
3398,4,152,35831,50937,90460,vaccine_administration,HC,,,,,,1,25,22.57,09-05-2025,09-05-2025,30-05-2025,29-05-2025,"{""icd_10"": {""1"": ""Z00.129"", ""2"": ""Z23"", ""3"": ""R21"", ""4"": ""L70.4""}, ""procedures"": {""1"": ""2""}, ""actual_procedures"": {""1"": ""Z23""}}",1: Z23,CO,45,45,,N381,N381,,45,,N381,,ANTHEM BCBS HEALTHCARE SOLUTIONS,mco_medicaid,PRIMARY,375.01,200.43,0.53,1699037499,0,1
3399,1,153,2091,17197,99204,sick_visit,HC,25,,,,,1,320,170.64,07-05-2025,07-05-2025,30-05-2025,29-05-2025,"{""icd_10"": {""1"": ""B34.9"", ""2"": ""M79.10"", ""3"": ""R50.9"", ""4"": ""R09.81"", ""5"": ""G44.1"", ""6"": ""L83""}, ""procedures"": {""1"": ""1"", ""2"": ""2"", ""3"": ""3"", ""4"": ""4""}, ""actual_procedures"": {""1"": ""B34.9"", ""2"": ""M79.10"", ""3"": ""R50.9"", ""4"": ""R09.81""}}","1: B34.9 | 2: M79.10
3: R50.9 | 4: R09.81",CO,45,45,,N381,N381,,45,,N381,,ANTHEM BCBS HEALTHCARE SOLUTIONS,mco_medicaid,PRIMARY,485,232,0.48,1699037499,14,176
3399,2,154,2091,17197,87880,poc,HC,QW,,,,,1,25,9.92,07-05-2025,07-05-2025,30-05-2025,29-05-2025,"{""icd_10"": {""1"": ""B34.9"", ""2"": ""M79.10"", ""3"": ""R50.9"", ""4"": ""R09.81"", ""5"": ""G44.1"", ""6"": ""L83""}, ""procedures"": {""1"": ""1"", ""2"": ""2"", ""3"": ""3"", ""4"": ""4""}, ""actual_procedures"": {""1"": ""B34.9"", ""2"": ""M79.10"", ""3"": ""R50.9"", ""4"": ""R09.81""}}","1: B34.9 | 2: M79.10
3: R50.9 | 4: R09.81",CO,45,45,,N381,N381,,45,,N381,,ANTHEM BCBS HEALTHCARE SOLUTIONS,mco_medicaid,PRIMARY,485,232,0.48,1699037499,14,176
3399,3,155,2091,17197,87804,poc,HC,QW,,,,,2,50,19.86,07-05-2025,07-05-2025,30-05-2025,29-05-2025,"{""icd_10"": {""1"": ""B34.9"", ""2"": ""M79.10"", ""3"": ""R50.9"", ""4"": ""R09.81"", ""5"": ""G44.1"", ""6"": ""L83""}, ""procedures"": {""1"": ""1"", ""2"": ""2"", ""3"": ""3"", ""4"": ""4""}, ""actual_procedures"": {""1"": ""B34.9"", ""2"": ""M79.10"", ""3"": ""R50.9"", ""4"": ""R09.81""}}","1: B34.9 | 2: M79.10
3: R50.9 | 4: R09.81",CO,45,45,,N381,N381,,45,,N381,,ANTHEM BCBS HEALTHCARE SOLUTIONS,mco_medicaid,PRIMARY,485,232,0.48,1699037499,14,176
3399,4,156,2091,17197,87807,poc,HC,QW,,,,,1,25,7.86,07-05-2025,07-05-2025,30-05-2025,29-05-2025,"{""icd_10"": {""1"": ""B34.9"", ""2"": ""M79.10"", ""3"": ""R50.9"", ""4"": ""R09.81"", ""5"": ""G44.1"", ""6"": ""L83""}, ""procedures"": {""1"": ""1"", ""2"": ""3"", ""3"": ""4"", ""4"": ""5""}, ""actual_procedures"": {""1"": ""B34.9"", ""2"": ""R50.9"", ""3"": ""R09.81"", ""4"": ""G44.1""}}","1: B34.9 | 2: R50.9
3: R09.81 | 4: G44.1",CO,45,45,,N381,N381,,45,,N381,,ANTHEM BCBS HEALTHCARE SOLUTIONS,mco_medicaid,PRIMARY,485,232,0.48,1699037499,14,176
3399,5,157,2091,17197,94760,respiratory,HC,59,,,,,1,15,3.05,07-05-2025,07-05-2025,30-05-2025,29-05-2025,"{""icd_10"": {""1"": ""B34.9"", ""2"": ""M79.10"", ""3"": ""R50.9"", ""4"": ""R09.81"", ""5"": ""G44.1"", ""6"": ""L83""}, ""procedures"": {""1"": ""1"", ""2"": ""3"", ""3"": ""4"", ""4"": ""5""}, ""actual_procedures"": {""1"": ""B34.9"", ""2"": ""R50.9"", ""3"": ""R09.81"", ""4"": ""G44.1""}}","1: B34.9 | 2: R50.9
3: R09.81 | 4: G44.1",CO,45,45,,N381,N381,,45,,N381,,ANTHEM BCBS HEALTHCARE SOLUTIONS,mco_medicaid,PRIMARY,485,232,0.48,1699037499,14,176
3399,6,158,2091,17197,99058,Walk-In,HC,59,,,,,1,50,20.67,07-05-2025,07-05-2025,30-05-2025,29-05-2025,"{""icd_10"": {""1"": ""B34.9"", ""2"": ""M79.10"", ""3"": ""R50.9"", ""4"": ""R09.81"", ""5"": ""G44.1"", ""6"": ""L83""}, ""procedures"": {""1"": ""1"", ""2"": ""2"", ""3"": ""5"", ""4"": ""6""}, ""actual_procedures"": {""1"": ""B34.9"", ""2"": ""M79.10"", ""3"": ""G44.1"", ""4"": ""L83""}}","1: B34.9 | 2: M79.10
3: G44.1 | 4: L83",CO,45,45,,N381,N381,,45,,N381,,ANTHEM BCBS HEALTHCARE SOLUTIONS,mco_medicaid,PRIMARY,485,232,0.48,1699037499,14,176
3400,1,159,115122,26618,99213,sick_visit,HC,U6,25,,,,1,150,75.16,09-05-2025,09-05-2025,30-05-2025,29-05-2025,"{""icd_10"": {""1"": ""Z00.129"", ""2"": ""Z29.3"", ""3"": ""M79.675""}, ""procedures"": {""1"": ""3""}, ""actual_procedures"": {""1"": ""M79.675""}}",1: M79.675,CO,45,45,,N381,N381,,45,,N381,,ANTHEM BCBS HEALTHCARE SOLUTIONS,mco_medicaid,PRIMARY,353.24,177.86,0.5,1699037499,0,9
3400,2,160,115122,26618,99391,well_visit,HC,EP,25,,,,1,200,102.7,09-05-2025,09-05-2025,30-05-2025,29-05-2025,"{""icd_10"": {""1"": ""Z00.129"", ""2"": ""Z29.3"", ""3"": ""M79.675""}, ""procedures"": {""1"": ""1""}, ""actual_procedures"": {""1"": ""Z00.129""}}",1: Z00.129,CO,45,45,,N381,N381,,45,,N381,,ANTHEM BCBS HEALTHCARE SOLUTIONS,mco_medicaid,PRIMARY,353.24,177.86,0.5,1699037499,0,9
3400,3,161,115122,26618,85018,poc,HC,QW,,,,,0,3.24,0,09-05-2025,09-05-2025,30-05-2025,29-05-2025,"{""icd_10"": {""1"": ""Z00.129"", ""2"": ""Z29.3"", ""3"": ""M79.675""}, ""procedures"": {""1"": ""3""}, ""actual_procedures"": {""1"": ""M79.675""}}",1: M79.675,CO,97,97,,N19,N19,,97,,N19,,ANTHEM BCBS HEALTHCARE SOLUTIONS,mco_medicaid,PRIMARY,353.24,177.86,0.5,1699037499,0,9
3401,1,162,2143,17249,99213,sick_visit,HC,,,,,,1,150,75.16,07-05-2025,07-05-2025,30-05-2025,29-05-2025,"{""icd_10"": {""1"": ""F90.2"", ""2"": ""R62.50"", ""3"": ""F81.9""}, ""procedures"": {""1"": ""1"", ""2"": ""2"", ""3"": ""3""}, ""actual_procedures"": {""1"": ""F90.2"", ""2"": ""R62.50"", ""3"": ""F81.9""}}","1: F90.2 | 2: R62.50
3: F81.9",CO,45,45,,N381,N381,,45,,N381,,ANTHEM BCBS HEALTHCARE SOLUTIONS,mco_medicaid,PRIMARY,150,75.16,0.5,1699037499,8,105
3402,1,163,11524032125,26630,99214,sick_visit,HC,25,,,,,1,215,110.75,06-05-2025,06-05-2025,30-05-2025,29-05-2025,"{""icd_10"": {""1"": ""R07.9"", ""2"": ""R19.7"", ""3"": ""E86.0"", ""4"": ""R11.10""}, ""procedures"": {""1"": ""1"", ""2"": ""2"", ""3"": ""3"", ""4"": ""4""}, ""actual_procedures"": {""1"": ""R07.9"", ""2"": ""R19.7"", ""3"": ""E86.0"", ""4"": ""R11.10""}}","1: R07.9 | 2: R19.7
3: E86.0 | 4: R11.10",CO,45,45,,N381,N381,,45,,N381,,ANTHEM BCBS HEALTHCARE SOLUTIONS,mco_medicaid,PRIMARY,358.5,166.34,0.46,1699037499,8,104
3402,2,164,11524032125,26630,99058,Walk-In,HC,59,,,,,1,50,20.67,06-05-2025,06-05-2025,30-05-2025,29-05-2025,"{""icd_10"": {""1"": ""R07.9"", ""2"": ""R19.7"", ""3"": ""E86.0"", ""4"": ""R11.10""}, ""procedures"": {""1"": ""1"", ""2"": ""2"", ""3"": ""3"", ""4"": ""4""}, ""actual_procedures"": {""1"": ""R07.9"", ""2"": ""R19.7"", ""3"": ""E86.0"", ""4"": ""R11.10""}}","1: R07.9 | 2: R19.7
3: E86.0 | 4: R11.10",CO,45,45,,N381,N381,,45,,N381,,ANTHEM BCBS HEALTHCARE SOLUTIONS,mco_medicaid,PRIMARY,358.5,166.34,0.46,1699037499,8,104
3402,3,165,11524032125,26630,81002,poc,HC,,,,,,1,3.5,2.09,06-05-2025,06-05-2025,30-05-2025,29-05-2025,"{""icd_10"": {""1"": ""R07.9"", ""2"": ""R19.7"", ""3"": ""E86.0"", ""4"": ""R11.10""}, ""procedures"": {""1"": ""1"", ""2"": ""2"", ""3"": ""3"", ""4"": ""4""}, ""actual_procedures"": {""1"": ""R07.9"", ""2"": ""R19.7"", ""3"": ""E86.0"", ""4"": ""R11.10""}}","1: R07.9 | 2: R19.7
3: E86.0 | 4: R11.10",CO,45,45,,N381,N381,,45,,N381,,ANTHEM BCBS HEALTHCARE SOLUTIONS,mco_medicaid,PRIMARY,358.5,166.34,0.46,1699037499,8,104
3402,4,166,11524032125,26630,87880,poc,HC,QW,,,,,1,25,9.92,06-05-2025,06-05-2025,30-05-2025,29-05-2025,"{""icd_10"": {""1"": ""R07.9"", ""2"": ""R19.7"", ""3"": ""E86.0"", ""4"": ""R11.10""}, ""procedures"": {""1"": ""1"", ""2"": ""2"", ""3"": ""3"", ""4"": ""4""}, ""actual_procedures"": {""1"": ""R07.9"", ""2"": ""R19.7"", ""3"": ""E86.0"", ""4"": ""R11.10""}}","1: R07.9 | 2: R19.7
3: E86.0 | 4: R11.10",CO,45,45,,N381,N381,,45,,N381,,ANTHEM BCBS HEALTHCARE SOLUTIONS,mco_medicaid,PRIMARY,358.5,166.34,0.46,1699037499,8,104
3402,5,167,11524032125,26630,87804,poc,HC,QW,,,,,2,50,19.86,06-05-2025,06-05-2025,30-05-2025,29-05-2025,"{""icd_10"": {""1"": ""R07.9"", ""2"": ""R19.7"", ""3"": ""E86.0"", ""4"": ""R11.10""}, ""procedures"": {""1"": ""1"", ""2"": ""2"", ""3"": ""3"", ""4"": ""4""}, ""actual_procedures"": {""1"": ""R07.9"", ""2"": ""R19.7"", ""3"": ""E86.0"", ""4"": ""R11.10""}}","1: R07.9 | 2: R19.7
3: E86.0 | 4: R11.10",CO,45,45,,N381,N381,,45,,N381,,ANTHEM BCBS HEALTHCARE SOLUTIONS,mco_medicaid,PRIMARY,358.5,166.34,0.46,1699037499,8,104
3402,6,168,11524032125,26630,94760,respiratory,HC,59,,,,,1,15,3.05,06-05-2025,06-05-2025,30-05-2025,29-05-2025,"{""icd_10"": {""1"": ""R07.9"", ""2"": ""R19.7"", ""3"": ""E86.0"", ""4"": ""R11.10""}, ""procedures"": {""1"": ""1"", ""2"": ""2"", ""3"": ""3"", ""4"": ""4""}, ""actual_procedures"": {""1"": ""R07.9"", ""2"": ""R19.7"", ""3"": ""E86.0"", ""4"": ""R11.10""}}","1: R07.9 | 2: R19.7
3: E86.0 | 4: R11.10",CO,45,45,,N381,N381,,45,,N381,,ANTHEM BCBS HEALTHCARE SOLUTIONS,mco_medicaid,PRIMARY,358.5,166.34,0.46,1699037499,8,104
3403,1,169,31775,46881,99213,sick_visit,HC,U6,25,,,,1,150,75.16,08-05-2025,08-05-2025,30-05-2025,29-05-2025,"{""icd_10"": {""1"": ""Z00.129"", ""2"": ""Z71.3"", ""3"": ""Z71.82"", ""4"": ""Z68.52"", ""5"": ""Z29.3"", ""6"": ""J45.30"", ""7"": ""R05.3""}, ""procedures"": {""1"": ""6"", ""2"": ""7""}, ""actual_procedures"": {""1"": ""J45.30"", ""2"": ""R05.3""}}",1: J45.30 | 2: R05.3,CO,45,45,,N381,N381,,45,,N381,,ANTHEM BCBS HEALTHCARE SOLUTIONS,mco_medicaid,PRIMARY,529.38,248.87,0.47,1699037499,6,81
3403,2,170,31775,46881,99383,well_visit,HC,EP,25,,,,1,260,123.94,08-05-2025,08-05-2025,30-05-2025,29-05-2025,"{""icd_10"": {""1"": ""Z00.129"", ""2"": ""Z71.3"", ""3"": ""Z71.82"", ""4"": ""Z68.52"", ""5"": ""Z29.3"", ""6"": ""J45.30"", ""7"": ""R05.3""}, ""procedures"": {""1"": ""1"", ""2"": ""2"", ""3"": ""3"", ""4"": ""4""}, ""actual_procedures"": {""1"": ""Z00.129"", ""2"": ""Z71.3"", ""3"": ""Z71.82"", ""4"": ""Z68.52""}}","1: Z00.129 | 2: Z71.3
3: Z71.82 | 4: Z68.52",CO,45,45,,N381,N381,,45,,N381,,ANTHEM BCBS HEALTHCARE SOLUTIONS,mco_medicaid,PRIMARY,529.38,248.87,0.47,1699037499,6,81
3403,3,171,31775,46881,94010,respiratory,HC,59,,,,,1,64.38,33.8,08-05-2025,08-05-2025,30-05-2025,29-05-2025,"{""icd_10"": {""1"": ""Z00.129"", ""2"": ""Z71.3"", ""3"": ""Z71.82"", ""4"": ""Z68.52"", ""5"": ""Z29.3"", ""6"": ""J45.30"", ""7"": ""R05.3""}, ""procedures"": {""1"": ""6""}, ""actual_procedures"": {""1"": ""J45.30""}}",1: J45.30,CO,45,45,,N381,N381,,45,,N381,,ANTHEM BCBS HEALTHCARE SOLUTIONS,mco_medicaid,PRIMARY,529.38,248.87,0.47,1699037499,6,81
3403,4,172,31775,46881,99188,procedure,HC,,,,,,1,40,12.92,08-05-2025,08-05-2025,30-05-2025,29-05-2025,"{""icd_10"": {""1"": ""Z00.129"", ""2"": ""Z71.3"", ""3"": ""Z71.82"", ""4"": ""Z68.52"", ""5"": ""Z29.3"", ""6"": ""J45.30"", ""7"": ""R05.3""}, ""procedures"": {""1"": ""5""}, ""actual_procedures"": {""1"": ""Z29.3""}}",1: Z29.3,CO,45,45,,N381,N381,,45,,N381,,ANTHEM BCBS HEALTHCARE SOLUTIONS,mco_medicaid,PRIMARY,529.38,248.87,0.47,1699037499,6,81
3403,5,173,31775,46881,94760,respiratory,HC,59,,,,,1,15,3.05,08-05-2025,08-05-2025,30-05-2025,29-05-2025,"{""icd_10"": {""1"": ""Z00.129"", ""2"": ""Z71.3"", ""3"": ""Z71.82"", ""4"": ""Z68.52"", ""5"": ""Z29.3"", ""6"": ""J45.30"", ""7"": ""R05.3""}, ""procedures"": {""1"": ""6"", ""2"": ""7""}, ""actual_procedures"": {""1"": ""J45.30"", ""2"": ""R05.3""}}",1: J45.30 | 2: R05.3,CO,45,45,,N381,N381,,45,,N381,,ANTHEM BCBS HEALTHCARE SOLUTIONS,mco_medicaid,PRIMARY,529.38,248.87,0.47,1699037499,6,81
3404,1,174,35824,50930,99391,well_visit,HC,EP,25,,,,1,200,102.7,06-05-2025,06-05-2025,30-05-2025,29-05-2025,"{""icd_10"": {""1"": ""Z00.129"", ""2"": ""Z41.2"", ""3"": ""N47.1""}, ""procedures"": {""1"": ""1"", ""2"": ""3""}, ""actual_procedures"": {""1"": ""Z00.129"", ""2"": ""N47.1""}}",1: Z00.129 | 2: N47.1,CO,45,45,,N381,N381,,45,,N381,,ANTHEM BCBS HEALTHCARE SOLUTIONS,mco_medicaid,PRIMARY,686.82,297.78,0.43,1699037499,0,0
3404,2,175,35824,50930,64450,procedure,HC,59,,,,,0,105.24,0,06-05-2025,06-05-2025,30-05-2025,29-05-2025,"{""icd_10"": {""1"": ""Z00.129"", ""2"": ""Z41.2"", ""3"": ""N47.1""}, ""procedures"": {""1"": ""2""}, ""actual_procedures"": {""1"": ""Z41.2""}}",1: Z41.2,CO,97,97,,N19,N19,,97,,N19,,ANTHEM BCBS HEALTHCARE SOLUTIONS,mco_medicaid,PRIMARY,686.82,297.78,0.43,1699037499,0,0
3404,3,176,35824,50930,J2003,,HC,,,,,,0,10,0,06-05-2025,06-05-2025,30-05-2025,29-05-2025,"{""icd_10"": {""1"": ""Z00.129"", ""2"": ""Z41.2"", ""3"": ""N47.1""}, ""procedures"": {""1"": ""2""}, ""actual_procedures"": {""1"": ""Z41.2""}}",1: Z41.2,CO,256,256,,N448,N448,,256,,N448,,ANTHEM BCBS HEALTHCARE SOLUTIONS,mco_medicaid,PRIMARY,686.82,297.78,0.43,1699037499,0,0
3404,4,177,35824,50930,96372,medication,HC,59,,,,,1,44.44,23.33,06-05-2025,06-05-2025,30-05-2025,29-05-2025,"{""icd_10"": {""1"": ""Z00.129"", ""2"": ""Z41.2"", ""3"": ""N47.1""}, ""procedures"": {""1"": ""2""}, ""actual_procedures"": {""1"": ""Z41.2""}}",1: Z41.2,CO,45,45,,N381,N381,,45,,N381,,ANTHEM BCBS HEALTHCARE SOLUTIONS,mco_medicaid,PRIMARY,686.82,297.78,0.43,1699037499,0,0
3404,5,178,35824,50930,54160,procedure,HC,,,,,,1,327.14,171.75,06-05-2025,06-05-2025,30-05-2025,29-05-2025,"{""icd_10"": {""1"": ""Z00.129"", ""2"": ""Z41.2"", ""3"": ""N47.1""}, ""procedures"": {""1"": ""2""}, ""actual_procedures"": {""1"": ""Z41.2""}}",1: Z41.2,CO,45,45,,N381,N381,,45,,N381,,ANTHEM BCBS HEALTHCARE SOLUTIONS,mco_medicaid,PRIMARY,686.82,297.78,0.43,1699037499,0,0
3405,1,179,29783,44889,99213,sick_visit,HC,25,,,,,1,150,75.16,09-05-2025,09-05-2025,30-05-2025,29-05-2025,"{""icd_10"": {""1"": ""R50.9"", ""2"": ""R05.1"", ""3"": ""B34.9"", ""4"": ""J00""}, ""procedures"": {""1"": ""1"", ""2"": ""2"", ""3"": ""3"", ""4"": ""4""}, ""actual_procedures"": {""1"": ""R50.9"", ""2"": ""R05.1"", ""3"": ""B34.9"", ""4"": ""J00""}}","1: R50.9 | 2: R05.1
3: B34.9 | 4: J00",CO,45,45,,N381,N381,,45,,N381,,ANTHEM BCBS HEALTHCARE SOLUTIONS,mco_medicaid,PRIMARY,405,152.66,0.38,1699037499,1,12
3405,2,180,29783,44889,87811,poc,HC,QW,,,,,1,90,16.14,09-05-2025,09-05-2025,30-05-2025,29-05-2025,"{""icd_10"": {""1"": ""R50.9"", ""2"": ""R05.1"", ""3"": ""B34.9"", ""4"": ""J00""}, ""procedures"": {""1"": ""1"", ""2"": ""2"", ""3"": ""3"", ""4"": ""4""}, ""actual_procedures"": {""1"": ""R50.9"", ""2"": ""R05.1"", ""3"": ""B34.9"", ""4"": ""J00""}}","1: R50.9 | 2: R05.1
3: B34.9 | 4: J00",CO,45,45,,N381,N381,,45,,N381,,ANTHEM BCBS HEALTHCARE SOLUTIONS,mco_medicaid,PRIMARY,405,152.66,0.38,1699037499,1,12
3405,3,181,29783,44889,87880,poc,HC,QW,,,,,1,25,9.92,09-05-2025,09-05-2025,30-05-2025,29-05-2025,"{""icd_10"": {""1"": ""R50.9"", ""2"": ""R05.1"", ""3"": ""B34.9"", ""4"": ""J00""}, ""procedures"": {""1"": ""1"", ""2"": ""2"", ""3"": ""3"", ""4"": ""4""}, ""actual_procedures"": {""1"": ""R50.9"", ""2"": ""R05.1"", ""3"": ""B34.9"", ""4"": ""J00""}}","1: R50.9 | 2: R05.1
3: B34.9 | 4: J00",CO,45,45,,N381,N381,,45,,N381,,ANTHEM BCBS HEALTHCARE SOLUTIONS,mco_medicaid,PRIMARY,405,152.66,0.38,1699037499,1,12
3405,4,182,29783,44889,87804,poc,HC,QW,,,,,2,50,19.86,09-05-2025,09-05-2025,30-05-2025,29-05-2025,"{""icd_10"": {""1"": ""R50.9"", ""2"": ""R05.1"", ""3"": ""B34.9"", ""4"": ""J00""}, ""procedures"": {""1"": ""1"", ""2"": ""2"", ""3"": ""3"", ""4"": ""4""}, ""actual_procedures"": {""1"": ""R50.9"", ""2"": ""R05.1"", ""3"": ""B34.9"", ""4"": ""J00""}}","1: R50.9 | 2: R05.1
3: B34.9 | 4: J00",CO,45,45,,N381,N381,,45,,N381,,ANTHEM BCBS HEALTHCARE SOLUTIONS,mco_medicaid,PRIMARY,405,152.66,0.38,1699037499,1,12
3405,5,183,29783,44889,87807,poc,HC,QW,,,,,1,25,7.86,09-05-2025,09-05-2025,30-05-2025,29-05-2025,"{""icd_10"": {""1"": ""R50.9"", ""2"": ""R05.1"", ""3"": ""B34.9"", ""4"": ""J00""}, ""procedures"": {""1"": ""1"", ""2"": ""2"", ""3"": ""3"", ""4"": ""4""}, ""actual_procedures"": {""1"": ""R50.9"", ""2"": ""R05.1"", ""3"": ""B34.9"", ""4"": ""J00""}}","1: R50.9 | 2: R05.1
3: B34.9 | 4: J00",CO,45,45,,N381,N381,,45,,N381,,ANTHEM BCBS HEALTHCARE SOLUTIONS,mco_medicaid,PRIMARY,405,152.66,0.38,1699037499,1,12
3405,6,184,29783,44889,94760,respiratory,HC,59,,,,,1,15,3.05,09-05-2025,09-05-2025,30-05-2025,29-05-2025,"{""icd_10"": {""1"": ""R50.9"", ""2"": ""R05.1"", ""3"": ""B34.9"", ""4"": ""J00""}, ""procedures"": {""1"": ""1"", ""2"": ""2"", ""3"": ""3"", ""4"": ""4""}, ""actual_procedures"": {""1"": ""R50.9"", ""2"": ""R05.1"", ""3"": ""B34.9"", ""4"": ""J00""}}","1: R50.9 | 2: R05.1
3: B34.9 | 4: J00",CO,45,45,,N381,N381,,45,,N381,,ANTHEM BCBS HEALTHCARE SOLUTIONS,mco_medicaid,PRIMARY,405,152.66,0.38,1699037499,1,12
3405,7,185,29783,44889,99058,Walk-In,HC,59,,,,,1,50,20.67,09-05-2025,09-05-2025,30-05-2025,29-05-2025,"{""icd_10"": {""1"": ""R50.9"", ""2"": ""R05.1"", ""3"": ""B34.9"", ""4"": ""J00""}, ""procedures"": {""1"": ""1"", ""2"": ""2"", ""3"": ""3"", ""4"": ""4""}, ""actual_procedures"": {""1"": ""R50.9"", ""2"": ""R05.1"", ""3"": ""B34.9"", ""4"": ""J00""}}","1: R50.9 | 2: R05.1
3: B34.9 | 4: J00",CO,45,45,,N381,N381,,45,,N381,,ANTHEM BCBS HEALTHCARE SOLUTIONS,mco_medicaid,PRIMARY,405,152.66,0.38,1699037499,1,12
3406,1,186,35602,50708,99213,sick_visit,HC,25,,,,,1,150,75.16,06-05-2025,06-05-2025,30-05-2025,29-05-2025,"{""icd_10"": {""1"": ""R09.81"", ""2"": ""R05.1"", ""3"": ""B34.9"", ""4"": ""J05.0""}, ""procedures"": {""1"": ""1"", ""2"": ""2"", ""3"": ""3"", ""4"": ""4""}, ""actual_procedures"": {""1"": ""R09.81"", ""2"": ""R05.1"", ""3"": ""B34.9"", ""4"": ""J05.0""}}","1: R09.81 | 2: R05.1
3: B34.9 | 4: J05.0",CO,45,45,,N381,N381,,45,,N381,,ANTHEM BCBS HEALTHCARE SOLUTIONS,mco_medicaid,PRIMARY,215,98.07,0.46,1699037499,6,80
3406,2,187,35602,50708,87804,poc,HC,QW,,,,,2,50,19.86,06-05-2025,06-05-2025,30-05-2025,29-05-2025,"{""icd_10"": {""1"": ""R09.81"", ""2"": ""R05.1"", ""3"": ""B34.9"", ""4"": ""J05.0""}, ""procedures"": {""1"": ""1"", ""2"": ""2"", ""3"": ""3"", ""4"": ""4""}, ""actual_procedures"": {""1"": ""R09.81"", ""2"": ""R05.1"", ""3"": ""B34.9"", ""4"": ""J05.0""}}","1: R09.81 | 2: R05.1
3: B34.9 | 4: J05.0",CO,45,45,,N381,N381,,45,,N381,,ANTHEM BCBS HEALTHCARE SOLUTIONS,mco_medicaid,PRIMARY,215,98.07,0.46,1699037499,6,80
3406,3,188,35602,50708,94760,respiratory,HC,59,,,,,1,15,3.05,06-05-2025,06-05-2025,30-05-2025,29-05-2025,"{""icd_10"": {""1"": ""R09.81"", ""2"": ""R05.1"", ""3"": ""B34.9"", ""4"": ""J05.0""}, ""procedures"": {""1"": ""1"", ""2"": ""2"", ""3"": ""3"", ""4"": ""4""}, ""actual_procedures"": {""1"": ""R09.81"", ""2"": ""R05.1"", ""3"": ""B34.9"", ""4"": ""J05.0""}}","1: R09.81 | 2: R05.1
3: B34.9 | 4: J05.0",CO,45,45,,N381,N381,,45,,N381,,ANTHEM BCBS HEALTHCARE SOLUTIONS,mco_medicaid,PRIMARY,215,98.07,0.46,1699037499,6,80
3407,1,189,32782,47888,99213,sick_visit,HC,U6,25,,,,1,150,75.16,05-05-2025,05-05-2025,30-05-2025,29-05-2025,"{""icd_10"": {""1"": ""Z00.129"", ""2"": ""Z71.3"", ""3"": ""Z71.82"", ""4"": ""Z68.52"", ""5"": ""Z29.3"", ""6"": ""R10.84""}, ""procedures"": {""1"": ""6""}, ""actual_procedures"": {""1"": ""R10.84""}}",1: R10.84,CO,45,45,,N381,N381,,45,,N381,,ANTHEM BCBS HEALTHCARE SOLUTIONS,mco_medicaid,PRIMARY,453.5,212.02,0.47,1699037499,9,113
3407,2,190,32782,47888,99383,well_visit,HC,EP,25,,,,1,260,123.94,05-05-2025,05-05-2025,30-05-2025,29-05-2025,"{""icd_10"": {""1"": ""Z00.129"", ""2"": ""Z71.3"", ""3"": ""Z71.82"", ""4"": ""Z68.52"", ""5"": ""Z29.3"", ""6"": ""R10.84""}, ""procedures"": {""1"": ""1"", ""2"": ""2"", ""3"": ""3"", ""4"": ""4""}, ""actual_procedures"": {""1"": ""Z00.129"", ""2"": ""Z71.3"", ""3"": ""Z71.82"", ""4"": ""Z68.52""}}","1: Z00.129 | 2: Z71.3
3: Z71.82 | 4: Z68.52",CO,45,45,,N381,N381,,45,,N381,,ANTHEM BCBS HEALTHCARE SOLUTIONS,mco_medicaid,PRIMARY,453.5,212.02,0.47,1699037499,9,113
3407,3,191,32782,47888,81002,poc,HC,,,,,,0,3.5,0,05-05-2025,05-05-2025,30-05-2025,29-05-2025,"{""icd_10"": {""1"": ""Z00.129"", ""2"": ""Z71.3"", ""3"": ""Z71.82"", ""4"": ""Z68.52"", ""5"": ""Z29.3"", ""6"": ""R10.84""}, ""procedures"": {""1"": ""6""}, ""actual_procedures"": {""1"": ""R10.84""}}",1: R10.84,CO,97,97,,N19,N19,,97,,N19,,ANTHEM BCBS HEALTHCARE SOLUTIONS,mco_medicaid,PRIMARY,453.5,212.02,0.47,1699037499,9,113
3407,4,192,32782,47888,99188,procedure,HC,,,,,,1,40,12.92,05-05-2025,05-05-2025,30-05-2025,29-05-2025,"{""icd_10"": {""1"": ""Z00.129"", ""2"": ""Z71.3"", ""3"": ""Z71.82"", ""4"": ""Z68.52"", ""5"": ""Z29.3"", ""6"": ""R10.84""}, ""procedures"": {""1"": ""5""}, ""actual_procedures"": {""1"": ""Z29.3""}}",1: Z29.3,CO,45,45,,N381,N381,,45,,N381,,ANTHEM BCBS HEALTHCARE SOLUTIONS,mco_medicaid,PRIMARY,453.5,212.02,0.47,1699037499,9,113
3408,1,193,35603,50709,99213,sick_visit,HC,25,,,,,1,150,75.16,06-05-2025,06-05-2025,30-05-2025,29-05-2025,"{""icd_10"": {""1"": ""R19.7"", ""2"": ""R05.1"", ""3"": ""B34.9"", ""4"": ""R09.81""}, ""procedures"": {""1"": ""1"", ""2"": ""2"", ""3"": ""3"", ""4"": ""4""}, ""actual_procedures"": {""1"": ""R19.7"", ""2"": ""R05.1"", ""3"": ""B34.9"", ""4"": ""R09.81""}}","1: R19.7 | 2: R05.1
3: B34.9 | 4: R09.81",CO,45,45,,N381,N381,,45,,N381,,ANTHEM BCBS HEALTHCARE SOLUTIONS,mco_medicaid,PRIMARY,215,98.07,0.46,1699037499,10,127
3408,2,194,35603,50709,87804,poc,HC,QW,,,,,2,50,19.86,06-05-2025,06-05-2025,30-05-2025,29-05-2025,"{""icd_10"": {""1"": ""R19.7"", ""2"": ""R05.1"", ""3"": ""B34.9"", ""4"": ""R09.81""}, ""procedures"": {""1"": ""1"", ""2"": ""2"", ""3"": ""3"", ""4"": ""4""}, ""actual_procedures"": {""1"": ""R19.7"", ""2"": ""R05.1"", ""3"": ""B34.9"", ""4"": ""R09.81""}}","1: R19.7 | 2: R05.1
3: B34.9 | 4: R09.81",CO,45,45,,N381,N381,,45,,N381,,ANTHEM BCBS HEALTHCARE SOLUTIONS,mco_medicaid,PRIMARY,215,98.07,0.46,1699037499,10,127
3408,3,195,35603,50709,94760,respiratory,HC,59,,,,,1,15,3.05,06-05-2025,06-05-2025,30-05-2025,29-05-2025,"{""icd_10"": {""1"": ""R19.7"", ""2"": ""R05.1"", ""3"": ""B34.9"", ""4"": ""R09.81""}, ""procedures"": {""1"": ""2"", ""2"": ""3"", ""3"": ""4""}, ""actual_procedures"": {""1"": ""R05.1"", ""2"": ""B34.9"", ""3"": ""R09.81""}}","1: R05.1 | 2: B34.9
3: R09.81",CO,45,45,,N381,N381,,45,,N381,,ANTHEM BCBS HEALTHCARE SOLUTIONS,mco_medicaid,PRIMARY,215,98.07,0.46,1699037499,10,127
3409,1,196,35737,50843,99391,well_visit,HC,EP,25,,,,1,200,102.7,06-05-2025,06-05-2025,30-05-2025,29-05-2025,"{""icd_10"": {""1"": ""Z00.129"", ""2"": ""Z41.2"", ""3"": ""N47.1""}, ""procedures"": {""1"": ""1"", ""2"": ""3""}, ""actual_procedures"": {""1"": ""Z00.129"", ""2"": ""N47.1""}}",1: Z00.129 | 2: N47.1,CO,45,45,,N381,N381,,45,,N381,,ANTHEM BCBS HEALTHCARE SOLUTIONS,mco_medicaid,PRIMARY,686.82,297.78,0.43,1699037499,0,0
3409,2,197,35737,50843,64450,procedure,HC,59,,,,,0,105.24,0,06-05-2025,06-05-2025,30-05-2025,29-05-2025,"{""icd_10"": {""1"": ""Z00.129"", ""2"": ""Z41.2"", ""3"": ""N47.1""}, ""procedures"": {""1"": ""2""}, ""actual_procedures"": {""1"": ""Z41.2""}}",1: Z41.2,CO,97,97,,N19,N19,,97,,N19,,ANTHEM BCBS HEALTHCARE SOLUTIONS,mco_medicaid,PRIMARY,686.82,297.78,0.43,1699037499,0,0
3409,3,198,35737,50843,J2003,,HC,,,,,,0,10,0,06-05-2025,06-05-2025,30-05-2025,29-05-2025,"{""icd_10"": {""1"": ""Z00.129"", ""2"": ""Z41.2"", ""3"": ""N47.1""}, ""procedures"": {""1"": ""2""}, ""actual_procedures"": {""1"": ""Z41.2""}}",1: Z41.2,CO,256,256,,N448,N448,,256,,N448,,ANTHEM BCBS HEALTHCARE SOLUTIONS,mco_medicaid,PRIMARY,686.82,297.78,0.43,1699037499,0,0
3409,4,199,35737,50843,96372,medication,HC,59,,,,,1,44.44,23.33,06-05-2025,06-05-2025,30-05-2025,29-05-2025,"{""icd_10"": {""1"": ""Z00.129"", ""2"": ""Z41.2"", ""3"": ""N47.1""}, ""procedures"": {""1"": ""2""}, ""actual_procedures"": {""1"": ""Z41.2""}}",1: Z41.2,CO,45,45,,N381,N381,,45,,N381,,ANTHEM BCBS HEALTHCARE SOLUTIONS,mco_medicaid,PRIMARY,686.82,297.78,0.43,1699037499,0,0
3409,5,200,35737,50843,54160,procedure,HC,,,,,,1,327.14,171.75,06-05-2025,06-05-2025,30-05-2025,29-05-2025,"{""icd_10"": {""1"": ""Z00.129"", ""2"": ""Z41.2"", ""3"": ""N47.1""}, ""procedures"": {""1"": ""2""}, ""actual_procedures"": {""1"": ""Z41.2""}}",1: Z41.2,CO,45,45,,N381,N381,,45,,N381,,ANTHEM BCBS HEALTHCARE SOLUTIONS,mco_medicaid,PRIMARY,686.82,297.78,0.43,1699037499,0,0
3410,1,201,339783,49084,99213,sick_visit,HC,25,,,,,1,150,75.16,06-05-2025,06-05-2025,30-05-2025,29-05-2025,"{""icd_10"": {""1"": ""B34.9"", ""2"": ""R05.1"", ""3"": ""M79.10"", ""4"": ""R09.81""}, ""procedures"": {""1"": ""1"", ""2"": ""2"", ""3"": ""3"", ""4"": ""4""}, ""actual_procedures"": {""1"": ""B34.9"", ""2"": ""R05.1"", ""3"": ""M79.10"", ""4"": ""R09.81""}}","1: B34.9 | 2: R05.1
3: M79.10 | 4: R09.81",CO,45,45,,N381,N381,,45,,N381,,ANTHEM BCBS HEALTHCARE SOLUTIONS,mco_medicaid,PRIMARY,240,98.07,0.41,1699037499,7,95
3410,2,202,339783,49084,87804,poc,HC,QW,,,,,2,50,19.86,06-05-2025,06-05-2025,30-05-2025,29-05-2025,"{""icd_10"": {""1"": ""B34.9"", ""2"": ""R05.1"", ""3"": ""M79.10"", ""4"": ""R09.81""}, ""procedures"": {""1"": ""1"", ""2"": ""2"", ""3"": ""3"", ""4"": ""4""}, ""actual_procedures"": {""1"": ""B34.9"", ""2"": ""R05.1"", ""3"": ""M79.10"", ""4"": ""R09.81""}}","1: B34.9 | 2: R05.1
3: M79.10 | 4: R09.81",CO,45,45,,N381,N381,,45,,N381,,ANTHEM BCBS HEALTHCARE SOLUTIONS,mco_medicaid,PRIMARY,240,98.07,0.41,1699037499,7,95
3410,3,203,339783,49084,87804,poc,HC,QW,,,,,0,25,0,06-05-2025,06-05-2025,30-05-2025,29-05-2025,"{""icd_10"": {""1"": ""B34.9"", ""2"": ""R05.1"", ""3"": ""M79.10"", ""4"": ""R09.81""}, ""procedures"": {""1"": ""1"", ""2"": ""2"", ""3"": ""3"", ""4"": ""4""}, ""actual_procedures"": {""1"": ""B34.9"", ""2"": ""R05.1"", ""3"": ""M79.10"", ""4"": ""R09.81""}}","1: B34.9 | 2: R05.1
3: M79.10 | 4: R09.81",OA,18,18,,,,,18,,,,ANTHEM BCBS HEALTHCARE SOLUTIONS,mco_medicaid,PRIMARY,240,98.07,0.41,1699037499,7,95
3410,4,204,339783,49084,94760,respiratory,HC,59,,,,,1,15,3.05,06-05-2025,06-05-2025,30-05-2025,29-05-2025,"{""icd_10"": {""1"": ""B34.9"", ""2"": ""R05.1"", ""3"": ""M79.10"", ""4"": ""R09.81""}, ""procedures"": {""1"": ""1"", ""2"": ""2"", ""3"": ""3"", ""4"": ""4""}, ""actual_procedures"": {""1"": ""B34.9"", ""2"": ""R05.1"", ""3"": ""M79.10"", ""4"": ""R09.81""}}","1: B34.9 | 2: R05.1
3: M79.10 | 4: R09.81",CO,45,45,,N381,N381,,45,,N381,,ANTHEM BCBS HEALTHCARE SOLUTIONS,mco_medicaid,PRIMARY,240,98.07,0.41,1699037499,7,95
3411,1,205,35828,50934,99204,sick_visit,HC,25,,,,,1,320,170.64,05-05-2025,05-05-2025,30-05-2025,29-05-2025,"{""icd_10"": {""1"": ""R09.81"", ""2"": ""R05.1"", ""3"": ""B34.9"", ""4"": ""J02.9""}, ""procedures"": {""1"": ""1"", ""2"": ""2"", ""3"": ""3"", ""4"": ""4""}, ""actual_procedures"": {""1"": ""R09.81"", ""2"": ""R05.1"", ""3"": ""B34.9"", ""4"": ""J02.9""}}","1: R09.81 | 2: R05.1
3: B34.9 | 4: J02.9",CO,45,45,,N381,N381,,45,,N381,,ANTHEM BCBS HEALTHCARE SOLUTIONS,mco_medicaid,PRIMARY,485,232,0.48,1699037499,2,27
3411,2,206,35828,50934,87880,poc,HC,QW,,,,,1,25,9.92,05-05-2025,05-05-2025,30-05-2025,29-05-2025,"{""icd_10"": {""1"": ""R09.81"", ""2"": ""R05.1"", ""3"": ""B34.9"", ""4"": ""J02.9""}, ""procedures"": {""1"": ""1"", ""2"": ""2"", ""3"": ""3"", ""4"": ""4""}, ""actual_procedures"": {""1"": ""R09.81"", ""2"": ""R05.1"", ""3"": ""B34.9"", ""4"": ""J02.9""}}","1: R09.81 | 2: R05.1
3: B34.9 | 4: J02.9",CO,45,45,,N381,N381,,45,,N381,,ANTHEM BCBS HEALTHCARE SOLUTIONS,mco_medicaid,PRIMARY,485,232,0.48,1699037499,2,27
3411,3,207,35828,50934,87804,poc,HC,QW,,,,,2,50,19.86,05-05-2025,05-05-2025,30-05-2025,29-05-2025,"{""icd_10"": {""1"": ""R09.81"", ""2"": ""R05.1"", ""3"": ""B34.9"", ""4"": ""J02.9""}, ""procedures"": {""1"": ""1"", ""2"": ""2"", ""3"": ""3"", ""4"": ""4""}, ""actual_procedures"": {""1"": ""R09.81"", ""2"": ""R05.1"", ""3"": ""B34.9"", ""4"": ""J02.9""}}","1: R09.81 | 2: R05.1
3: B34.9 | 4: J02.9",CO,45,45,,N381,N381,,45,,N381,,ANTHEM BCBS HEALTHCARE SOLUTIONS,mco_medicaid,PRIMARY,485,232,0.48,1699037499,2,27
3411,4,208,35828,50934,87807,poc,HC,QW,,,,,1,25,7.86,05-05-2025,05-05-2025,30-05-2025,29-05-2025,"{""icd_10"": {""1"": ""R09.81"", ""2"": ""R05.1"", ""3"": ""B34.9"", ""4"": ""J02.9""}, ""procedures"": {""1"": ""1"", ""2"": ""2"", ""3"": ""3"", ""4"": ""4""}, ""actual_procedures"": {""1"": ""R09.81"", ""2"": ""R05.1"", ""3"": ""B34.9"", ""4"": ""J02.9""}}","1: R09.81 | 2: R05.1
3: B34.9 | 4: J02.9",CO,45,45,,N381,N381,,45,,N381,,ANTHEM BCBS HEALTHCARE SOLUTIONS,mco_medicaid,PRIMARY,485,232,0.48,1699037499,2,27
3411,5,209,35828,50934,94760,respiratory,HC,59,,,,,1,15,3.05,05-05-2025,05-05-2025,30-05-2025,29-05-2025,"{""icd_10"": {""1"": ""R09.81"", ""2"": ""R05.1"", ""3"": ""B34.9"", ""4"": ""J02.9""}, ""procedures"": {""1"": ""1"", ""2"": ""2"", ""3"": ""3"", ""4"": ""4""}, ""actual_procedures"": {""1"": ""R09.81"", ""2"": ""R05.1"", ""3"": ""B34.9"", ""4"": ""J02.9""}}","1: R09.81 | 2: R05.1
3: B34.9 | 4: J02.9",CO,45,45,,N381,N381,,45,,N381,,ANTHEM BCBS HEALTHCARE SOLUTIONS,mco_medicaid,PRIMARY,485,232,0.48,1699037499,2,27
3411,6,210,35828,50934,99058,Walk-In,HC,59,,,,,1,50,20.67,05-05-2025,05-05-2025,30-05-2025,29-05-2025,"{""icd_10"": {""1"": ""R09.81"", ""2"": ""R05.1"", ""3"": ""B34.9"", ""4"": ""J02.9""}, ""procedures"": {""1"": ""1"", ""2"": ""2"", ""3"": ""3"", ""4"": ""4""}, ""actual_procedures"": {""1"": ""R09.81"", ""2"": ""R05.1"", ""3"": ""B34.9"", ""4"": ""J02.9""}}","1: R09.81 | 2: R05.1
3: B34.9 | 4: J02.9",CO,45,45,,N381,N381,,45,,N381,,ANTHEM BCBS HEALTHCARE SOLUTIONS,mco_medicaid,PRIMARY,485,232,0.48,1699037499,2,27
3412,1,211,115258,26631,99214,sick_visit,HC,25,,,,,0,215,0,06-05-2025,06-05-2025,30-05-2025,29-05-2025,"{""icd_10"": {""1"": ""R10.13"", ""2"": ""R19.7"", ""3"": ""E86.0"", ""4"": ""K52.89""}, ""procedures"": {""1"": ""1"", ""2"": ""2"", ""3"": ""3"", ""4"": ""4""}, ""actual_procedures"": {""1"": ""R10.13"", ""2"": ""R19.7"", ""3"": ""E86.0"", ""4"": ""K52.89""}}","1: R10.13 | 2: R19.7
3: E86.0 | 4: K52.89",CO,16,16,,M64,M64,,16,,M64,,ANTHEM BCBS HEALTHCARE SOLUTIONS,mco_medicaid,PRIMARY,358.5,0,0,1699037499,6,75
3412,2,212,115258,26631,99058,Walk-In,HC,59,,,,,0,50,0,06-05-2025,06-05-2025,30-05-2025,29-05-2025,"{""icd_10"": {""1"": ""R10.13"", ""2"": ""R19.7"", ""3"": ""E86.0"", ""4"": ""K52.89""}, ""procedures"": {""1"": ""1"", ""2"": ""2"", ""3"": ""3"", ""4"": ""4""}, ""actual_procedures"": {""1"": ""R10.13"", ""2"": ""R19.7"", ""3"": ""E86.0"", ""4"": ""K52.89""}}","1: R10.13 | 2: R19.7
3: E86.0 | 4: K52.89",CO,16,16,,M64,M64,,16,,M64,,ANTHEM BCBS HEALTHCARE SOLUTIONS,mco_medicaid,PRIMARY,358.5,0,0,1699037499,6,75
3412,3,213,115258,26631,87880,poc,HC,QW,,,,,0,25,0,06-05-2025,06-05-2025,30-05-2025,29-05-2025,"{""icd_10"": {""1"": ""R10.13"", ""2"": ""R19.7"", ""3"": ""E86.0"", ""4"": ""K52.89""}, ""procedures"": {""1"": ""1"", ""2"": ""2"", ""3"": ""3"", ""4"": ""4""}, ""actual_procedures"": {""1"": ""R10.13"", ""2"": ""R19.7"", ""3"": ""E86.0"", ""4"": ""K52.89""}}","1: R10.13 | 2: R19.7
3: E86.0 | 4: K52.89",CO,16,16,,M64,M64,,16,,M64,,ANTHEM BCBS HEALTHCARE SOLUTIONS,mco_medicaid,PRIMARY,358.5,0,0,1699037499,6,75
3412,4,214,115258,26631,87804,poc,HC,QW,,,,,0,50,0,06-05-2025,06-05-2025,30-05-2025,29-05-2025,"{""icd_10"": {""1"": ""R10.13"", ""2"": ""R19.7"", ""3"": ""E86.0"", ""4"": ""K52.89""}, ""procedures"": {""1"": ""1"", ""2"": ""2"", ""3"": ""3"", ""4"": ""4""}, ""actual_procedures"": {""1"": ""R10.13"", ""2"": ""R19.7"", ""3"": ""E86.0"", ""4"": ""K52.89""}}","1: R10.13 | 2: R19.7
3: E86.0 | 4: K52.89",CO,16,16,,M64,M64,,16,,M64,,ANTHEM BCBS HEALTHCARE SOLUTIONS,mco_medicaid,PRIMARY,358.5,0,0,1699037499,6,75
3412,5,215,115258,26631,94760,respiratory,HC,59,,,,,0,15,0,06-05-2025,06-05-2025,30-05-2025,29-05-2025,"{""icd_10"": {""1"": ""R10.13"", ""2"": ""R19.7"", ""3"": ""E86.0"", ""4"": ""K52.89""}, ""procedures"": {""1"": ""1"", ""2"": ""2"", ""3"": ""3"", ""4"": ""4""}, ""actual_procedures"": {""1"": ""R10.13"", ""2"": ""R19.7"", ""3"": ""E86.0"", ""4"": ""K52.89""}}","1: R10.13 | 2: R19.7
3: E86.0 | 4: K52.89",CO,16,16,,M64,M64,,16,,M64,,ANTHEM BCBS HEALTHCARE SOLUTIONS,mco_medicaid,PRIMARY,358.5,0,0,1699037499,6,75
3412,6,216,115258,26631,81002,poc,HC,,,,,,0,3.5,0,06-05-2025,06-05-2025,30-05-2025,29-05-2025,"{""icd_10"": {""1"": ""R10.13"", ""2"": ""R19.7"", ""3"": ""E86.0"", ""4"": ""K52.89""}, ""procedures"": {""1"": ""1"", ""2"": ""2"", ""3"": ""3"", ""4"": ""4""}, ""actual_procedures"": {""1"": ""R10.13"", ""2"": ""R19.7"", ""3"": ""E86.0"", ""4"": ""K52.89""}}","1: R10.13 | 2: R19.7
3: E86.0 | 4: K52.89",CO,16,16,,M64,M64,,16,,M64,,ANTHEM BCBS HEALTHCARE SOLUTIONS,mco_medicaid,PRIMARY,358.5,0,0,1699037499,6,75
3413,1,217,35838,50944,99383,well_visit,HC,EP,25,,,,1,260,123.94,06-05-2025,06-05-2025,30-05-2025,29-05-2025,"{""icd_10"": {""1"": ""Z00.129"", ""2"": ""Z71.3"", ""3"": ""Z71.82"", ""4"": ""Z68.53"", ""5"": ""Z29.3""}, ""procedures"": {""1"": ""1"", ""2"": ""2"", ""3"": ""3"", ""4"": ""4""}, ""actual_procedures"": {""1"": ""Z00.129"", ""2"": ""Z71.3"", ""3"": ""Z71.82"", ""4"": ""Z68.53""}}","1: Z00.129 | 2: Z71.3
3: Z71.82 | 4: Z68.53",CO,45,45,,N381,N381,,45,,N381,,ANTHEM BCBS HEALTHCARE SOLUTIONS,mco_medicaid,PRIMARY,300,136.86,0.46,1699037499,8,98
3413,2,218,35838,50944,99188,procedure,HC,,,,,,1,40,12.92,06-05-2025,06-05-2025,30-05-2025,29-05-2025,"{""icd_10"": {""1"": ""Z00.129"", ""2"": ""Z71.3"", ""3"": ""Z71.82"", ""4"": ""Z68.53"", ""5"": ""Z29.3""}, ""procedures"": {""1"": ""5""}, ""actual_procedures"": {""1"": ""Z29.3""}}",1: Z29.3,CO,45,45,,N381,N381,,45,,N381,,ANTHEM BCBS HEALTHCARE SOLUTIONS,mco_medicaid,PRIMARY,300,136.86,0.46,1699037499,8,98
3414,1,219,29822,44928,99213,sick_visit,HC,U6,25,,,,1,150,75.16,09-05-2025,09-05-2025,30-05-2025,29-05-2025,"{""icd_10"": {""1"": ""Z00.129"", ""2"": ""D18.00"", ""3"": ""D50.9""}, ""procedures"": {""1"": ""2"", ""2"": ""3""}, ""actual_procedures"": {""1"": ""D18.00"", ""2"": ""D50.9""}}",1: D18.00 | 2: D50.9,CO,45,45,,N381,N381,,45,,N381,,ANTHEM BCBS HEALTHCARE SOLUTIONS,mco_medicaid,PRIMARY,353.24,177.86,0.5,1699037499,0,9
3414,2,220,29822,44928,99391,well_visit,HC,EP,25,,,,1,200,102.7,09-05-2025,09-05-2025,30-05-2025,29-05-2025,"{""icd_10"": {""1"": ""Z00.129"", ""2"": ""D18.00"", ""3"": ""D50.9""}, ""procedures"": {""1"": ""1""}, ""actual_procedures"": {""1"": ""Z00.129""}}",1: Z00.129,CO,45,45,,N381,N381,,45,,N381,,ANTHEM BCBS HEALTHCARE SOLUTIONS,mco_medicaid,PRIMARY,353.24,177.86,0.5,1699037499,0,9
3414,3,221,29822,44928,85018,poc,HC,QW,,,,,0,3.24,0,09-05-2025,09-05-2025,30-05-2025,29-05-2025,"{""icd_10"": {""1"": ""Z00.129"", ""2"": ""D18.00"", ""3"": ""D50.9""}, ""procedures"": {""1"": ""2"", ""2"": ""3""}, ""actual_procedures"": {""1"": ""D18.00"", ""2"": ""D50.9""}}",1: D18.00 | 2: D50.9,CO,97,97,,N19,N19,,97,,N19,,ANTHEM BCBS HEALTHCARE SOLUTIONS,mco_medicaid,PRIMARY,353.24,177.86,0.5,1699037499,0,9
3415,1,222,1152211,26628,99213,sick_visit,HC,25,,,,,1,150,75.16,08-05-2025,08-05-2025,30-05-2025,29-05-2025,"{""icd_10"": {""1"": ""H65.02"", ""2"": ""J30.9"", ""3"": ""R05.2""}, ""procedures"": {""1"": ""1"", ""2"": ""2"", ""3"": ""3""}, ""actual_procedures"": {""1"": ""H65.02"", ""2"": ""J30.9"", ""3"": ""R05.2""}}","1: H65.02 | 2: J30.9
3: R05.2",CO,45,45,,N381,N381,,45,,N381,,ANTHEM BCBS HEALTHCARE SOLUTIONS,mco_medicaid,PRIMARY,175.7,88.65,0.5,1699037499,2,29
3415,2,223,1152211,26628,92567,diagnostic,HC,,,,,,1,25.7,13.49,08-05-2025,08-05-2025,30-05-2025,29-05-2025,"{""icd_10"": {""1"": ""H65.02"", ""2"": ""J30.9"", ""3"": ""R05.2""}, ""procedures"": {""1"": ""1"", ""2"": ""2"", ""3"": ""3""}, ""actual_procedures"": {""1"": ""H65.02"", ""2"": ""J30.9"", ""3"": ""R05.2""}}","1: H65.02 | 2: J30.9
3: R05.2",CO,45,45,,N381,N381,,45,,N381,,ANTHEM BCBS HEALTHCARE SOLUTIONS,mco_medicaid,PRIMARY,175.7,88.65,0.5,1699037499,2,29
3416,1,1,1943,17049,99391,well_visit,HC,EP,25,,,,1,200,92.43,25-04-2025,25-04-2025,28-05-2025,23-05-2025,"{""icd_10"": {""1"": ""Z00.129"", ""2"": ""Z23""}, ""procedures"": {""1"": ""1""}, ""actual_procedures"": {""1"": ""Z00.129""}}",1: Z00.129,CO,45,45,,N381,N381,,45,,N381,,ANTHEM BCBS HEALTHCARE SOLUTIONS,mco_medicaid,PRIMARY,350.03,186.64,0.53,1861707069,0,4
3416,2,2,1943,17049,90460,vaccine_administration,HC,,,,,,3,75,62.99,25-04-2025,25-04-2025,28-05-2025,23-05-2025,"{""icd_10"": {""1"": ""Z00.129"", ""2"": ""Z23""}, ""procedures"": {""1"": ""2""}, ""actual_procedures"": {""1"": ""Z23""}}",1: Z23,CO,45,45,,N381,N381,,45,,N381,,ANTHEM BCBS HEALTHCARE SOLUTIONS,mco_medicaid,PRIMARY,350.03,186.64,0.53,1861707069,0,4
3416,3,3,1943,17049,90680,vaccine,HC,,,,,,0,0.01,0,25-04-2025,25-04-2025,28-05-2025,23-05-2025,"{""icd_10"": {""1"": ""Z00.129"", ""2"": ""Z23""}, ""procedures"": {""1"": ""2""}, ""actual_procedures"": {""1"": ""Z23""}}",1: Z23,CO,45,45,,N381,N381,,45,,N381,,ANTHEM BCBS HEALTHCARE SOLUTIONS,mco_medicaid,PRIMARY,350.03,186.64,0.53,1861707069,0,4
3416,4,4,1943,17049,90671,vaccine,HC,,,,,,1,0.01,0.01,25-04-2025,25-04-2025,28-05-2025,23-05-2025,"{""icd_10"": {""1"": ""Z00.129"", ""2"": ""Z23""}, ""procedures"": {""1"": ""2""}, ""actual_procedures"": {""1"": ""Z23""}}",1: Z23,,,,,,,,,,,,ANTHEM BCBS HEALTHCARE SOLUTIONS,mco_medicaid,PRIMARY,350.03,186.64,0.53,1861707069,0,4
3416,5,5,1943,17049,90698,vaccine_administration,HC,,,,,,0,0.01,0,25-04-2025,25-04-2025,28-05-2025,23-05-2025,"{""icd_10"": {""1"": ""Z00.129"", ""2"": ""Z23""}, ""procedures"": {""1"": ""2""}, ""actual_procedures"": {""1"": ""Z23""}}",1: Z23,CO,45,45,,N381,N381,,45,,N381,,ANTHEM BCBS HEALTHCARE SOLUTIONS,mco_medicaid,PRIMARY,350.03,186.64,0.53,1861707069,0,4
3416,6,6,1943,17049,90472,vaccine_administration,HC,,,,,,3,75,31.21,25-04-2025,25-04-2025,28-05-2025,23-05-2025,"{""icd_10"": {""1"": ""Z00.129"", ""2"": ""Z23""}, ""procedures"": {""1"": ""2""}, ""actual_procedures"": {""1"": ""Z23""}}",1: Z23,CO,45,45,,N381,N381,,45,,N381,,ANTHEM BCBS HEALTHCARE SOLUTIONS,mco_medicaid,PRIMARY,350.03,186.64,0.53,1861707069,0,4
3417,1,7,1025A,16130,99213,sick_visit,HC,,,,,,0,150,0,05-05-2025,05-05-2025,28-05-2025,23-05-2025,"{""icd_10"": {""1"": ""K12.0"", ""2"": ""K02.9""}, ""procedures"": {""1"": ""1"", ""2"": ""2""}, ""actual_procedures"": {""1"": ""K12.0"", ""2"": ""K02.9""}}",1: K12.0 | 2: K02.9,CO,22,22,,MA04,MA04,,22,,MA04,,ANTHEM BCBS HEALTHCARE SOLUTIONS,mco_medicaid,PRIMARY,150,0,0,1861707069,7,95
3418,1,1,35604,50710,99382,well_visit,HC,EP,25,,,,1,240,118.84,10-04-2025,10-04-2025,22-05-2025,20-05-2025,"{""icd_10"": {""1"": ""Z00.129"", ""2"": ""Z29.3"", ""3"": ""Z23""}, ""procedures"": {""1"": ""1""}, ""actual_procedures"": {""1"": ""Z00.129""}}",1: Z00.129,CO,45,45,,N381,N381,,45,,N381,,ANTHEM BCBS HEALTHCARE SOLUTIONS,mco_medicaid,PRIMARY,405.03,222.59,0.55,1699037499,1,12
3418,2,2,35604,50710,90460,vaccine_administration,HC,,,,,,3,75,67.71,10-04-2025,10-04-2025,22-05-2025,20-05-2025,"{""icd_10"": {""1"": ""Z00.129"", ""2"": ""Z29.3"", ""3"": ""Z23""}, ""procedures"": {""1"": ""3""}, ""actual_procedures"": {""1"": ""Z23""}}",1: Z23,CO,45,45,,N381,N381,,45,,N381,,ANTHEM BCBS HEALTHCARE SOLUTIONS,mco_medicaid,PRIMARY,405.03,222.59,0.55,1699037499,1,12
3418,3,3,35604,50710,99188,procedure,HC,,,,,,1,40,12.92,10-04-2025,10-04-2025,22-05-2025,20-05-2025,"{""icd_10"": {""1"": ""Z00.129"", ""2"": ""Z29.3"", ""3"": ""Z23""}, ""procedures"": {""1"": ""2""}, ""actual_procedures"": {""1"": ""Z29.3""}}",1: Z29.3,CO,45,45,,N381,N381,,45,,N381,,ANTHEM BCBS HEALTHCARE SOLUTIONS,mco_medicaid,PRIMARY,405.03,222.59,0.55,1699037499,1,12
3418,4,4,35604,50710,90633,vaccine,HC,,,,,,0,0.01,0,10-04-2025,10-04-2025,22-05-2025,20-05-2025,"{""icd_10"": {""1"": ""Z00.129"", ""2"": ""Z29.3"", ""3"": ""Z23""}, ""procedures"": {""1"": ""3""}, ""actual_procedures"": {""1"": ""Z23""}}",1: Z23,CO,45,45,,N381,N381,,45,,N381,,ANTHEM BCBS HEALTHCARE SOLUTIONS,mco_medicaid,PRIMARY,405.03,222.59,0.55,1699037499,1,12
3418,5,5,35604,50710,90707,vaccine,HC,,,,,,0,0.01,0,10-04-2025,10-04-2025,22-05-2025,20-05-2025,"{""icd_10"": {""1"": ""Z00.129"", ""2"": ""Z29.3"", ""3"": ""Z23""}, ""procedures"": {""1"": ""3""}, ""actual_procedures"": {""1"": ""Z23""}}",1: Z23,CO,45,45,,N381,N381,,45,,N381,,ANTHEM BCBS HEALTHCARE SOLUTIONS,mco_medicaid,PRIMARY,405.03,222.59,0.55,1699037499,1,12
3418,6,6,35604,50710,90716,vaccine,HC,,,,,,0,0.01,0,10-04-2025,10-04-2025,22-05-2025,20-05-2025,"{""icd_10"": {""1"": ""Z00.129"", ""2"": ""Z29.3"", ""3"": ""Z23""}, ""procedures"": {""1"": ""3""}, ""actual_procedures"": {""1"": ""Z23""}}",1: Z23,CO,45,45,,N381,N381,,45,,N381,,ANTHEM BCBS HEALTHCARE SOLUTIONS,mco_medicaid,PRIMARY,405.03,222.59,0.55,1699037499,1,12
3418,7,7,35604,50710,90472,vaccine_administration,HC,,,,,,2,50,23.12,10-04-2025,10-04-2025,22-05-2025,20-05-2025,"{""icd_10"": {""1"": ""Z00.129"", ""2"": ""Z29.3"", ""3"": ""Z23""}, ""procedures"": {""1"": ""3""}, ""actual_procedures"": {""1"": ""Z23""}}",1: Z23,CO,45,45,,N381,N381,,45,,N381,,ANTHEM BCBS HEALTHCARE SOLUTIONS,mco_medicaid,PRIMARY,405.03,222.59,0.55,1699037499,1,12
3419,1,8,355865,50692,99213,sick_visit,HC,U6,25,,,,1,150,75.16,10-04-2025,10-04-2025,22-05-2025,20-05-2025,"{""icd_10"": {""1"": ""Z00.129"", ""2"": ""Z71.3"", ""3"": ""Z29.3"", ""4"": ""Z23"", ""5"": ""L20.89""}, ""procedures"": {""1"": ""5""}, ""actual_procedures"": {""1"": ""L20.89""}}",1: L20.89,CO,45,45,,N381,N381,,45,,N381,,ANTHEM BCBS HEALTHCARE SOLUTIONS,mco_medicaid,PRIMARY,530.02,275.18,0.52,1699037499,1,23
3419,2,9,355865,50692,99382,well_visit,HC,EP,25,,,,1,240,118.84,10-04-2025,10-04-2025,22-05-2025,20-05-2025,"{""icd_10"": {""1"": ""Z00.129"", ""2"": ""Z71.3"", ""3"": ""Z29.3"", ""4"": ""Z23"", ""5"": ""L20.89""}, ""procedures"": {""1"": ""1"", ""2"": ""2""}, ""actual_procedures"": {""1"": ""Z00.129"", ""2"": ""Z71.3""}}",1: Z00.129 | 2: Z71.3,CO,45,45,,N381,N381,,45,,N381,,ANTHEM BCBS HEALTHCARE SOLUTIONS,mco_medicaid,PRIMARY,530.02,275.18,0.52,1699037499,1,23
3419,3,10,355865,50692,90460,vaccine_administration,HC,,,,,,2,50,45.14,10-04-2025,10-04-2025,22-05-2025,20-05-2025,"{""icd_10"": {""1"": ""Z00.129"", ""2"": ""Z71.3"", ""3"": ""Z29.3"", ""4"": ""Z23"", ""5"": ""L20.89""}, ""procedures"": {""1"": ""4""}, ""actual_procedures"": {""1"": ""Z23""}}",1: Z23,CO,45,45,,N381,N381,,45,,N381,,ANTHEM BCBS HEALTHCARE SOLUTIONS,mco_medicaid,PRIMARY,530.02,275.18,0.52,1699037499,1,23
3419,4,11,355865,50692,99188,procedure,HC,,,,,,1,40,12.92,10-04-2025,10-04-2025,22-05-2025,20-05-2025,"{""icd_10"": {""1"": ""Z00.129"", ""2"": ""Z71.3"", ""3"": ""Z29.3"", ""4"": ""Z23"", ""5"": ""L20.89""}, ""procedures"": {""1"": ""3""}, ""actual_procedures"": {""1"": ""Z29.3""}}",1: Z29.3,CO,45,45,,N381,N381,,45,,N381,,ANTHEM BCBS HEALTHCARE SOLUTIONS,mco_medicaid,PRIMARY,530.02,275.18,0.52,1699037499,1,23
3419,5,12,355865,50692,90700,vaccine,HC,,,,,,0,0.01,0,10-04-2025,10-04-2025,22-05-2025,20-05-2025,"{""icd_10"": {""1"": ""Z00.129"", ""2"": ""Z71.3"", ""3"": ""Z29.3"", ""4"": ""Z23"", ""5"": ""L20.89""}, ""procedures"": {""1"": ""4""}, ""actual_procedures"": {""1"": ""Z23""}}",1: Z23,CO,45,45,,N381,N381,,45,,N381,,ANTHEM BCBS HEALTHCARE SOLUTIONS,mco_medicaid,PRIMARY,530.02,275.18,0.52,1699037499,1,23
3419,6,13,355865,50692,90633,vaccine,HC,,,,,,0,0.01,0,10-04-2025,10-04-2025,22-05-2025,20-05-2025,"{""icd_10"": {""1"": ""Z00.129"", ""2"": ""Z71.3"", ""3"": ""Z29.3"", ""4"": ""Z23"", ""5"": ""L20.89""}, ""procedures"": {""1"": ""4""}, ""actual_procedures"": {""1"": ""Z23""}}",1: Z23,CO,45,45,,N381,N381,,45,,N381,,ANTHEM BCBS HEALTHCARE SOLUTIONS,mco_medicaid,PRIMARY,530.02,275.18,0.52,1699037499,1,23
3419,7,14,355865,50692,90472,vaccine_administration,HC,,,,,,2,50,23.12,10-04-2025,10-04-2025,22-05-2025,20-05-2025,"{""icd_10"": {""1"": ""Z00.129"", ""2"": ""Z71.3"", ""3"": ""Z29.3"", ""4"": ""Z23"", ""5"": ""L20.89""}, ""procedures"": {""1"": ""4""}, ""actual_procedures"": {""1"": ""Z23""}}",1: Z23,CO,45,45,,N381,N381,,45,,N381,,ANTHEM BCBS HEALTHCARE SOLUTIONS,mco_medicaid,PRIMARY,530.02,275.18,0.52,1699037499,1,23
3420,1,15,18866,16992,99393,well_visit,HC,EP,25,,,,1,230,98.33,17-04-2025,17-04-2025,22-05-2025,20-05-2025,"{""icd_10"": {""1"": ""Z00.129"", ""2"": ""Z71.3"", ""3"": ""Z23"", ""4"": ""Z68.53"", ""5"": ""Z68.52"", ""6"": ""Z29.3""}, ""procedures"": {""1"": ""1"", ""2"": ""2"", ""3"": ""4"", ""4"": ""5""}, ""actual_procedures"": {""1"": ""Z00.129"", ""2"": ""Z71.3"", ""3"": ""Z68.53"", ""4"": ""Z68.52""}}","1: Z00.129 | 2: Z71.3
3: Z68.53 | 4: Z68.52",CO,45,45,,N381,N381,,45,,N381,,ANTHEM BCBS HEALTHCARE SOLUTIONS,mco_medicaid,PRIMARY,420.03,204.17,0.49,1861707069,5,66
3420,2,16,18866,16992,90460,vaccine_administration,HC,,,,,,3,75,62.99,17-04-2025,17-04-2025,22-05-2025,20-05-2025,"{""icd_10"": {""1"": ""Z00.129"", ""2"": ""Z71.3"", ""3"": ""Z23"", ""4"": ""Z68.53"", ""5"": ""Z68.52"", ""6"": ""Z29.3""}, ""procedures"": {""1"": ""3""}, ""actual_procedures"": {""1"": ""Z23""}}",1: Z23,CO,45,45,,N381,N381,,45,,N381,,ANTHEM BCBS HEALTHCARE SOLUTIONS,mco_medicaid,PRIMARY,420.03,204.17,0.49,1861707069,5,66
3420,3,17,18866,16992,99188,procedure,HC,,,,,,1,40,11.63,17-04-2025,17-04-2025,22-05-2025,20-05-2025,"{""icd_10"": {""1"": ""Z00.129"", ""2"": ""Z71.3"", ""3"": ""Z23"", ""4"": ""Z68.53"", ""5"": ""Z68.52"", ""6"": ""Z29.3""}, ""procedures"": {""1"": ""6""}, ""actual_procedures"": {""1"": ""Z29.3""}}",1: Z29.3,CO,45,45,,N381,N381,,45,,N381,,ANTHEM BCBS HEALTHCARE SOLUTIONS,mco_medicaid,PRIMARY,420.03,204.17,0.49,1861707069,5,66
3420,4,18,18866,16992,90633,vaccine,HC,,,,,,0,0.01,0,17-04-2025,17-04-2025,22-05-2025,20-05-2025,"{""icd_10"": {""1"": ""Z00.129"", ""2"": ""Z71.3"", ""3"": ""Z23"", ""4"": ""Z68.53"", ""5"": ""Z68.52"", ""6"": ""Z29.3""}, ""procedures"": {""1"": ""3""}, ""actual_procedures"": {""1"": ""Z23""}}",1: Z23,CO,45,45,,N381,N381,,45,,N381,,ANTHEM BCBS HEALTHCARE SOLUTIONS,mco_medicaid,PRIMARY,420.03,204.17,0.49,1861707069,5,66
3420,5,19,18866,16992,90713,vaccine,HC,,,,,,1,0.01,0.01,17-04-2025,17-04-2025,22-05-2025,20-05-2025,"{""icd_10"": {""1"": ""Z00.129"", ""2"": ""Z71.3"", ""3"": ""Z23"", ""4"": ""Z68.53"", ""5"": ""Z68.52"", ""6"": ""Z29.3""}, ""procedures"": {""1"": ""3""}, ""actual_procedures"": {""1"": ""Z23""}}",1: Z23,,,,,,,,,,,,ANTHEM BCBS HEALTHCARE SOLUTIONS,mco_medicaid,PRIMARY,420.03,204.17,0.49,1861707069,5,66
3420,6,20,18866,16992,90710,vaccine,HC,,,,,,0,0.01,0,17-04-2025,17-04-2025,22-05-2025,20-05-2025,"{""icd_10"": {""1"": ""Z00.129"", ""2"": ""Z71.3"", ""3"": ""Z23"", ""4"": ""Z68.53"", ""5"": ""Z68.52"", ""6"": ""Z29.3""}, ""procedures"": {""1"": ""3""}, ""actual_procedures"": {""1"": ""Z23""}}",1: Z23,CO,45,45,,N381,N381,,45,,N381,,ANTHEM BCBS HEALTHCARE SOLUTIONS,mco_medicaid,PRIMARY,420.03,204.17,0.49,1861707069,5,66
3420,7,21,18866,16992,90472,vaccine_administration,HC,,,,,,3,75,31.21,17-04-2025,17-04-2025,22-05-2025,20-05-2025,"{""icd_10"": {""1"": ""Z00.129"", ""2"": ""Z71.3"", ""3"": ""Z23"", ""4"": ""Z68.53"", ""5"": ""Z68.52"", ""6"": ""Z29.3""}, ""procedures"": {""1"": ""3""}, ""actual_procedures"": {""1"": ""Z23""}}",1: Z23,CO,45,45,,N381,N381,,45,,N381,,ANTHEM BCBS HEALTHCARE SOLUTIONS,mco_medicaid,PRIMARY,420.03,204.17,0.49,1861707069,5,66
3421,1,22,150300,16609,99392,well_visit,HC,EP,25,,,,1,220,98.67,17-04-2025,17-04-2025,22-05-2025,20-05-2025,"{""icd_10"": {""1"": ""Z00.129"", ""2"": ""Z23"", ""3"": ""Z13.41""}, ""procedures"": {""1"": ""1""}, ""actual_procedures"": {""1"": ""Z00.129""}}",1: Z00.129,CO,45,45,,N381,N381,,45,,N381,,ANTHEM BCBS HEALTHCARE SOLUTIONS,mco_medicaid,PRIMARY,274.61,133.66,0.49,1861707069,1,18
3421,2,23,150300,16609,90460,vaccine_administration,HC,,,,,,1,25,21,17-04-2025,17-04-2025,22-05-2025,20-05-2025,"{""icd_10"": {""1"": ""Z00.129"", ""2"": ""Z23"", ""3"": ""Z13.41""}, ""procedures"": {""1"": ""2""}, ""actual_procedures"": {""1"": ""Z23""}}",1: Z23,CO,45,45,,N381,N381,,45,,N381,,ANTHEM BCBS HEALTHCARE SOLUTIONS,mco_medicaid,PRIMARY,274.61,133.66,0.49,1861707069,1,18
3421,3,24,150300,16609,90633,vaccine,HC,,,,,,0,0.01,0,17-04-2025,17-04-2025,22-05-2025,20-05-2025,"{""icd_10"": {""1"": ""Z00.129"", ""2"": ""Z23"", ""3"": ""Z13.41""}, ""procedures"": {""1"": ""2""}, ""actual_procedures"": {""1"": ""Z23""}}",1: Z23,CO,45,45,,N381,N381,,45,,N381,,ANTHEM BCBS HEALTHCARE SOLUTIONS,mco_medicaid,PRIMARY,274.61,133.66,0.49,1861707069,1,18
3421,4,25,150300,16609,96110,procedure,HC,59,,,,,2,29.6,13.99,17-04-2025,17-04-2025,22-05-2025,20-05-2025,"{""icd_10"": {""1"": ""Z00.129"", ""2"": ""Z23"", ""3"": ""Z13.41""}, ""procedures"": {""1"": ""3""}, ""actual_procedures"": {""1"": ""Z13.41""}}",1: Z13.41,CO,45,45,,N381,N381,,45,,N381,,ANTHEM BCBS HEALTHCARE SOLUTIONS,mco_medicaid,PRIMARY,274.61,133.66,0.49,1861707069,1,18
3422,1,26,31067,46173,87807,poc,HC,QW,,,,,0,25,0,01-05-2025,01-05-2025,22-05-2025,20-05-2025,"{""icd_10"": {""1"": ""R11.10"", ""2"": ""R05.1"", ""3"": ""R09.81"", ""4"": ""J15.7"", ""5"": ""J45.901""}, ""procedures"": {""1"": ""1"", ""2"": ""2"", ""3"": ""3""}, ""actual_procedures"": {""1"": ""R11.10"", ""2"": ""R05.1"", ""3"": ""R09.81""}}","1: R11.10 | 2: R05.1
3: R09.81",CO,22,22,,MA04,MA04,,22,,MA04,,ANTHEM BCBS HEALTHCARE SOLUTIONS,mco_medicaid,PRIMARY,662.22,0,0,1699037499,5,63
3422,2,27,31067,46173,94760,respiratory,HC,59,,,,,0,15,0,01-05-2025,01-05-2025,22-05-2025,20-05-2025,"{""icd_10"": {""1"": ""R11.10"", ""2"": ""R05.1"", ""3"": ""R09.81"", ""4"": ""J15.7"", ""5"": ""J45.901""}, ""procedures"": {""1"": ""2"", ""2"": ""3"", ""3"": ""4"", ""4"": ""5""}, ""actual_procedures"": {""1"": ""R05.1"", ""2"": ""R09.81"", ""3"": ""J15.7"", ""4"": ""J45.901""}}","1: R05.1 | 2: R09.81
3: J15.7 | 4: J45.901",CO,22,22,,MA04,MA04,,22,,MA04,,ANTHEM BCBS HEALTHCARE SOLUTIONS,mco_medicaid,PRIMARY,662.22,0,0,1699037499,5,63
3422,3,28,31067,46173,99058,Walk-In,HC,59,,,,,0,50,0,01-05-2025,01-05-2025,22-05-2025,20-05-2025,"{""icd_10"": {""1"": ""R11.10"", ""2"": ""R05.1"", ""3"": ""R09.81"", ""4"": ""J15.7"", ""5"": ""J45.901""}, ""procedures"": {""1"": ""1"", ""2"": ""2"", ""3"": ""3"", ""4"": ""4""}, ""actual_procedures"": {""1"": ""R11.10"", ""2"": ""R05.1"", ""3"": ""R09.81"", ""4"": ""J15.7""}}","1: R11.10 | 2: R05.1
3: R09.81 | 4: J15.7",CO,97,97,,N525,N525,,97,,N525,,ANTHEM BCBS HEALTHCARE SOLUTIONS,mco_medicaid,PRIMARY,662.22,0,0,1699037499,5,63
3422,4,29,31067,46173,99204,sick_visit,HC,25,,,,,0,320,0,01-05-2025,01-05-2025,22-05-2025,20-05-2025,"{""icd_10"": {""1"": ""R11.10"", ""2"": ""R05.1"", ""3"": ""R09.81"", ""4"": ""J15.7"", ""5"": ""J45.901""}, ""procedures"": {""1"": ""1"", ""2"": ""2"", ""3"": ""3"", ""4"": ""4""}, ""actual_procedures"": {""1"": ""R11.10"", ""2"": ""R05.1"", ""3"": ""R09.81"", ""4"": ""J15.7""}}","1: R11.10 | 2: R05.1
3: R09.81 | 4: J15.7",CO,22,22,,MA04,MA04,,22,,MA04,,ANTHEM BCBS HEALTHCARE SOLUTIONS,mco_medicaid,PRIMARY,662.22,0,0,1699037499,5,63
3422,5,30,31067,46173,J1100,medication,HC,,,,,,0,50,0,01-05-2025,01-05-2025,22-05-2025,20-05-2025,"{""icd_10"": {""1"": ""R11.10"", ""2"": ""R05.1"", ""3"": ""R09.81"", ""4"": ""J15.7"", ""5"": ""J45.901""}, ""procedures"": {""1"": ""2"", ""2"": ""4"", ""3"": ""5""}, ""actual_procedures"": {""1"": ""R05.1"", ""2"": ""J15.7"", ""3"": ""J45.901""}}","1: R05.1 | 2: J15.7
3: J45.901",CO,211,211,,,,,211,,,,ANTHEM BCBS HEALTHCARE SOLUTIONS,mco_medicaid,PRIMARY,662.22,0,0,1699037499,5,63
3422,6,31,31067,46173,96372,medication,HC,59,,,,,0,44.44,0,01-05-2025,01-05-2025,22-05-2025,20-05-2025,"{""icd_10"": {""1"": ""R11.10"", ""2"": ""R05.1"", ""3"": ""R09.81"", ""4"": ""J15.7"", ""5"": ""J45.901""}, ""procedures"": {""1"": ""2"", ""2"": ""4"", ""3"": ""5""}, ""actual_procedures"": {""1"": ""R05.1"", ""2"": ""J15.7"", ""3"": ""J45.901""}}","1: R05.1 | 2: J15.7
3: J45.901",CO,22,22,,MA04,MA04,,22,,MA04,,ANTHEM BCBS HEALTHCARE SOLUTIONS,mco_medicaid,PRIMARY,662.22,0,0,1699037499,5,63
3422,7,32,31067,46173,A7003,respiratory,HC,NU,,,,,0,4.54,0,01-05-2025,01-05-2025,22-05-2025,20-05-2025,"{""icd_10"": {""1"": ""R11.10"", ""2"": ""R05.1"", ""3"": ""R09.81"", ""4"": ""J15.7"", ""5"": ""J45.901""}, ""procedures"": {""1"": ""2"", ""2"": ""4"", ""3"": ""5""}, ""actual_procedures"": {""1"": ""R05.1"", ""2"": ""J15.7"", ""3"": ""J45.901""}}","1: R05.1 | 2: J15.7
3: J45.901",CO,22,22,,MA04,MA04,,22,,MA04,,ANTHEM BCBS HEALTHCARE SOLUTIONS,mco_medicaid,PRIMARY,662.22,0,0,1699037499,5,63
3422,8,33,31067,46173,A7015,respiratory,HC,NU,,,,,0,3.24,0,01-05-2025,01-05-2025,22-05-2025,20-05-2025,"{""icd_10"": {""1"": ""R11.10"", ""2"": ""R05.1"", ""3"": ""R09.81"", ""4"": ""J15.7"", ""5"": ""J45.901""}, ""procedures"": {""1"": ""2"", ""2"": ""4"", ""3"": ""5""}, ""actual_procedures"": {""1"": ""R05.1"", ""2"": ""J15.7"", ""3"": ""J45.901""}}","1: R05.1 | 2: J15.7
3: J45.901",CO,22,22,,MA04,MA04,,22,,MA04,,ANTHEM BCBS HEALTHCARE SOLUTIONS,mco_medicaid,PRIMARY,662.22,0,0,1699037499,5,63
3422,9,34,31067,46173,94640,respiratory,HC,59,,,,,0,50,0,01-05-2025,01-05-2025,22-05-2025,20-05-2025,"{""icd_10"": {""1"": ""R11.10"", ""2"": ""R05.1"", ""3"": ""R09.81"", ""4"": ""J15.7"", ""5"": ""J45.901""}, ""procedures"": {""1"": ""2"", ""2"": ""4"", ""3"": ""5""}, ""actual_procedures"": {""1"": ""R05.1"", ""2"": ""J15.7"", ""3"": ""J45.901""}}","1: R05.1 | 2: J15.7
3: J45.901",CO,22,22,,MA04,MA04,,22,,MA04,,ANTHEM BCBS HEALTHCARE SOLUTIONS,mco_medicaid,PRIMARY,662.22,0,0,1699037499,5,63
3422,10,35,31067,46173,J7613,respiratory,HC,,,,,,0,25,0,01-05-2025,01-05-2025,22-05-2025,20-05-2025,"{""icd_10"": {""1"": ""R11.10"", ""2"": ""R05.1"", ""3"": ""R09.81"", ""4"": ""J15.7"", ""5"": ""J45.901""}, ""procedures"": {""1"": ""2"", ""2"": ""4"", ""3"": ""5""}, ""actual_procedures"": {""1"": ""R05.1"", ""2"": ""J15.7"", ""3"": ""J45.901""}}","1: R05.1 | 2: J15.7
3: J45.901",CO,22,22,,MA04,MA04,,22,,MA04,,ANTHEM BCBS HEALTHCARE SOLUTIONS,mco_medicaid,PRIMARY,662.22,0,0,1699037499,5,63
3422,11,36,31067,46173,87880,poc,HC,QW,,,,,0,25,0,01-05-2025,01-05-2025,22-05-2025,20-05-2025,"{""icd_10"": {""1"": ""R11.10"", ""2"": ""R05.1"", ""3"": ""R09.81"", ""4"": ""J15.7"", ""5"": ""J45.901""}, ""procedures"": {""1"": ""1"", ""2"": ""2"", ""3"": ""3""}, ""actual_procedures"": {""1"": ""R11.10"", ""2"": ""R05.1"", ""3"": ""R09.81""}}","1: R11.10 | 2: R05.1
3: R09.81",CO,22,22,,MA04,MA04,,22,,MA04,,ANTHEM BCBS HEALTHCARE SOLUTIONS,mco_medicaid,PRIMARY,662.22,0,0,1699037499,5,63
3422,12,37,31067,46173,87804,poc,HC,QW,,,,,0,50,0,01-05-2025,01-05-2025,22-05-2025,20-05-2025,"{""icd_10"": {""1"": ""R11.10"", ""2"": ""R05.1"", ""3"": ""R09.81"", ""4"": ""J15.7"", ""5"": ""J45.901""}, ""procedures"": {""1"": ""1"", ""2"": ""2"", ""3"": ""3""}, ""actual_procedures"": {""1"": ""R11.10"", ""2"": ""R05.1"", ""3"": ""R09.81""}}","1: R11.10 | 2: R05.1
3: R09.81",CO,22,22,,MA04,MA04,,22,,MA04,,ANTHEM BCBS HEALTHCARE SOLUTIONS,mco_medicaid,PRIMARY,662.22,0,0,1699037499,5,63
3423,1,38,23015,17407,99392,well_visit,HC,EP,25,,,,1,220,98.67,07-04-2025,07-04-2025,22-05-2025,20-05-2025,"{""icd_10"": {""1"": ""Z00.129"", ""2"": ""Z71.3"", ""3"": ""Z23"", ""4"": ""Z68.53""}, ""procedures"": {""1"": ""1"", ""2"": ""2"", ""3"": ""4""}, ""actual_procedures"": {""1"": ""Z00.129"", ""2"": ""Z71.3"", ""3"": ""Z68.53""}}","1: Z00.129 | 2: Z71.3
3: Z68.53",CO,45,45,,N381,N381,,45,,N381,,ANTHEM BCBS HEALTHCARE SOLUTIONS,mco_medicaid,PRIMARY,259.8,126.66,0.49,1861707069,3,39
3423,2,39,23015,17407,90633,vaccine,HC,,,,,,0,0,0,07-04-2025,07-04-2025,22-05-2025,20-05-2025,"{""icd_10"": {""1"": ""Z00.129"", ""2"": ""Z71.3"", ""3"": ""Z23"", ""4"": ""Z68.53""}, ""procedures"": {""1"": ""3""}, ""actual_procedures"": {""1"": ""Z23""}}",1: Z23,,,,,,,,,,,,ANTHEM BCBS HEALTHCARE SOLUTIONS,mco_medicaid,PRIMARY,259.8,126.66,0.49,1861707069,3,39
3423,3,40,23015,17407,90460,vaccine_administration,HC,,,,,,1,25,21,07-04-2025,07-04-2025,22-05-2025,20-05-2025,"{""icd_10"": {""1"": ""Z00.129"", ""2"": ""Z71.3"", ""3"": ""Z23"", ""4"": ""Z68.53""}, ""procedures"": {""1"": ""3""}, ""actual_procedures"": {""1"": ""Z23""}}",1: Z23,CO,45,45,,N381,N381,,45,,N381,,ANTHEM BCBS HEALTHCARE SOLUTIONS,mco_medicaid,PRIMARY,259.8,126.66,0.49,1861707069,3,39
3423,4,41,23015,17407,96110,procedure,HC,59,,,,,1,14.8,6.99,07-04-2025,07-04-2025,22-05-2025,20-05-2025,"{""icd_10"": {""1"": ""Z00.129"", ""2"": ""Z71.3"", ""3"": ""Z23"", ""4"": ""Z68.53""}, ""procedures"": {""1"": ""1""}, ""actual_procedures"": {""1"": ""Z00.129""}}",1: Z00.129,CO,45,45,,N381,N381,,45,,N381,,ANTHEM BCBS HEALTHCARE SOLUTIONS,mco_medicaid,PRIMARY,259.8,126.66,0.49,1861707069,3,39
3424,1,42,35610,50716,99392,well_visit,HC,EP,25,,,,1,220,98.67,16-04-2025,16-04-2025,22-05-2025,20-05-2025,"{""icd_10"": {""1"": ""Z00.129"", ""2"": ""Z71.3"", ""3"": ""Z23"", ""4"": ""Z29.3""}, ""procedures"": {""1"": ""1"", ""2"": ""2""}, ""actual_procedures"": {""1"": ""Z00.129"", ""2"": ""Z71.3""}}",1: Z00.129 | 2: Z71.3,CO,45,45,,N381,N381,,45,,N381,,ANTHEM BCBS HEALTHCARE SOLUTIONS,mco_medicaid,PRIMARY,299.8,138.29,0.46,1861707069,1,23
3424,2,43,35610,50716,90460,vaccine_administration,HC,,,,,,1,25,21,16-04-2025,16-04-2025,22-05-2025,20-05-2025,"{""icd_10"": {""1"": ""Z00.129"", ""2"": ""Z71.3"", ""3"": ""Z23"", ""4"": ""Z29.3""}, ""procedures"": {""1"": ""3""}, ""actual_procedures"": {""1"": ""Z23""}}",1: Z23,CO,45,45,,N381,N381,,45,,N381,,ANTHEM BCBS HEALTHCARE SOLUTIONS,mco_medicaid,PRIMARY,299.8,138.29,0.46,1861707069,1,23
3424,3,44,35610,50716,99188,procedure,HC,,,,,,1,40,11.63,16-04-2025,16-04-2025,22-05-2025,20-05-2025,"{""icd_10"": {""1"": ""Z00.129"", ""2"": ""Z71.3"", ""3"": ""Z23"", ""4"": ""Z29.3""}, ""procedures"": {""1"": ""4""}, ""actual_procedures"": {""1"": ""Z29.3""}}",1: Z29.3,CO,45,45,,N381,N381,,45,,N381,,ANTHEM BCBS HEALTHCARE SOLUTIONS,mco_medicaid,PRIMARY,299.8,138.29,0.46,1861707069,1,23
3424,4,45,35610,50716,90633,vaccine,HC,,,,,,0,0,0,16-04-2025,16-04-2025,22-05-2025,20-05-2025,"{""icd_10"": {""1"": ""Z00.129"", ""2"": ""Z71.3"", ""3"": ""Z23"", ""4"": ""Z29.3""}, ""procedures"": {""1"": ""3""}, ""actual_procedures"": {""1"": ""Z23""}}",1: Z23,,,,,,,,,,,,ANTHEM BCBS HEALTHCARE SOLUTIONS,mco_medicaid,PRIMARY,299.8,138.29,0.46,1861707069,1,23
3424,5,46,35610,50716,96110,procedure,HC,59,,,,,1,14.8,6.99,16-04-2025,16-04-2025,22-05-2025,20-05-2025,"{""icd_10"": {""1"": ""Z00.129"", ""2"": ""Z71.3"", ""3"": ""Z23"", ""4"": ""Z29.3""}, ""procedures"": {""1"": ""1""}, ""actual_procedures"": {""1"": ""Z00.129""}}",1: Z00.129,CO,45,45,,N381,N381,,45,,N381,,ANTHEM BCBS HEALTHCARE SOLUTIONS,mco_medicaid,PRIMARY,299.8,138.29,0.46,1861707069,1,23
3425,1,47,15943431,16700,99214,sick_visit,HC,25,,,,,1,215,99.68,07-04-2025,07-04-2025,22-05-2025,20-05-2025,"{""icd_10"": {""1"": ""J02.0"", ""2"": ""R50.9""}, ""procedures"": {""1"": ""1"", ""2"": ""2""}, ""actual_procedures"": {""1"": ""J02.0"", ""2"": ""R50.9""}}",1: J02.0 | 2: R50.9,CO,45,45,,N381,N381,,45,,N381,,ANTHEM BCBS HEALTHCARE SOLUTIONS,mco_medicaid,PRIMARY,240,109.6,0.46,1861707069,6,83
3425,2,48,15943431,16700,87880,poc,HC,QW,,,,,1,25,9.92,07-04-2025,07-04-2025,22-05-2025,20-05-2025,"{""icd_10"": {""1"": ""J02.0"", ""2"": ""R50.9""}, ""procedures"": {""1"": ""1""}, ""actual_procedures"": {""1"": ""J02.0""}}",1: J02.0,CO,45,45,,N381,N381,,45,,N381,,ANTHEM BCBS HEALTHCARE SOLUTIONS,mco_medicaid,PRIMARY,240,109.6,0.46,1861707069,6,83
3426,1,49,35559,50665,99395,well_visit,HC,25,,,,,1,275,109.77,16-04-2025,16-04-2025,22-05-2025,20-05-2025,"{""icd_10"": {""1"": ""Z00.00"", ""2"": ""Z30.02"", ""3"": ""Z13.31""}, ""procedures"": {""1"": ""1""}, ""actual_procedures"": {""1"": ""Z00.00""}}",1: Z00.00,CO,45,45,,N381,N381,,45,,N381,,ANTHEM BCBS HEALTHCARE SOLUTIONS,mco_medicaid,PRIMARY,370.16,147.47,0.4,1861707069,18,216
3426,2,50,35559,50665,96127,procedure,HC,59,,,,,1,25,4.55,16-04-2025,16-04-2025,22-05-2025,20-05-2025,"{""icd_10"": {""1"": ""Z00.00"", ""2"": ""Z30.02"", ""3"": ""Z13.31""}, ""procedures"": {""1"": ""3""}, ""actual_procedures"": {""1"": ""Z13.31""}}",1: Z13.31,CO,45,45,,N381,N381,,45,,N381,,ANTHEM BCBS HEALTHCARE SOLUTIONS,mco_medicaid,PRIMARY,370.16,147.47,0.4,1861707069,18,216
3426,3,51,35559,50665,99401,Counseling - Preventive Counseling,HC,FP,,,,,1,70.16,33.15,16-04-2025,16-04-2025,22-05-2025,20-05-2025,"{""icd_10"": {""1"": ""Z00.00"", ""2"": ""Z30.02"", ""3"": ""Z13.31""}, ""procedures"": {""1"": ""2""}, ""actual_procedures"": {""1"": ""Z30.02""}}",1: Z30.02,CO,45,45,,N381,N381,,45,,N381,,ANTHEM BCBS HEALTHCARE SOLUTIONS,mco_medicaid,PRIMARY,370.16,147.47,0.4,1861707069,18,216
3427,1,52,13290,15019,99214,sick_visit,HC,,,,,,1,215,99.68,16-04-2025,16-04-2025,22-05-2025,20-05-2025,"{""icd_10"": {""1"": ""K21.9"", ""2"": ""R11.2"", ""3"": ""Z71.3"", ""4"": ""R11.10"", ""5"": ""J35.1"", ""6"": ""R06.83""}, ""procedures"": {""1"": ""1"", ""2"": ""2"", ""3"": ""3"", ""4"": ""4""}, ""actual_procedures"": {""1"": ""K21.9"", ""2"": ""R11.2"", ""3"": ""Z71.3"", ""4"": ""R11.10""}}","1: K21.9 | 2: R11.2
3: Z71.3 | 4: R11.10",CO,45,45,,N381,N381,,45,,N381,,ANTHEM BCBS HEALTHCARE SOLUTIONS,mco_medicaid,PRIMARY,215,99.68,0.46,1861707069,11,143
3428,1,53,152134,16627,99214,sick_visit,HC,25,,,,,1,215,99.68,18-04-2025,18-04-2025,22-05-2025,20-05-2025,"{""icd_10"": {""1"": ""R07.9"", ""2"": ""F41.9"", ""3"": ""E66.9"", ""4"": ""Z23""}, ""procedures"": {""1"": ""1"", ""2"": ""2"", ""3"": ""3"", ""4"": ""4""}, ""actual_procedures"": {""1"": ""R07.9"", ""2"": ""F41.9"", ""3"": ""E66.9"", ""4"": ""Z23""}}","1: R07.9 | 2: F41.9
3: E66.9 | 4: Z23",CO,45,45,,N381,N381,,45,,N381,,ANTHEM BCBS HEALTHCARE SOLUTIONS,mco_medicaid,PRIMARY,365,193.88,0.53,1861707069,12,148
3428,2,54,152134,16627,90715,vaccine,HC,,,,,,0,0,0,18-04-2025,18-04-2025,22-05-2025,20-05-2025,"{""icd_10"": {""1"": ""R07.9"", ""2"": ""F41.9"", ""3"": ""E66.9"", ""4"": ""Z23""}, ""procedures"": {""1"": ""4""}, ""actual_procedures"": {""1"": ""Z23""}}",1: Z23,,,,,,,,,,,,ANTHEM BCBS HEALTHCARE SOLUTIONS,mco_medicaid,PRIMARY,365,193.88,0.53,1861707069,12,148
3428,3,55,152134,16627,90651,vaccine,HC,,,,,,0,0,0,18-04-2025,18-04-2025,22-05-2025,20-05-2025,"{""icd_10"": {""1"": ""R07.9"", ""2"": ""F41.9"", ""3"": ""E66.9"", ""4"": ""Z23""}, ""procedures"": {""1"": ""4""}, ""actual_procedures"": {""1"": ""Z23""}}",1: Z23,,,,,,,,,,,,ANTHEM BCBS HEALTHCARE SOLUTIONS,mco_medicaid,PRIMARY,365,193.88,0.53,1861707069,12,148
3428,4,56,152134,16627,90734,vaccine,HC,,,,,,0,0,0,18-04-2025,18-04-2025,22-05-2025,20-05-2025,"{""icd_10"": {""1"": ""R07.9"", ""2"": ""F41.9"", ""3"": ""E66.9"", ""4"": ""Z23""}, ""procedures"": {""1"": ""4""}, ""actual_procedures"": {""1"": ""Z23""}}",1: Z23,,,,,,,,,,,,ANTHEM BCBS HEALTHCARE SOLUTIONS,mco_medicaid,PRIMARY,365,193.88,0.53,1861707069,12,148
3428,5,57,152134,16627,90460,vaccine_administration,HC,,,,,,3,75,62.99,18-04-2025,18-04-2025,22-05-2025,20-05-2025,"{""icd_10"": {""1"": ""R07.9"", ""2"": ""F41.9"", ""3"": ""E66.9"", ""4"": ""Z23""}, ""procedures"": {""1"": ""4""}, ""actual_procedures"": {""1"": ""Z23""}}",1: Z23,CO,45,45,,N381,N381,,45,,N381,,ANTHEM BCBS HEALTHCARE SOLUTIONS,mco_medicaid,PRIMARY,365,193.88,0.53,1861707069,12,148
3428,6,58,152134,16627,90472,vaccine_administration,HC,,,,,,3,75,31.21,18-04-2025,18-04-2025,22-05-2025,20-05-2025,"{""icd_10"": {""1"": ""R07.9"", ""2"": ""F41.9"", ""3"": ""E66.9"", ""4"": ""Z23""}, ""procedures"": {""1"": ""4""}, ""actual_procedures"": {""1"": ""Z23""}}",1: Z23,CO,45,45,,N381,N381,,45,,N381,,ANTHEM BCBS HEALTHCARE SOLUTIONS,mco_medicaid,PRIMARY,365,193.88,0.53,1861707069,12,148
3429,1,59,29762,44868,99213,sick_visit,HC,25,,,,,0,150,0,16-04-2025,16-04-2025,22-05-2025,20-05-2025,"{""icd_10"": {""1"": ""Z00.129"", ""2"": ""M21.061"", ""3"": ""R62.50""}, ""procedures"": {""1"": ""2"", ""2"": ""3""}, ""actual_procedures"": {""1"": ""M21.061"", ""2"": ""R62.50""}}",1: M21.061 | 2: R62.50,CO,4,4,,,,,4,,,,ANTHEM BCBS HEALTHCARE SOLUTIONS,mco_medicaid,PRIMARY,350,92.43,0.26,1861707069,0,9
3429,2,60,29762,44868,99391,well_visit,HC,EP,25,,,,1,200,92.43,16-04-2025,16-04-2025,22-05-2025,20-05-2025,"{""icd_10"": {""1"": ""Z00.129"", ""2"": ""M21.061"", ""3"": ""R62.50""}, ""procedures"": {""1"": ""1""}, ""actual_procedures"": {""1"": ""Z00.129""}}",1: Z00.129,CO,45,45,,N381,N381,,45,,N381,,ANTHEM BCBS HEALTHCARE SOLUTIONS,mco_medicaid,PRIMARY,350,92.43,0.26,1861707069,0,9
3430,1,61,13574,535,99393,well_visit,HC,EP,,,,,1,230,98.33,16-04-2025,16-04-2025,22-05-2025,20-05-2025,"{""icd_10"": {""1"": ""Z00.129"", ""2"": ""Z71.3"", ""3"": ""Z68.52""}, ""procedures"": {""1"": ""1"", ""2"": ""2"", ""3"": ""3""}, ""actual_procedures"": {""1"": ""Z00.129"", ""2"": ""Z71.3"", ""3"": ""Z68.52""}}","1: Z00.129 | 2: Z71.3
3: Z68.52",CO,45,45,,N381,N381,,45,,N381,,ANTHEM BCBS HEALTHCARE SOLUTIONS,mco_medicaid,PRIMARY,230,98.33,0.43,1861707069,5,62
3431,1,62,1373673,6326,99392,well_visit,HC,EP,25,,,,1,220,98.67,28-04-2025,28-04-2025,22-05-2025,20-05-2025,"{""icd_10"": {""1"": ""Z00.129"", ""2"": ""Z71.3"", ""3"": ""Z23"", ""4"": ""R63.39"", ""5"": ""Z68.52"", ""6"": ""Z71.2""}, ""procedures"": {""1"": ""1"", ""2"": ""2"", ""3"": ""5"", ""4"": ""6""}, ""actual_procedures"": {""1"": ""Z00.129"", ""2"": ""Z71.3"", ""3"": ""Z68.52"", ""4"": ""Z71.2""}}","1: Z00.129 | 2: Z71.3
3: Z68.52 | 4: Z71.2",CO,45,45,,N381,N381,,45,,N381,,ANTHEM BCBS HEALTHCARE SOLUTIONS,mco_medicaid,PRIMARY,448.24,224.08,0.5,1861707069,4,48
3431,2,63,1373673,6326,90460,vaccine_administration,HC,,,,,,3,75,62.99,28-04-2025,28-04-2025,22-05-2025,20-05-2025,"{""icd_10"": {""1"": ""Z00.129"", ""2"": ""Z71.3"", ""3"": ""Z23"", ""4"": ""R63.39"", ""5"": ""Z68.52"", ""6"": ""Z71.2""}, ""procedures"": {""1"": ""3""}, ""actual_procedures"": {""1"": ""Z23""}}",1: Z23,CO,45,45,,N381,N381,,45,,N381,,ANTHEM BCBS HEALTHCARE SOLUTIONS,mco_medicaid,PRIMARY,448.24,224.08,0.5,1861707069,4,48
3431,3,64,1373673,6326,85018,poc,HC,QW,,,,,0,3.24,0,28-04-2025,28-04-2025,22-05-2025,20-05-2025,"{""icd_10"": {""1"": ""Z00.129"", ""2"": ""Z71.3"", ""3"": ""Z23"", ""4"": ""R63.39"", ""5"": ""Z68.52"", ""6"": ""Z71.2""}, ""procedures"": {""1"": ""4"", ""2"": ""1""}, ""actual_procedures"": {""1"": ""R63.39"", ""2"": ""Z00.129""}}",1: R63.39 | 2: Z00.129,CO,97,97,,N19,N19,,97,,N19,,ANTHEM BCBS HEALTHCARE SOLUTIONS,mco_medicaid,PRIMARY,448.24,224.08,0.5,1861707069,4,48
3431,4,65,1373673,6326,90716,vaccine,HC,,,,,,0,0,0,28-04-2025,28-04-2025,22-05-2025,20-05-2025,"{""icd_10"": {""1"": ""Z00.129"", ""2"": ""Z71.3"", ""3"": ""Z23"", ""4"": ""R63.39"", ""5"": ""Z68.52"", ""6"": ""Z71.2""}, ""procedures"": {""1"": ""3""}, ""actual_procedures"": {""1"": ""Z23""}}",1: Z23,,,,,,,,,,,,ANTHEM BCBS HEALTHCARE SOLUTIONS,mco_medicaid,PRIMARY,448.24,224.08,0.5,1861707069,4,48
3431,5,66,1373673,6326,90696,vaccine,HC,,,,,,0,0,0,28-04-2025,28-04-2025,22-05-2025,20-05-2025,"{""icd_10"": {""1"": ""Z00.129"", ""2"": ""Z71.3"", ""3"": ""Z23"", ""4"": ""R63.39"", ""5"": ""Z68.52"", ""6"": ""Z71.2""}, ""procedures"": {""1"": ""3""}, ""actual_procedures"": {""1"": ""Z23""}}",1: Z23,,,,,,,,,,,,ANTHEM BCBS HEALTHCARE SOLUTIONS,mco_medicaid,PRIMARY,448.24,224.08,0.5,1861707069,4,48
3431,6,67,1373673,6326,90707,vaccine,HC,,,,,,0,0,0,28-04-2025,28-04-2025,22-05-2025,20-05-2025,"{""icd_10"": {""1"": ""Z00.129"", ""2"": ""Z71.3"", ""3"": ""Z23"", ""4"": ""R63.39"", ""5"": ""Z68.52"", ""6"": ""Z71.2""}, ""procedures"": {""1"": ""3""}, ""actual_procedures"": {""1"": ""Z23""}}",1: Z23,,,,,,,,,,,,ANTHEM BCBS HEALTHCARE SOLUTIONS,mco_medicaid,PRIMARY,448.24,224.08,0.5,1861707069,4,48
3431,7,68,1373673,6326,90472,vaccine_administration,HC,,,,,,6,150,62.42,28-04-2025,28-04-2025,22-05-2025,20-05-2025,"{""icd_10"": {""1"": ""Z00.129"", ""2"": ""Z71.3"", ""3"": ""Z23"", ""4"": ""R63.39"", ""5"": ""Z68.52"", ""6"": ""Z71.2""}, ""procedures"": {""1"": ""3""}, ""actual_procedures"": {""1"": ""Z23""}}",1: Z23,CO,45,45,,N381,N381,,45,,N381,,ANTHEM BCBS HEALTHCARE SOLUTIONS,mco_medicaid,PRIMARY,448.24,224.08,0.5,1861707069,4,48
3432,1,69,139126366,16502,99392,well_visit,HC,EP,,,,,1,220,98.67,05-05-2025,05-05-2025,22-05-2025,20-05-2025,"{""icd_10"": {""1"": ""Z00.129""}, ""procedures"": {""1"": ""1""}, ""actual_procedures"": {""1"": ""Z00.129""}}",1: Z00.129,CO,45,45,,N381,N381,,45,,N381,,ANTHEM BCBS HEALTHCARE SOLUTIONS,mco_medicaid,PRIMARY,220,98.67,0.45,1861707069,2,24
3433,1,70,29762,44868,99213,sick_visit,HC,,,,,,1,150,67.64,05-05-2025,05-05-2025,22-05-2025,20-05-2025,"{""icd_10"": {""1"": ""J05.0"", ""2"": ""R05.1""}, ""procedures"": {""1"": ""1"", ""2"": ""2""}, ""actual_procedures"": {""1"": ""J05.0"", ""2"": ""R05.1""}}",1: J05.0 | 2: R05.1,CO,45,45,,N381,N381,,45,,N381,,ANTHEM BCBS HEALTHCARE SOLUTIONS,mco_medicaid,PRIMARY,150,67.64,0.45,1861707069,0,9
3434,1,71,35829,50935,99203,sick_visit,HC,,,,,,1,220,100.21,07-05-2025,07-05-2025,22-05-2025,20-05-2025,"{""icd_10"": {""1"": ""M25.561"", ""2"": ""Z80.8""}, ""procedures"": {""1"": ""1"", ""2"": ""2""}, ""actual_procedures"": {""1"": ""M25.561"", ""2"": ""Z80.8""}}",1: M25.561 | 2: Z80.8,CO,45,45,,N381,N381,,45,,N381,,ANTHEM BCBS HEALTHCARE SOLUTIONS,mco_medicaid,PRIMARY,220,100.21,0.46,1861707069,13,158
3435,1,72,1758104,16864,99392,well_visit,HC,EP,25,,,,1,220,98.67,08-05-2025,08-05-2025,22-05-2025,20-05-2025,"{""icd_10"": {""1"": ""Z00.129"", ""2"": ""Z71.3"", ""3"": ""Z28.82"", ""4"": ""Z29.3""}, ""procedures"": {""1"": ""1"", ""2"": ""2"", ""3"": ""3""}, ""actual_procedures"": {""1"": ""Z00.129"", ""2"": ""Z71.3"", ""3"": ""Z28.82""}}","1: Z00.129 | 2: Z71.3
3: Z28.82",CO,45,45,,N381,N381,,45,,N381,,ANTHEM BCBS HEALTHCARE SOLUTIONS,mco_medicaid,PRIMARY,260,110.3,0.42,1861707069,1,12
3435,2,73,1758104,16864,99188,procedure,HC,,,,,,1,40,11.63,08-05-2025,08-05-2025,22-05-2025,20-05-2025,"{""icd_10"": {""1"": ""Z00.129"", ""2"": ""Z71.3"", ""3"": ""Z28.82"", ""4"": ""Z29.3""}, ""procedures"": {""1"": ""4""}, ""actual_procedures"": {""1"": ""Z29.3""}}",1: Z29.3,CO,45,45,,N381,N381,,45,,N381,,ANTHEM BCBS HEALTHCARE SOLUTIONS,mco_medicaid,PRIMARY,260,110.3,0.42,1861707069,1,12
3436,1,74,160426,16710,99392,well_visit,HC,EP,25,,,,1,220,98.67,08-05-2025,08-05-2025,22-05-2025,20-05-2025,"{""icd_10"": {""1"": ""Z00.129"", ""2"": ""Z71.3"", ""3"": ""Z68.54"", ""4"": ""Z29.3""}, ""procedures"": {""1"": ""1"", ""2"": ""2"", ""3"": ""3""}, ""actual_procedures"": {""1"": ""Z00.129"", ""2"": ""Z71.3"", ""3"": ""Z68.54""}}","1: Z00.129 | 2: Z71.3
3: Z68.54",CO,45,45,,N381,N381,,45,,N381,,ANTHEM BCBS HEALTHCARE SOLUTIONS,mco_medicaid,PRIMARY,260,110.3,0.42,1861707069,3,39
3436,2,75,160426,16710,99188,procedure,HC,,,,,,1,40,11.63,08-05-2025,08-05-2025,22-05-2025,20-05-2025,"{""icd_10"": {""1"": ""Z00.129"", ""2"": ""Z71.3"", ""3"": ""Z68.54"", ""4"": ""Z29.3""}, ""procedures"": {""1"": ""4""}, ""actual_procedures"": {""1"": ""Z29.3""}}",1: Z29.3,CO,45,45,,N381,N381,,45,,N381,,ANTHEM BCBS HEALTHCARE SOLUTIONS,mco_medicaid,PRIMARY,260,110.3,0.42,1861707069,3,39
3437,1,76,15110010,16617,99393,well_visit,HC,EP,,,,,1,230,98.33,05-05-2025,05-05-2025,22-05-2025,20-05-2025,"{""icd_10"": {""1"": ""Z00.129"", ""2"": ""Z71.3"", ""3"": ""Z71.82"", ""4"": ""L81.9"", ""5"": ""Z68.52""}, ""procedures"": {""1"": ""1"", ""2"": ""2"", ""3"": ""3"", ""4"": ""4""}, ""actual_procedures"": {""1"": ""Z00.129"", ""2"": ""Z71.3"", ""3"": ""Z71.82"", ""4"": ""L81.9""}}","1: Z00.129 | 2: Z71.3
3: Z71.82 | 4: L81.9",CO,45,45,,N381,N381,,45,,N381,,ANTHEM BCBS HEALTHCARE SOLUTIONS,mco_medicaid,PRIMARY,230,98.33,0.43,1861707069,10,122
3438,1,77,1790,16896,99391,well_visit,HC,EP,,,,,1,200,92.43,07-05-2025,07-05-2025,22-05-2025,20-05-2025,"{""icd_10"": {""1"": ""Z00.129"", ""2"": ""Z71.3"", ""3"": ""K42.9""}, ""procedures"": {""1"": ""1"", ""2"": ""2"", ""3"": ""3""}, ""actual_procedures"": {""1"": ""Z00.129"", ""2"": ""Z71.3"", ""3"": ""K42.9""}}","1: Z00.129 | 2: Z71.3
3: K42.9",CO,45,45,,N381,N381,,45,,N381,,ANTHEM BCBS HEALTHCARE SOLUTIONS,mco_medicaid,PRIMARY,200,92.43,0.46,1861707069,0,9
3439,1,78,19055,17011,99392,well_visit,HC,EP,25,,,,1,220,98.67,07-05-2025,07-05-2025,22-05-2025,20-05-2025,"{""icd_10"": {""1"": ""Z00.129"", ""2"": ""Z71.3"", ""3"": ""Z13.41"", ""4"": ""Z13.42"", ""5"": ""Z23""}, ""procedures"": {""1"": ""1""}, ""actual_procedures"": {""1"": ""Z00.129""}}",1: Z00.129,CO,45,45,,N381,N381,,45,,N381,,ANTHEM BCBS HEALTHCARE SOLUTIONS,mco_medicaid,PRIMARY,274.6,133.66,0.49,1861707069,1,18
3439,2,79,19055,17011,96110,procedure,HC,59,,,,,2,29.6,13.99,07-05-2025,07-05-2025,22-05-2025,20-05-2025,"{""icd_10"": {""1"": ""Z00.129"", ""2"": ""Z71.3"", ""3"": ""Z13.41"", ""4"": ""Z13.42"", ""5"": ""Z23""}, ""procedures"": {""1"": ""3"", ""2"": ""4""}, ""actual_procedures"": {""1"": ""Z13.41"", ""2"": ""Z13.42""}}",1: Z13.41 | 2: Z13.42,CO,45,45,,N381,N381,,45,,N381,,ANTHEM BCBS HEALTHCARE SOLUTIONS,mco_medicaid,PRIMARY,274.6,133.66,0.49,1861707069,1,18
3439,3,80,19055,17011,90633,vaccine,HC,,,,,,0,0,0,07-05-2025,07-05-2025,22-05-2025,20-05-2025,"{""icd_10"": {""1"": ""Z00.129"", ""2"": ""Z71.3"", ""3"": ""Z13.41"", ""4"": ""Z13.42"", ""5"": ""Z23""}, ""procedures"": {""1"": ""5""}, ""actual_procedures"": {""1"": ""Z23""}}",1: Z23,,,,,,,,,,,,ANTHEM BCBS HEALTHCARE SOLUTIONS,mco_medicaid,PRIMARY,274.6,133.66,0.49,1861707069,1,18
3439,4,81,19055,17011,90460,vaccine_administration,HC,,,,,,1,25,21,07-05-2025,07-05-2025,22-05-2025,20-05-2025,"{""icd_10"": {""1"": ""Z00.129"", ""2"": ""Z71.3"", ""3"": ""Z13.41"", ""4"": ""Z13.42"", ""5"": ""Z23""}, ""procedures"": {""1"": ""5""}, ""actual_procedures"": {""1"": ""Z23""}}",1: Z23,CO,45,45,,N381,N381,,45,,N381,,ANTHEM BCBS HEALTHCARE SOLUTIONS,mco_medicaid,PRIMARY,274.6,133.66,0.49,1861707069,1,18
3440,1,82,17151,16821,99392,well_visit,HC,EP,25,,,,1,220,98.67,08-05-2025,08-05-2025,22-05-2025,20-05-2025,"{""icd_10"": {""1"": ""Z00.129"", ""2"": ""Z71.3"", ""3"": ""Z23"", ""4"": ""L22""}, ""procedures"": {""1"": ""1"", ""2"": ""2"", ""3"": ""4""}, ""actual_procedures"": {""1"": ""Z00.129"", ""2"": ""Z71.3"", ""3"": ""L22""}}","1: Z00.129 | 2: Z71.3
3: L22",CO,45,45,,N381,N381,,45,,N381,,ANTHEM BCBS HEALTHCARE SOLUTIONS,mco_medicaid,PRIMARY,320,150.88,0.47,1861707069,1,15
3440,2,83,17151,16821,90460,vaccine_administration,HC,,,,,,1,25,21,08-05-2025,08-05-2025,22-05-2025,20-05-2025,"{""icd_10"": {""1"": ""Z00.129"", ""2"": ""Z71.3"", ""3"": ""Z23"", ""4"": ""L22""}, ""procedures"": {""1"": ""3""}, ""actual_procedures"": {""1"": ""Z23""}}",1: Z23,CO,45,45,,N381,N381,,45,,N381,,ANTHEM BCBS HEALTHCARE SOLUTIONS,mco_medicaid,PRIMARY,320,150.88,0.47,1861707069,1,15
3440,3,84,17151,16821,90700,vaccine,HC,,,,,,0,0,0,08-05-2025,08-05-2025,22-05-2025,20-05-2025,"{""icd_10"": {""1"": ""Z00.129"", ""2"": ""Z71.3"", ""3"": ""Z23"", ""4"": ""L22""}, ""procedures"": {""1"": ""3""}, ""actual_procedures"": {""1"": ""Z23""}}",1: Z23,,,,,,,,,,,,ANTHEM BCBS HEALTHCARE SOLUTIONS,mco_medicaid,PRIMARY,320,150.88,0.47,1861707069,1,15
3440,4,85,17151,16821,90472,vaccine_administration,HC,,,,,,3,75,31.21,08-05-2025,08-05-2025,22-05-2025,20-05-2025,"{""icd_10"": {""1"": ""Z00.129"", ""2"": ""Z71.3"", ""3"": ""Z23"", ""4"": ""L22""}, ""procedures"": {""1"": ""3""}, ""actual_procedures"": {""1"": ""Z23""}}",1: Z23,CO,45,45,,N381,N381,,45,,N381,,ANTHEM BCBS HEALTHCARE SOLUTIONS,mco_medicaid,PRIMARY,320,150.88,0.47,1861707069,1,15
3441,1,86,1819,16925,99393,well_visit,HC,EP,,,,,1,230,98.33,05-05-2025,05-05-2025,22-05-2025,20-05-2025,"{""icd_10"": {""1"": ""Z00.129"", ""2"": ""Z71.3"", ""3"": ""Z71.82"", ""4"": ""Z68.52""}, ""procedures"": {""1"": ""1"", ""2"": ""2"", ""3"": ""3"", ""4"": ""4""}, ""actual_procedures"": {""1"": ""Z00.129"", ""2"": ""Z71.3"", ""3"": ""Z71.82"", ""4"": ""Z68.52""}}","1: Z00.129 | 2: Z71.3
3: Z71.82 | 4: Z68.52",CO,45,45,,N381,N381,,45,,N381,,ANTHEM BCBS HEALTHCARE SOLUTIONS,mco_medicaid,PRIMARY,230,98.33,0.43,1861707069,5,61
3442,1,87,35802,50908,99213,sick_visit,HC,U6,25,,,,1,150,75.16,02-05-2025,02-05-2025,22-05-2025,20-05-2025,"{""icd_10"": {""1"": ""Z00.129"", ""2"": ""Z68.52"", ""3"": ""Z71.3"", ""4"": ""Z71.82"", ""5"": ""Z13.31"", ""6"": ""G43.009"", ""7"": ""Z30.02"", ""8"": ""Z29.3""}, ""procedures"": {""1"": ""6""}, ""actual_procedures"": {""1"": ""G43.009""}}",1: G43.009,CO,45,45,,N381,N381,,45,,N381,,ANTHEM BCBS HEALTHCARE SOLUTIONS,mco_medicaid,PRIMARY,570.16,269.96,0.47,1699037499,14,175
3442,2,88,35802,50908,99384,well_visit,HC,EP,25,,,,1,285,139.99,02-05-2025,02-05-2025,22-05-2025,20-05-2025,"{""icd_10"": {""1"": ""Z00.129"", ""2"": ""Z68.52"", ""3"": ""Z71.3"", ""4"": ""Z71.82"", ""5"": ""Z13.31"", ""6"": ""G43.009"", ""7"": ""Z30.02"", ""8"": ""Z29.3""}, ""procedures"": {""1"": ""1"", ""2"": ""2"", ""3"": ""3"", ""4"": ""4""}, ""actual_procedures"": {""1"": ""Z00.129"", ""2"": ""Z68.52"", ""3"": ""Z71.3"", ""4"": ""Z71.82""}}","1: Z00.129 | 2: Z68.52
3: Z71.3 | 4: Z71.82",CO,45,45,,N381,N381,,45,,N381,,ANTHEM BCBS HEALTHCARE SOLUTIONS,mco_medicaid,PRIMARY,570.16,269.96,0.47,1699037499,14,175
3442,3,89,35802,50908,99188,procedure,HC,,,,,,1,40,12.92,02-05-2025,02-05-2025,22-05-2025,20-05-2025,"{""icd_10"": {""1"": ""Z00.129"", ""2"": ""Z68.52"", ""3"": ""Z71.3"", ""4"": ""Z71.82"", ""5"": ""Z13.31"", ""6"": ""G43.009"", ""7"": ""Z30.02"", ""8"": ""Z29.3""}, ""procedures"": {""1"": ""8""}, ""actual_procedures"": {""1"": ""Z29.3""}}",1: Z29.3,CO,45,45,,N381,N381,,45,,N381,,ANTHEM BCBS HEALTHCARE SOLUTIONS,mco_medicaid,PRIMARY,570.16,269.96,0.47,1699037499,14,175
3442,4,90,35802,50908,96127,procedure,HC,59,,,,,1,25,5.06,02-05-2025,02-05-2025,22-05-2025,20-05-2025,"{""icd_10"": {""1"": ""Z00.129"", ""2"": ""Z68.52"", ""3"": ""Z71.3"", ""4"": ""Z71.82"", ""5"": ""Z13.31"", ""6"": ""G43.009"", ""7"": ""Z30.02"", ""8"": ""Z29.3""}, ""procedures"": {""1"": ""5""}, ""actual_procedures"": {""1"": ""Z13.31""}}",1: Z13.31,CO,45,45,,N381,N381,,45,,N381,,ANTHEM BCBS HEALTHCARE SOLUTIONS,mco_medicaid,PRIMARY,570.16,269.96,0.47,1699037499,14,175
3442,5,91,35802,50908,99401,Counseling - Preventive Counseling,HC,FP,25,,,,1,70.16,36.83,02-05-2025,02-05-2025,22-05-2025,20-05-2025,"{""icd_10"": {""1"": ""Z00.129"", ""2"": ""Z68.52"", ""3"": ""Z71.3"", ""4"": ""Z71.82"", ""5"": ""Z13.31"", ""6"": ""G43.009"", ""7"": ""Z30.02"", ""8"": ""Z29.3""}, ""procedures"": {""1"": ""7""}, ""actual_procedures"": {""1"": ""Z30.02""}}",1: Z30.02,CO,45,45,,N381,N381,,45,,N381,,ANTHEM BCBS HEALTHCARE SOLUTIONS,mco_medicaid,PRIMARY,570.16,269.96,0.47,1699037499,14,175
3443,1,1,143412,16540,99213,sick_visit,HC,U6,25,,,,1,150,67.64,09-04-2025,09-04-2025,19-05-2025,17-05-2025,"{""icd_10"": {""1"": ""Z00.129"", ""2"": ""Z71.3"", ""3"": ""R63.6"", ""4"": ""K59.00"", ""5"": ""Z23""}, ""procedures"": {""1"": ""3"", ""2"": ""4""}, ""actual_procedures"": {""1"": ""R63.6"", ""2"": ""K59.00""}}",1: R63.6 | 2: K59.00,CO,45,45,,N381,N381,,45,,N381,,ANTHEM BCBS HEALTHCARE SOLUTIONS,mco_medicaid,PRIMARY,495.02,239.52,0.48,1861707069,1,21
3443,2,2,143412,16540,99392,well_visit,HC,EP,25,,,,1,220,98.67,09-04-2025,09-04-2025,19-05-2025,17-05-2025,"{""icd_10"": {""1"": ""Z00.129"", ""2"": ""Z71.3"", ""3"": ""R63.6"", ""4"": ""K59.00"", ""5"": ""Z23""}, ""procedures"": {""1"": ""1"", ""2"": ""2""}, ""actual_procedures"": {""1"": ""Z00.129"", ""2"": ""Z71.3""}}",1: Z00.129 | 2: Z71.3,CO,45,45,,N381,N381,,45,,N381,,ANTHEM BCBS HEALTHCARE SOLUTIONS,mco_medicaid,PRIMARY,495.02,239.52,0.48,1861707069,1,21
3443,3,3,143412,16540,90460,vaccine_administration,HC,,,,,,2,50,41.99,09-04-2025,09-04-2025,19-05-2025,17-05-2025,"{""icd_10"": {""1"": ""Z00.129"", ""2"": ""Z71.3"", ""3"": ""R63.6"", ""4"": ""K59.00"", ""5"": ""Z23""}, ""procedures"": {""1"": ""5""}, ""actual_procedures"": {""1"": ""Z23""}}",1: Z23,CO,45,45,,N381,N381,,45,,N381,,ANTHEM BCBS HEALTHCARE SOLUTIONS,mco_medicaid,PRIMARY,495.02,239.52,0.48,1861707069,1,21
3443,4,4,143412,16540,90723,vaccine,HC,,,,,,0,0.01,0,09-04-2025,09-04-2025,19-05-2025,17-05-2025,"{""icd_10"": {""1"": ""Z00.129"", ""2"": ""Z71.3"", ""3"": ""R63.6"", ""4"": ""K59.00"", ""5"": ""Z23""}, ""procedures"": {""1"": ""5""}, ""actual_procedures"": {""1"": ""Z23""}}",1: Z23,CO,45,45,,N381,N381,,45,,N381,,ANTHEM BCBS HEALTHCARE SOLUTIONS,mco_medicaid,PRIMARY,495.02,239.52,0.48,1861707069,1,21
3443,5,5,143412,16540,90671,vaccine,HC,,,,,,1,0.01,0.01,09-04-2025,09-04-2025,19-05-2025,17-05-2025,"{""icd_10"": {""1"": ""Z00.129"", ""2"": ""Z71.3"", ""3"": ""R63.6"", ""4"": ""K59.00"", ""5"": ""Z23""}, ""procedures"": {""1"": ""5""}, ""actual_procedures"": {""1"": ""Z23""}}",1: Z23,,,,,,,,,,,,ANTHEM BCBS HEALTHCARE SOLUTIONS,mco_medicaid,PRIMARY,495.02,239.52,0.48,1861707069,1,21
3443,6,6,143412,16540,90472,vaccine_administration,HC,,,,,,3,75,31.21,09-04-2025,09-04-2025,19-05-2025,17-05-2025,"{""icd_10"": {""1"": ""Z00.129"", ""2"": ""Z71.3"", ""3"": ""R63.6"", ""4"": ""K59.00"", ""5"": ""Z23""}, ""procedures"": {""1"": ""5""}, ""actual_procedures"": {""1"": ""Z23""}}",1: Z23,CO,45,45,,N381,N381,,45,,N381,,ANTHEM BCBS HEALTHCARE SOLUTIONS,mco_medicaid,PRIMARY,495.02,239.52,0.48,1861707069,1,21
3444,1,7,31600,46706,99214,sick_visit,HC,25,,,,,0,215,0,16-04-2025,16-04-2025,19-05-2025,17-05-2025,,,CO,16,16,,M76,M76,,16,,M76,,ANTHEM BCBS HEALTHCARE SOLUTIONS,mco_medicaid,PRIMARY,312.78,0,0,1861707069,9,111
3444,2,8,31600,46706,A7003,respiratory,HC,NU,,,,,0,4.54,0,16-04-2025,16-04-2025,19-05-2025,17-05-2025,,,CO,16,16,,M76,M76,,16,,M76,,ANTHEM BCBS HEALTHCARE SOLUTIONS,mco_medicaid,PRIMARY,312.78,0,0,1861707069,9,111
3444,3,9,31600,46706,A7015,respiratory,HC,NU,,,,,0,3.24,0,16-04-2025,16-04-2025,19-05-2025,17-05-2025,,,CO,16,16,,M76,M76,,16,,M76,,ANTHEM BCBS HEALTHCARE SOLUTIONS,mco_medicaid,PRIMARY,312.78,0,0,1861707069,9,111
3444,4,10,31600,46706,94640,respiratory,HC,59,,,,,0,50,0,16-04-2025,16-04-2025,19-05-2025,17-05-2025,,,CO,16,16,,M76,M76,,16,,M76,,ANTHEM BCBS HEALTHCARE SOLUTIONS,mco_medicaid,PRIMARY,312.78,0,0,1861707069,9,111
3444,5,11,31600,46706,J7613,respiratory,HC,,,,,,0,25,0,16-04-2025,16-04-2025,19-05-2025,17-05-2025,,,CO,16,16,,M76,M76,,16,,M76,,ANTHEM BCBS HEALTHCARE SOLUTIONS,mco_medicaid,PRIMARY,312.78,0,0,1861707069,9,111
3444,6,12,31600,46706,94760,respiratory,HC,59,,,,,0,15,0,16-04-2025,16-04-2025,19-05-2025,17-05-2025,,,CO,16,16,,M76,M76,,16,,M76,,ANTHEM BCBS HEALTHCARE SOLUTIONS,mco_medicaid,PRIMARY,312.78,0,0,1861707069,9,111
3445,1,1,1936234,17042,99213,sick_visit,HC,25,,,,,1,-150,-67.64,10-03-2025,10-03-2025,14-05-2025,13-05-2025,"{""icd_10"": {""1"": ""R82.90"", ""2"": ""Z71.2"", ""3"": ""Z09""}, ""procedures"": {""1"": ""1"", ""2"": ""2"", ""3"": ""3""}, ""actual_procedures"": {""1"": ""R82.90"", ""2"": ""Z71.2"", ""3"": ""Z09""}}","1: R82.90 | 2: Z71.2
3: Z09",CO,45,45,,N381,N381,,45,,N381,,ANTHEM BCBS HEALTHCARE SOLUTIONS,mco_medicaid,REVERSED,-153.5,-67.64,0,1861707069,6,78
3445,2,2,1936234,17042,81002,poc,HC,QW,,,,,0,-3.5,0,10-03-2025,10-03-2025,14-05-2025,13-05-2025,"{""icd_10"": {""1"": ""R82.90"", ""2"": ""Z71.2"", ""3"": ""Z09""}, ""procedures"": {""1"": ""1""}, ""actual_procedures"": {""1"": ""R82.90""}}",1: R82.90,CO,16,16,,"N822,N823",N822,N823,16,,N822,N823,ANTHEM BCBS HEALTHCARE SOLUTIONS,mco_medicaid,REVERSED,-153.5,-67.64,0,1861707069,6,78
3446,1,3,1936234,17042,99213,sick_visit,HC,25,,,,,1,150,67.64,10-03-2025,10-03-2025,14-05-2025,13-05-2025,"{""icd_10"": {""1"": ""R82.90"", ""2"": ""Z71.2"", ""3"": ""Z09""}, ""procedures"": {""1"": ""1"", ""2"": ""2"", ""3"": ""3""}, ""actual_procedures"": {""1"": ""R82.90"", ""2"": ""Z71.2"", ""3"": ""Z09""}}","1: R82.90 | 2: Z71.2
3: Z09",CO,45,45,,N381,N381,,45,,N381,,ANTHEM BCBS HEALTHCARE SOLUTIONS,mco_medicaid,PRIMARY,153.5,69.73,0.45,1861707069,6,78
3446,2,4,1936234,17042,81002,poc,HC,QW,,,,,1,3.5,2.09,10-03-2025,10-03-2025,14-05-2025,13-05-2025,"{""icd_10"": {""1"": ""R82.90"", ""2"": ""Z71.2"", ""3"": ""Z09""}, ""procedures"": {""1"": ""1""}, ""actual_procedures"": {""1"": ""R82.90""}}",1: R82.90,CO,45,45,,N381,N381,,45,,N381,,ANTHEM BCBS HEALTHCARE SOLUTIONS,mco_medicaid,PRIMARY,153.5,69.73,0.45,1861707069,6,78
3447,1,5,1937233,17043,99213,sick_visit,HC,25,,,,,1,-150,-67.64,10-03-2025,10-03-2025,14-05-2025,13-05-2025,"{""icd_10"": {""1"": ""R80.9"", ""2"": ""Z71.2"", ""3"": ""Z09""}, ""procedures"": {""1"": ""1"", ""2"": ""2"", ""3"": ""3""}, ""actual_procedures"": {""1"": ""R80.9"", ""2"": ""Z71.2"", ""3"": ""Z09""}}","1: R80.9 | 2: Z71.2
3: Z09",CO,45,45,,N381,N381,,45,,N381,,ANTHEM BCBS HEALTHCARE SOLUTIONS,mco_medicaid,REVERSED,-153.5,-67.64,0,1861707069,13,158
3447,2,6,1937233,17043,81002,poc,HC,QW,,,,,0,-3.5,0,10-03-2025,10-03-2025,14-05-2025,13-05-2025,"{""icd_10"": {""1"": ""R80.9"", ""2"": ""Z71.2"", ""3"": ""Z09""}, ""procedures"": {""1"": ""1""}, ""actual_procedures"": {""1"": ""R80.9""}}",1: R80.9,CO,16,16,,"N822,N823",N822,N823,16,,N822,N823,ANTHEM BCBS HEALTHCARE SOLUTIONS,mco_medicaid,REVERSED,-153.5,-67.64,0,1861707069,13,158
3448,1,7,1937233,17043,99213,sick_visit,HC,25,,,,,1,150,67.64,10-03-2025,10-03-2025,14-05-2025,13-05-2025,"{""icd_10"": {""1"": ""R80.9"", ""2"": ""Z71.2"", ""3"": ""Z09""}, ""procedures"": {""1"": ""1"", ""2"": ""2"", ""3"": ""3""}, ""actual_procedures"": {""1"": ""R80.9"", ""2"": ""Z71.2"", ""3"": ""Z09""}}","1: R80.9 | 2: Z71.2
3: Z09",CO,45,45,,N381,N381,,45,,N381,,ANTHEM BCBS HEALTHCARE SOLUTIONS,mco_medicaid,PRIMARY,153.5,69.73,0.45,1861707069,13,158
3448,2,8,1937233,17043,81002,poc,HC,QW,,,,,1,3.5,2.09,10-03-2025,10-03-2025,14-05-2025,13-05-2025,"{""icd_10"": {""1"": ""R80.9"", ""2"": ""Z71.2"", ""3"": ""Z09""}, ""procedures"": {""1"": ""1""}, ""actual_procedures"": {""1"": ""R80.9""}}",1: R80.9,CO,45,45,,N381,N381,,45,,N381,,ANTHEM BCBS HEALTHCARE SOLUTIONS,mco_medicaid,PRIMARY,153.5,69.73,0.45,1861707069,13,158
3449,1,9,21211111,17227,90474,,HC,,,,,,1,22.02,11.56,13-03-2025,13-03-2025,14-05-2025,13-05-2025,"{""icd_10"": {""1"": ""Z00.129"", ""2"": ""Z23"", ""3"": ""S00.03XA""}, ""procedures"": {""1"": ""1"", ""2"": ""2"", ""3"": ""3""}, ""actual_procedures"": {""1"": ""Z00.129"", ""2"": ""Z23"", ""3"": ""S00.03XA""}}","1: Z00.129 | 2: Z23
3: S00.03XA",CO,45,45,,N381,N381,,45,,N381,,ANTHEM BCBS HEALTHCARE SOLUTIONS,mco_medicaid,PRIMARY,547.07,325.41,0.59,1699037499,0,4
3449,2,10,21211111,17227,99213,sick_visit,HC,U6,25,,,,1,150,75.16,13-03-2025,13-03-2025,14-05-2025,13-05-2025,"{""icd_10"": {""1"": ""Z00.129"", ""2"": ""Z23"", ""3"": ""S00.03XA""}, ""procedures"": {""1"": ""3""}, ""actual_procedures"": {""1"": ""S00.03XA""}}",1: S00.03XA,CO,45,45,,N381,N381,,45,,N381,,ANTHEM BCBS HEALTHCARE SOLUTIONS,mco_medicaid,PRIMARY,547.07,325.41,0.59,1699037499,0,4
3449,3,11,21211111,17227,99391,well_visit,HC,EP,25,,,,1,200,102.7,13-03-2025,13-03-2025,14-05-2025,13-05-2025,"{""icd_10"": {""1"": ""Z00.129"", ""2"": ""Z23"", ""3"": ""S00.03XA""}, ""procedures"": {""1"": ""1""}, ""actual_procedures"": {""1"": ""Z00.129""}}",1: Z00.129,CO,45,45,,N381,N381,,45,,N381,,ANTHEM BCBS HEALTHCARE SOLUTIONS,mco_medicaid,PRIMARY,547.07,325.41,0.59,1699037499,0,4
3449,4,12,21211111,17227,90460,vaccine_administration,HC,,,,,,5,125,112.85,13-03-2025,13-03-2025,14-05-2025,13-05-2025,"{""icd_10"": {""1"": ""Z00.129"", ""2"": ""Z23"", ""3"": ""S00.03XA""}, ""procedures"": {""1"": ""2""}, ""actual_procedures"": {""1"": ""Z23""}}",1: Z23,CO,45,45,,N381,N381,,45,,N381,,ANTHEM BCBS HEALTHCARE SOLUTIONS,mco_medicaid,PRIMARY,547.07,325.41,0.59,1699037499,0,4
3449,5,13,21211111,17227,90700,vaccine,HC,,,,,,0,0.01,0,13-03-2025,13-03-2025,14-05-2025,13-05-2025,"{""icd_10"": {""1"": ""Z00.129"", ""2"": ""Z23"", ""3"": ""S00.03XA""}, ""procedures"": {""1"": ""2""}, ""actual_procedures"": {""1"": ""Z23""}}",1: Z23,CO,45,45,,N381,N381,,45,,N381,,ANTHEM BCBS HEALTHCARE SOLUTIONS,mco_medicaid,PRIMARY,547.07,325.41,0.59,1699037499,0,4
3449,6,14,21211111,17227,90472,vaccine_administration,HC,,,,,,2,50,23.12,13-03-2025,13-03-2025,14-05-2025,13-05-2025,"{""icd_10"": {""1"": ""Z00.129"", ""2"": ""Z23"", ""3"": ""S00.03XA""}, ""procedures"": {""1"": ""2""}, ""actual_procedures"": {""1"": ""Z23""}}",1: Z23,CO,45,45,,N381,N381,,45,,N381,,ANTHEM BCBS HEALTHCARE SOLUTIONS,mco_medicaid,PRIMARY,547.07,325.41,0.59,1699037499,0,4
3449,7,15,21211111,17227,90648,vaccine,HC,,,,,,0,0.01,0,13-03-2025,13-03-2025,14-05-2025,13-05-2025,"{""icd_10"": {""1"": ""Z00.129"", ""2"": ""Z23"", ""3"": ""S00.03XA""}, ""procedures"": {""1"": ""2""}, ""actual_procedures"": {""1"": ""Z23""}}",1: Z23,CO,45,45,,N381,N381,,45,,N381,,ANTHEM BCBS HEALTHCARE SOLUTIONS,mco_medicaid,PRIMARY,547.07,325.41,0.59,1699037499,0,4
3449,8,16,21211111,17227,90713,vaccine,HC,,,,,,1,0.01,0.01,13-03-2025,13-03-2025,14-05-2025,13-05-2025,"{""icd_10"": {""1"": ""Z00.129"", ""2"": ""Z23"", ""3"": ""S00.03XA""}, ""procedures"": {""1"": ""1"", ""2"": ""2"", ""3"": ""3""}, ""actual_procedures"": {""1"": ""Z00.129"", ""2"": ""Z23"", ""3"": ""S00.03XA""}}","1: Z00.129 | 2: Z23
3: S00.03XA",,,,,,,,,,,,ANTHEM BCBS HEALTHCARE SOLUTIONS,mco_medicaid,PRIMARY,547.07,325.41,0.59,1699037499,0,4
3449,9,17,21211111,17227,90671,vaccine,HC,,,,,,1,0.01,0.01,13-03-2025,13-03-2025,14-05-2025,13-05-2025,"{""icd_10"": {""1"": ""Z00.129"", ""2"": ""Z23"", ""3"": ""S00.03XA""}, ""procedures"": {""1"": ""2""}, ""actual_procedures"": {""1"": ""Z23""}}",1: Z23,,,,,,,,,,,,ANTHEM BCBS HEALTHCARE SOLUTIONS,mco_medicaid,PRIMARY,547.07,325.41,0.59,1699037499,0,4
3449,10,18,21211111,17227,90680,vaccine,HC,,,,,,0,0.01,0,13-03-2025,13-03-2025,14-05-2025,13-05-2025,"{""icd_10"": {""1"": ""Z00.129"", ""2"": ""Z23"", ""3"": ""S00.03XA""}, ""procedures"": {""1"": ""2""}, ""actual_procedures"": {""1"": ""Z23""}}",1: Z23,CO,45,45,,N381,N381,,45,,N381,,ANTHEM BCBS HEALTHCARE SOLUTIONS,mco_medicaid,PRIMARY,547.07,325.41,0.59,1699037499,0,4
3450,1,19,2302,17408,99213,sick_visit,HC,,,,,,1,150,67.64,30-04-2025,30-04-2025,14-05-2025,13-05-2025,"{""icd_10"": {""1"": ""R82.998"", ""2"": ""E78.6"", ""3"": ""Z71.2""}, ""procedures"": {""1"": ""1"", ""2"": ""2"", ""3"": ""3""}, ""actual_procedures"": {""1"": ""R82.998"", ""2"": ""E78.6"", ""3"": ""Z71.2""}}","1: R82.998 | 2: E78.6
3: Z71.2",CO,45,45,,N381,N381,,45,,N381,,ANTHEM BCBS HEALTHCARE SOLUTIONS,mco_medicaid,PRIMARY,150,67.64,0.45,1861707069,14,172
3451,1,20,311664,46272,99213,sick_visit,HC,,,,,,1,150,75.16,15-04-2025,15-04-2025,14-05-2025,13-05-2025,"{""icd_10"": {""1"": ""H65.92""}, ""procedures"": {""1"": ""1""}, ""actual_procedures"": {""1"": ""H65.92""}}",1: H65.92,CO,45,45,,N381,N381,,45,,N381,,ANTHEM BCBS HEALTHCARE SOLUTIONS,mco_medicaid,PRIMARY,150,75.16,0.5,1699037499,1,19
3452,1,21,17151,16821,99213,sick_visit,HC,25,,,,,1,150,67.64,01-05-2025,01-05-2025,14-05-2025,13-05-2025,"{""icd_10"": {""1"": ""L20.89"", ""2"": ""L22""}, ""procedures"": {""1"": ""1"", ""2"": ""2""}, ""actual_procedures"": {""1"": ""L20.89"", ""2"": ""L22""}}",1: L20.89 | 2: L22,CO,45,45,,N381,N381,,45,,N381,,ANTHEM BCBS HEALTHCARE SOLUTIONS,mco_medicaid,PRIMARY,200,86.24,0.43,1861707069,1,15
3452,2,22,17151,16821,99058,Walk-In,HC,59,,,,,1,50,18.6,01-05-2025,01-05-2025,14-05-2025,13-05-2025,"{""icd_10"": {""1"": ""L20.89"", ""2"": ""L22""}, ""procedures"": {""1"": ""1"", ""2"": ""2""}, ""actual_procedures"": {""1"": ""L20.89"", ""2"": ""L22""}}",1: L20.89 | 2: L22,CO,45,45,,N381,N381,,45,,N381,,ANTHEM BCBS HEALTHCARE SOLUTIONS,mco_medicaid,PRIMARY,200,86.24,0.43,1861707069,1,15
3453,1,23,2081,17187,99393,well_visit,HC,EP,25,,,,1,230,109.25,15-04-2025,15-04-2025,14-05-2025,13-05-2025,"{""icd_10"": {""1"": ""Z00.129"", ""2"": ""Z71.3"", ""3"": ""Z71.82"", ""4"": ""Z68.54"", ""5"": ""Z29.3"", ""6"": ""Z13.31""}, ""procedures"": {""1"": ""1"", ""2"": ""2"", ""3"": ""3"", ""4"": ""4""}, ""actual_procedures"": {""1"": ""Z00.129"", ""2"": ""Z71.3"", ""3"": ""Z71.82"", ""4"": ""Z68.54""}}","1: Z00.129 | 2: Z71.3
3: Z71.82 | 4: Z68.54",CO,45,45,,N381,N381,,45,,N381,,ANTHEM BCBS HEALTHCARE SOLUTIONS,mco_medicaid,PRIMARY,295,127.23,0.43,1699037499,10,120
3453,2,24,2081,17187,99188,procedure,HC,,,,,,1,40,12.92,15-04-2025,15-04-2025,14-05-2025,13-05-2025,"{""icd_10"": {""1"": ""Z00.129"", ""2"": ""Z71.3"", ""3"": ""Z71.82"", ""4"": ""Z68.54"", ""5"": ""Z29.3"", ""6"": ""Z13.31""}, ""procedures"": {""1"": ""5""}, ""actual_procedures"": {""1"": ""Z29.3""}}",1: Z29.3,CO,45,45,,N381,N381,,45,,N381,,ANTHEM BCBS HEALTHCARE SOLUTIONS,mco_medicaid,PRIMARY,295,127.23,0.43,1699037499,10,120
3453,3,25,2081,17187,96127,procedure,HC,59,,,,,1,25,5.06,15-04-2025,15-04-2025,14-05-2025,13-05-2025,"{""icd_10"": {""1"": ""Z00.129"", ""2"": ""Z71.3"", ""3"": ""Z71.82"", ""4"": ""Z68.54"", ""5"": ""Z29.3"", ""6"": ""Z13.31""}, ""procedures"": {""1"": ""6""}, ""actual_procedures"": {""1"": ""Z13.31""}}",1: Z13.31,CO,45,45,,N381,N381,,45,,N381,,ANTHEM BCBS HEALTHCARE SOLUTIONS,mco_medicaid,PRIMARY,295,127.23,0.43,1699037499,10,120
3454,1,26,35712,50818,99214,sick_visit,HC,,,,,,1,215,110.75,15-04-2025,15-04-2025,14-05-2025,13-05-2025,,,CO,45,45,,N381,N381,,45,,N381,,ANTHEM BCBS HEALTHCARE SOLUTIONS,mco_medicaid,PRIMARY,215,110.75,0.52,1699037499,16,194
3455,1,27,130632,5475,99213,sick_visit,HC,,,,,,1,150,67.64,21-04-2025,21-04-2025,14-05-2025,13-05-2025,"{""icd_10"": {""1"": ""R04.0"", ""2"": ""J30.2"", ""3"": ""R09.81""}, ""procedures"": {""1"": ""1"", ""2"": ""2"", ""3"": ""3""}, ""actual_procedures"": {""1"": ""R04.0"", ""2"": ""J30.2"", ""3"": ""R09.81""}}","1: R04.0 | 2: J30.2
3: R09.81",CO,45,45,,N381,N381,,45,,N381,,ANTHEM BCBS HEALTHCARE SOLUTIONS,mco_medicaid,PRIMARY,150,67.64,0.45,1861707069,7,90
3456,1,28,2089999,17195,99213,sick_visit,HC,,,,,,1,150,75.16,15-04-2025,15-04-2025,14-05-2025,13-05-2025,"{""icd_10"": {""1"": ""F90.9""}, ""procedures"": {""1"": ""1""}, ""actual_procedures"": {""1"": ""F90.9""}}",1: F90.9,CO,45,45,,N381,N381,,45,,N381,,ANTHEM BCBS HEALTHCARE SOLUTIONS,mco_medicaid,PRIMARY,150,75.16,0.5,1699037499,9,116
3457,1,29,1748,16854,99214,sick_visit,HC,25,,,,,1,215,99.68,24-04-2025,24-04-2025,14-05-2025,13-05-2025,"{""icd_10"": {""1"": ""E66.9"", ""2"": ""E78.00"", ""3"": ""J00"", ""4"": ""H10.13"", ""5"": ""R82.998""}, ""procedures"": {""1"": ""1"", ""2"": ""2"", ""3"": ""3"", ""4"": ""4""}, ""actual_procedures"": {""1"": ""E66.9"", ""2"": ""E78.00"", ""3"": ""J00"", ""4"": ""H10.13""}}","1: E66.9 | 2: E78.00
3: J00 | 4: H10.13",CO,45,45,,N381,N381,,45,,N381,,ANTHEM BCBS HEALTHCARE SOLUTIONS,mco_medicaid,PRIMARY,240,109.6,0.46,1861707069,4,58
3457,2,30,1748,16854,87880,poc,HC,QW,,,,,1,25,9.92,24-04-2025,24-04-2025,14-05-2025,13-05-2025,"{""icd_10"": {""1"": ""E66.9"", ""2"": ""E78.00"", ""3"": ""J00"", ""4"": ""H10.13"", ""5"": ""R82.998""}, ""procedures"": {""1"": ""1"", ""2"": ""2"", ""3"": ""3"", ""4"": ""4""}, ""actual_procedures"": {""1"": ""E66.9"", ""2"": ""E78.00"", ""3"": ""J00"", ""4"": ""H10.13""}}","1: E66.9 | 2: E78.00
3: J00 | 4: H10.13",CO,45,45,,N381,N381,,45,,N381,,ANTHEM BCBS HEALTHCARE SOLUTIONS,mco_medicaid,PRIMARY,240,109.6,0.46,1861707069,4,58
3458,1,31,2867,742,99394,well_visit,HC,EP,25,,,,1,260,107.48,21-04-2025,21-04-2025,14-05-2025,13-05-2025,"{""icd_10"": {""1"": ""Z00.129"", ""2"": ""Z71.3"", ""3"": ""Z71.82"", ""4"": ""E66.9"", ""5"": ""Z68.54""}, ""procedures"": {""1"": ""1"", ""2"": ""2"", ""3"": ""3"", ""4"": ""5""}, ""actual_procedures"": {""1"": ""Z00.129"", ""2"": ""Z71.3"", ""3"": ""Z71.82"", ""4"": ""Z68.54""}}","1: Z00.129 | 2: Z71.3
3: Z71.82 | 4: Z68.54",CO,45,45,,N381,N381,,45,,N381,,ANTHEM BCBS HEALTHCARE SOLUTIONS,mco_medicaid,PRIMARY,306.88,129.63,0.42,1861707069,13,166
3458,2,32,2867,742,G0447,Counseling - Preventive Counseling,HC,59,,,,,1,46.88,22.15,21-04-2025,21-04-2025,14-05-2025,13-05-2025,"{""icd_10"": {""1"": ""Z00.129"", ""2"": ""Z71.3"", ""3"": ""Z71.82"", ""4"": ""E66.9"", ""5"": ""Z68.54""}, ""procedures"": {""1"": ""4"", ""2"": ""5""}, ""actual_procedures"": {""1"": ""E66.9"", ""2"": ""Z68.54""}}",1: E66.9 | 2: Z68.54,CO,45,45,,N381,N381,,45,,N381,,ANTHEM BCBS HEALTHCARE SOLUTIONS,mco_medicaid,PRIMARY,306.88,129.63,0.42,1861707069,13,166
3459,1,33,35824,50930,99381,well_visit,HC,EP,25,,,,1,230,102.74,02-05-2025,02-05-2025,14-05-2025,13-05-2025,"{""icd_10"": {""1"": ""Z00.129"", ""2"": ""E73.9"", ""3"": ""Z13.228""}, ""procedures"": {""1"": ""1"", ""2"": ""2""}, ""actual_procedures"": {""1"": ""Z00.129"", ""2"": ""E73.9""}}",1: Z00.129 | 2: E73.9,CO,45,45,,N381,N381,,45,,N381,,ANTHEM BCBS HEALTHCARE SOLUTIONS,mco_medicaid,PRIMARY,264.98,102.74,0.39,1861707069,0,0
3459,2,34,35824,50930,84030,diagnostic,HC,,,,,,0,25,0,02-05-2025,02-05-2025,14-05-2025,13-05-2025,"{""icd_10"": {""1"": ""Z00.129"", ""2"": ""E73.9"", ""3"": ""Z13.228""}, ""procedures"": {""1"": ""3""}, ""actual_procedures"": {""1"": ""Z13.228""}}",1: Z13.228,CO,16,16,,MA120,MA120,,16,,MA120,,ANTHEM BCBS HEALTHCARE SOLUTIONS,mco_medicaid,PRIMARY,264.98,102.74,0.39,1861707069,0,0
3459,3,35,35824,50930,36416,poc,HC,,,,,,0,9.98,0,02-05-2025,02-05-2025,14-05-2025,13-05-2025,"{""icd_10"": {""1"": ""Z00.129"", ""2"": ""E73.9"", ""3"": ""Z13.228""}, ""procedures"": {""1"": ""3""}, ""actual_procedures"": {""1"": ""Z13.228""}}",1: Z13.228,CO,97,97,,N19,N19,,97,,N19,,ANTHEM BCBS HEALTHCARE SOLUTIONS,mco_medicaid,PRIMARY,264.98,102.74,0.39,1861707069,0,0
3460,1,36,297851,44891,99213,sick_visit,HC,25,,,,,1,150,75.16,15-04-2025,15-04-2025,14-05-2025,13-05-2025,"{""icd_10"": {""1"": ""K21.9"", ""2"": ""R63.39"", ""3"": ""L21.0""}, ""procedures"": {""1"": ""1"", ""2"": ""2"", ""3"": ""3""}, ""actual_procedures"": {""1"": ""K21.9"", ""2"": ""R63.39"", ""3"": ""L21.0""}}","1: K21.9 | 2: R63.39
3: L21.0",CO,45,45,,N381,N381,,45,,N381,,ANTHEM BCBS HEALTHCARE SOLUTIONS,mco_medicaid,PRIMARY,200,95.83,0.48,1699037499,0,4
3460,2,37,297851,44891,99058,Walk-In,HC,59,,,,,1,50,20.67,15-04-2025,15-04-2025,14-05-2025,13-05-2025,"{""icd_10"": {""1"": ""K21.9"", ""2"": ""R63.39"", ""3"": ""L21.0""}, ""procedures"": {""1"": ""1"", ""2"": ""2"", ""3"": ""3""}, ""actual_procedures"": {""1"": ""K21.9"", ""2"": ""R63.39"", ""3"": ""L21.0""}}","1: K21.9 | 2: R63.39
3: L21.0",CO,45,45,,N381,N381,,45,,N381,,ANTHEM BCBS HEALTHCARE SOLUTIONS,mco_medicaid,PRIMARY,200,95.83,0.48,1699037499,0,4
3461,1,38,333223,48428,99213,sick_visit,HC,,,,,,1,150,75.16,15-04-2025,15-04-2025,14-05-2025,13-05-2025,"{""icd_10"": {""1"": ""E55.9"", ""2"": ""E78.6"", ""3"": ""Z71.2""}, ""procedures"": {""1"": ""1"", ""2"": ""2"", ""3"": ""3""}, ""actual_procedures"": {""1"": ""E55.9"", ""2"": ""E78.6"", ""3"": ""Z71.2""}}","1: E55.9 | 2: E78.6
3: Z71.2",CO,45,45,,N381,N381,,45,,N381,,ANTHEM BCBS HEALTHCARE SOLUTIONS,mco_medicaid,PRIMARY,150,75.16,0.5,1699037499,6,79
3462,1,39,1850,16956,99214,sick_visit,HC,,,,,,1,215,110.75,15-04-2025,15-04-2025,14-05-2025,13-05-2025,"{""icd_10"": {""1"": ""J05.0"", ""2"": ""R05.1"", ""3"": ""R50.9""}, ""procedures"": {""1"": ""1"", ""2"": ""2"", ""3"": ""3""}, ""actual_procedures"": {""1"": ""J05.0"", ""2"": ""R05.1"", ""3"": ""R50.9""}}","1: J05.0 | 2: R05.1
3: R50.9",CO,45,45,,N381,N381,,45,,N381,,ANTHEM BCBS HEALTHCARE SOLUTIONS,mco_medicaid,PRIMARY,215,110.75,0.52,1699037499,7,87
3463,1,40,31354,46460,99214,sick_visit,HC,25,,,,,1,215,110.75,15-04-2025,15-04-2025,14-05-2025,13-05-2025,,,CO,45,45,,N381,N381,,45,,N381,,ANTHEM BCBS HEALTHCARE SOLUTIONS,mco_medicaid,PRIMARY,230,113.8,0.49,1699037499,14,171
3463,2,41,31354,46460,94760,respiratory,HC,59,,,,,1,15,3.05,15-04-2025,15-04-2025,14-05-2025,13-05-2025,,,CO,45,45,,N381,N381,,45,,N381,,ANTHEM BCBS HEALTHCARE SOLUTIONS,mco_medicaid,PRIMARY,230,113.8,0.49,1699037499,14,171
3464,1,42,35602,50708,99213,sick_visit,HC,,,,,,1,150,75.16,15-04-2025,15-04-2025,14-05-2025,13-05-2025,"{""icd_10"": {""1"": ""E55.9"", ""2"": ""Z71.2""}, ""procedures"": {""1"": ""1"", ""2"": ""2""}, ""actual_procedures"": {""1"": ""E55.9"", ""2"": ""Z71.2""}}",1: E55.9 | 2: Z71.2,CO,45,45,,N381,N381,,45,,N381,,ANTHEM BCBS HEALTHCARE SOLUTIONS,mco_medicaid,PRIMARY,150,75.16,0.5,1699037499,6,79
3465,1,43,35728,50834,99213,sick_visit,HC,U6,25,,,,1,150,75.16,29-04-2025,29-04-2025,14-05-2025,13-05-2025,"{""icd_10"": {""1"": ""Z00.129"", ""2"": ""Z68.53"", ""3"": ""Z71.3"", ""4"": ""Z71.82"", ""5"": ""Z13.31"", ""6"": ""Z30.02"", ""7"": ""L70.8"", ""8"": ""M79.10"", ""9"": ""Z29.3""}, ""procedures"": {""1"": ""7"", ""2"": ""8""}, ""actual_procedures"": {""1"": ""L70.8"", ""2"": ""M79.10""}}",1: L70.8 | 2: M79.10,CO,45,45,,N381,N381,,45,,N381,,ANTHEM BCBS HEALTHCARE SOLUTIONS,mco_medicaid,PRIMARY,570.16,269.96,0.47,1699037499,14,170
3465,2,44,35728,50834,99384,well_visit,HC,EP,25,,,,1,285,139.99,29-04-2025,29-04-2025,14-05-2025,13-05-2025,"{""icd_10"": {""1"": ""Z00.129"", ""2"": ""Z68.53"", ""3"": ""Z71.3"", ""4"": ""Z71.82"", ""5"": ""Z13.31"", ""6"": ""Z30.02"", ""7"": ""L70.8"", ""8"": ""M79.10"", ""9"": ""Z29.3""}, ""procedures"": {""1"": ""1"", ""2"": ""2"", ""3"": ""3"", ""4"": ""4""}, ""actual_procedures"": {""1"": ""Z00.129"", ""2"": ""Z68.53"", ""3"": ""Z71.3"", ""4"": ""Z71.82""}}","1: Z00.129 | 2: Z68.53
3: Z71.3 | 4: Z71.82",CO,45,45,,N381,N381,,45,,N381,,ANTHEM BCBS HEALTHCARE SOLUTIONS,mco_medicaid,PRIMARY,570.16,269.96,0.47,1699037499,14,170
3465,3,45,35728,50834,96127,procedure,HC,59,,,,,1,25,5.06,29-04-2025,29-04-2025,14-05-2025,13-05-2025,"{""icd_10"": {""1"": ""Z00.129"", ""2"": ""Z68.53"", ""3"": ""Z71.3"", ""4"": ""Z71.82"", ""5"": ""Z13.31"", ""6"": ""Z30.02"", ""7"": ""L70.8"", ""8"": ""M79.10"", ""9"": ""Z29.3""}, ""procedures"": {""1"": ""5""}, ""actual_procedures"": {""1"": ""Z13.31""}}",1: Z13.31,CO,45,45,,N381,N381,,45,,N381,,ANTHEM BCBS HEALTHCARE SOLUTIONS,mco_medicaid,PRIMARY,570.16,269.96,0.47,1699037499,14,170
3465,4,46,35728,50834,99401,Counseling - Preventive Counseling,HC,FP,25,,,,1,70.16,36.83,29-04-2025,29-04-2025,14-05-2025,13-05-2025,"{""icd_10"": {""1"": ""Z00.129"", ""2"": ""Z68.53"", ""3"": ""Z71.3"", ""4"": ""Z71.82"", ""5"": ""Z13.31"", ""6"": ""Z30.02"", ""7"": ""L70.8"", ""8"": ""M79.10"", ""9"": ""Z29.3""}, ""procedures"": {""1"": ""6""}, ""actual_procedures"": {""1"": ""Z30.02""}}",1: Z30.02,CO,45,45,,N381,N381,,45,,N381,,ANTHEM BCBS HEALTHCARE SOLUTIONS,mco_medicaid,PRIMARY,570.16,269.96,0.47,1699037499,14,170
3465,5,47,35728,50834,99188,procedure,HC,,,,,,1,40,12.92,29-04-2025,29-04-2025,14-05-2025,13-05-2025,"{""icd_10"": {""1"": ""Z00.129"", ""2"": ""Z68.53"", ""3"": ""Z71.3"", ""4"": ""Z71.82"", ""5"": ""Z13.31"", ""6"": ""Z30.02"", ""7"": ""L70.8"", ""8"": ""M79.10"", ""9"": ""Z29.3""}, ""procedures"": {""1"": ""9""}, ""actual_procedures"": {""1"": ""Z29.3""}}",1: Z29.3,CO,45,45,,N381,N381,,45,,N381,,ANTHEM BCBS HEALTHCARE SOLUTIONS,mco_medicaid,PRIMARY,570.16,269.96,0.47,1699037499,14,170
3466,1,48,2350190,17456,99213,sick_visit,HC,U6,25,,,,0,150,0,18-04-2025,18-04-2025,14-05-2025,13-05-2025,"{""icd_10"": {""1"": ""Z00.129"", ""2"": ""Z71.3"", ""3"": ""Z71.82"", ""4"": ""Z68.54"", ""5"": ""E66.9"", ""6"": ""Z55.3"", ""7"": ""Z29.3""}, ""procedures"": {""1"": ""5"", ""2"": ""6""}, ""actual_procedures"": {""1"": ""E66.9"", ""2"": ""Z55.3""}}",1: E66.9 | 2: Z55.3,CO,16,16,,N823,N823,,16,,N823,,ANTHEM BCBS HEALTHCARE SOLUTIONS,mco_medicaid,PRIMARY,420,122.17,0.29,1699037499,7,93
3466,2,49,2350190,17456,99393,well_visit,HC,EP,25,,,,1,230,109.25,18-04-2025,18-04-2025,14-05-2025,13-05-2025,"{""icd_10"": {""1"": ""Z00.129"", ""2"": ""Z71.3"", ""3"": ""Z71.82"", ""4"": ""Z68.54"", ""5"": ""E66.9"", ""6"": ""Z55.3"", ""7"": ""Z29.3""}, ""procedures"": {""1"": ""1"", ""2"": ""2"", ""3"": ""3"", ""4"": ""4""}, ""actual_procedures"": {""1"": ""Z00.129"", ""2"": ""Z71.3"", ""3"": ""Z71.82"", ""4"": ""Z68.54""}}","1: Z00.129 | 2: Z71.3
3: Z71.82 | 4: Z68.54",CO,45,45,,N381,N381,,45,,N381,,ANTHEM BCBS HEALTHCARE SOLUTIONS,mco_medicaid,PRIMARY,420,122.17,0.29,1699037499,7,93
3466,3,50,2350190,17456,99188,procedure,HC,,,,,,1,40,12.92,18-04-2025,18-04-2025,14-05-2025,13-05-2025,"{""icd_10"": {""1"": ""Z00.129"", ""2"": ""Z71.3"", ""3"": ""Z71.82"", ""4"": ""Z68.54"", ""5"": ""E66.9"", ""6"": ""Z55.3"", ""7"": ""Z29.3""}, ""procedures"": {""1"": ""7""}, ""actual_procedures"": {""1"": ""Z29.3""}}",1: Z29.3,CO,45,45,,N381,N381,,45,,N381,,ANTHEM BCBS HEALTHCARE SOLUTIONS,mco_medicaid,PRIMARY,420,122.17,0.29,1699037499,7,93
3467,1,51,9.37E+11,24480,99204,sick_visit,HC,25,,,,,1,320,170.64,28-04-2025,28-04-2025,14-05-2025,13-05-2025,"{""icd_10"": {""1"": ""B34.9"", ""2"": ""M79.10"", ""3"": ""R50.9"", ""4"": ""R09.81"", ""5"": ""J02.9""}, ""procedures"": {""1"": ""1"", ""2"": ""2"", ""3"": ""3"", ""4"": ""5""}, ""actual_procedures"": {""1"": ""B34.9"", ""2"": ""M79.10"", ""3"": ""R50.9"", ""4"": ""J02.9""}}","1: B34.9 | 2: M79.10
3: R50.9 | 4: J02.9",CO,45,45,,N381,N381,,45,,N381,,ANTHEM BCBS HEALTHCARE SOLUTIONS,mco_medicaid,PRIMARY,485,232,0.48,1699037499,5,67
3467,2,52,9.37E+11,24480,87880,poc,HC,QW,,,,,1,25,9.92,28-04-2025,28-04-2025,14-05-2025,13-05-2025,"{""icd_10"": {""1"": ""B34.9"", ""2"": ""M79.10"", ""3"": ""R50.9"", ""4"": ""R09.81"", ""5"": ""J02.9""}, ""procedures"": {""1"": ""1"", ""2"": ""3"", ""3"": ""4"", ""4"": ""5""}, ""actual_procedures"": {""1"": ""B34.9"", ""2"": ""R50.9"", ""3"": ""R09.81"", ""4"": ""J02.9""}}","1: B34.9 | 2: R50.9
3: R09.81 | 4: J02.9",CO,45,45,,N381,N381,,45,,N381,,ANTHEM BCBS HEALTHCARE SOLUTIONS,mco_medicaid,PRIMARY,485,232,0.48,1699037499,5,67
3467,3,53,9.37E+11,24480,87804,poc,HC,QW,,,,,2,50,19.86,28-04-2025,28-04-2025,14-05-2025,13-05-2025,"{""icd_10"": {""1"": ""B34.9"", ""2"": ""M79.10"", ""3"": ""R50.9"", ""4"": ""R09.81"", ""5"": ""J02.9""}, ""procedures"": {""1"": ""1"", ""2"": ""2"", ""3"": ""3"", ""4"": ""4""}, ""actual_procedures"": {""1"": ""B34.9"", ""2"": ""M79.10"", ""3"": ""R50.9"", ""4"": ""R09.81""}}","1: B34.9 | 2: M79.10
3: R50.9 | 4: R09.81",CO,45,45,,N381,N381,,45,,N381,,ANTHEM BCBS HEALTHCARE SOLUTIONS,mco_medicaid,PRIMARY,485,232,0.48,1699037499,5,67
3467,4,54,9.37E+11,24480,87807,poc,HC,QW,,,,,1,25,7.86,28-04-2025,28-04-2025,14-05-2025,13-05-2025,"{""icd_10"": {""1"": ""B34.9"", ""2"": ""M79.10"", ""3"": ""R50.9"", ""4"": ""R09.81"", ""5"": ""J02.9""}, ""procedures"": {""1"": ""1"", ""2"": ""3"", ""3"": ""4"", ""4"": ""5""}, ""actual_procedures"": {""1"": ""B34.9"", ""2"": ""R50.9"", ""3"": ""R09.81"", ""4"": ""J02.9""}}","1: B34.9 | 2: R50.9
3: R09.81 | 4: J02.9",CO,45,45,,N381,N381,,45,,N381,,ANTHEM BCBS HEALTHCARE SOLUTIONS,mco_medicaid,PRIMARY,485,232,0.48,1699037499,5,67
3467,5,55,9.37E+11,24480,94760,respiratory,HC,59,,,,,1,15,3.05,28-04-2025,28-04-2025,14-05-2025,13-05-2025,"{""icd_10"": {""1"": ""B34.9"", ""2"": ""M79.10"", ""3"": ""R50.9"", ""4"": ""R09.81"", ""5"": ""J02.9""}, ""procedures"": {""1"": ""1"", ""2"": ""3"", ""3"": ""4"", ""4"": ""5""}, ""actual_procedures"": {""1"": ""B34.9"", ""2"": ""R50.9"", ""3"": ""R09.81"", ""4"": ""J02.9""}}","1: B34.9 | 2: R50.9
3: R09.81 | 4: J02.9",CO,45,45,,N381,N381,,45,,N381,,ANTHEM BCBS HEALTHCARE SOLUTIONS,mco_medicaid,PRIMARY,485,232,0.48,1699037499,5,67
3467,6,56,9.37E+11,24480,99058,Walk-In,HC,59,,,,,1,50,20.67,28-04-2025,28-04-2025,14-05-2025,13-05-2025,"{""icd_10"": {""1"": ""B34.9"", ""2"": ""M79.10"", ""3"": ""R50.9"", ""4"": ""R09.81"", ""5"": ""J02.9""}, ""procedures"": {""1"": ""1"", ""2"": ""3"", ""3"": ""4""}, ""actual_procedures"": {""1"": ""B34.9"", ""2"": ""R50.9"", ""3"": ""R09.81""}}","1: B34.9 | 2: R50.9
3: R09.81",CO,45,45,,N381,N381,,45,,N381,,ANTHEM BCBS HEALTHCARE SOLUTIONS,mco_medicaid,PRIMARY,485,232,0.48,1699037499,5,67
3468,1,57,32159,47265,99392,well_visit,HC,EP,,,,,1,220,109.63,18-04-2025,18-04-2025,14-05-2025,13-05-2025,"{""icd_10"": {""1"": ""Z00.129"", ""2"": ""Z71.3""}, ""procedures"": {""1"": ""1"", ""2"": ""2""}, ""actual_procedures"": {""1"": ""Z00.129"", ""2"": ""Z71.3""}}",1: Z00.129 | 2: Z71.3,CO,45,45,,N381,N381,,45,,N381,,ANTHEM BCBS HEALTHCARE SOLUTIONS,mco_medicaid,PRIMARY,220,109.63,0.5,1699037499,3,44
3469,1,58,32953,48059,99213,sick_visit,HC,U6,25,,,,1,150,75.16,23-04-2025,23-04-2025,14-05-2025,13-05-2025,"{""icd_10"": {""1"": ""Z00.129"", ""2"": ""Z71.3"", ""3"": ""Z71.82"", ""4"": ""Z68.52"", ""5"": ""Z29.3"", ""6"": ""L20.89""}, ""procedures"": {""1"": ""6""}, ""actual_procedures"": {""1"": ""L20.89""}}",1: L20.89,CO,45,45,,N381,N381,,45,,N381,,ANTHEM BCBS HEALTHCARE SOLUTIONS,mco_medicaid,PRIMARY,450,212.02,0.47,1699037499,7,86
3469,2,59,32953,48059,99383,well_visit,HC,EP,25,,,,1,260,123.94,23-04-2025,23-04-2025,14-05-2025,13-05-2025,"{""icd_10"": {""1"": ""Z00.129"", ""2"": ""Z71.3"", ""3"": ""Z71.82"", ""4"": ""Z68.52"", ""5"": ""Z29.3"", ""6"": ""L20.89""}, ""procedures"": {""1"": ""1"", ""2"": ""2"", ""3"": ""3"", ""4"": ""4""}, ""actual_procedures"": {""1"": ""Z00.129"", ""2"": ""Z71.3"", ""3"": ""Z71.82"", ""4"": ""Z68.52""}}","1: Z00.129 | 2: Z71.3
3: Z71.82 | 4: Z68.52",CO,45,45,,N381,N381,,45,,N381,,ANTHEM BCBS HEALTHCARE SOLUTIONS,mco_medicaid,PRIMARY,450,212.02,0.47,1699037499,7,86
3469,3,60,32953,48059,99188,procedure,HC,,,,,,1,40,12.92,23-04-2025,23-04-2025,14-05-2025,13-05-2025,"{""icd_10"": {""1"": ""Z00.129"", ""2"": ""Z71.3"", ""3"": ""Z71.82"", ""4"": ""Z68.52"", ""5"": ""Z29.3"", ""6"": ""L20.89""}, ""procedures"": {""1"": ""5""}, ""actual_procedures"": {""1"": ""Z29.3""}}",1: Z29.3,CO,45,45,,N381,N381,,45,,N381,,ANTHEM BCBS HEALTHCARE SOLUTIONS,mco_medicaid,PRIMARY,450,212.02,0.47,1699037499,7,86
3470,1,61,204711,17153,99213,sick_visit,HC,,,,,,1,150,75.16,14-04-2025,14-04-2025,14-05-2025,13-05-2025,"{""icd_10"": {""1"": ""R10.84""}, ""procedures"": {""1"": ""1""}, ""actual_procedures"": {""1"": ""R10.84""}}",1: R10.84,CO,45,45,,N381,N381,,45,,N381,,ANTHEM BCBS HEALTHCARE SOLUTIONS,mco_medicaid,PRIMARY,150,75.16,0.5,1699037499,5,66
3471,1,62,1762,16868,99213,sick_visit,HC,25,,,,,1,150,75.16,14-04-2025,14-04-2025,14-05-2025,13-05-2025,"{""icd_10"": {""1"": ""R06.2"", ""2"": ""F98.9"", ""3"": ""Z09""}, ""procedures"": {""1"": ""1"", ""2"": ""2"", ""3"": ""3""}, ""actual_procedures"": {""1"": ""R06.2"", ""2"": ""F98.9"", ""3"": ""Z09""}}","1: R06.2 | 2: F98.9
3: Z09",CO,45,45,,N381,N381,,45,,N381,,ANTHEM BCBS HEALTHCARE SOLUTIONS,mco_medicaid,PRIMARY,165,78.21,0.47,1699037499,7,85
3471,2,63,1762,16868,94760,respiratory,HC,59,,,,,1,15,3.05,14-04-2025,14-04-2025,14-05-2025,13-05-2025,"{""icd_10"": {""1"": ""R06.2"", ""2"": ""F98.9"", ""3"": ""Z09""}, ""procedures"": {""1"": ""1""}, ""actual_procedures"": {""1"": ""R06.2""}}",1: R06.2,CO,45,45,,N381,N381,,45,,N381,,ANTHEM BCBS HEALTHCARE SOLUTIONS,mco_medicaid,PRIMARY,165,78.21,0.47,1699037499,7,85
3472,1,64,35733,50839,99212,,HC,U6,25,,,,1,95,45.14,17-04-2025,17-04-2025,14-05-2025,13-05-2025,"{""icd_10"": {""1"": ""Z00.129"", ""2"": ""R09.81"", ""3"": ""R05.1""}, ""procedures"": {""1"": ""2"", ""2"": ""3""}, ""actual_procedures"": {""1"": ""R09.81"", ""2"": ""R05.1""}}",1: R09.81 | 2: R05.1,CO,45,45,,N381,N381,,45,,N381,,ANTHEM BCBS HEALTHCARE SOLUTIONS,mco_medicaid,PRIMARY,295,147.84,0.5,1699037499,0,8
3472,2,65,35733,50839,99391,well_visit,HC,EP,25,,,,1,200,102.7,17-04-2025,17-04-2025,14-05-2025,13-05-2025,"{""icd_10"": {""1"": ""Z00.129"", ""2"": ""R09.81"", ""3"": ""R05.1""}, ""procedures"": {""1"": ""1""}, ""actual_procedures"": {""1"": ""Z00.129""}}",1: Z00.129,CO,45,45,,N381,N381,,45,,N381,,ANTHEM BCBS HEALTHCARE SOLUTIONS,mco_medicaid,PRIMARY,295,147.84,0.5,1699037499,0,8
3473,1,66,29763,44869,99213,sick_visit,HC,U6,25,,,,1,150,75.16,23-04-2025,23-04-2025,14-05-2025,13-05-2025,"{""icd_10"": {""1"": ""Z00.129"", ""2"": ""Z71.3"", ""3"": ""Z68.52"", ""4"": ""Z71.82"", ""5"": ""Z29.3"", ""6"": ""F80.89"", ""7"": ""R62.50""}, ""procedures"": {""1"": ""6"", ""2"": ""7""}, ""actual_procedures"": {""1"": ""F80.89"", ""2"": ""R62.50""}}",1: F80.89 | 2: R62.50,CO,45,45,,N381,N381,,45,,N381,,ANTHEM BCBS HEALTHCARE SOLUTIONS,mco_medicaid,PRIMARY,430,206.92,0.48,1699037499,3,36
3473,2,67,29763,44869,99382,well_visit,HC,EP,25,,,,1,240,118.84,23-04-2025,23-04-2025,14-05-2025,13-05-2025,"{""icd_10"": {""1"": ""Z00.129"", ""2"": ""Z71.3"", ""3"": ""Z68.52"", ""4"": ""Z71.82"", ""5"": ""Z29.3"", ""6"": ""F80.89"", ""7"": ""R62.50""}, ""procedures"": {""1"": ""1"", ""2"": ""2"", ""3"": ""3"", ""4"": ""4""}, ""actual_procedures"": {""1"": ""Z00.129"", ""2"": ""Z71.3"", ""3"": ""Z68.52"", ""4"": ""Z71.82""}}","1: Z00.129 | 2: Z71.3
3: Z68.52 | 4: Z71.82",CO,45,45,,N381,N381,,45,,N381,,ANTHEM BCBS HEALTHCARE SOLUTIONS,mco_medicaid,PRIMARY,430,206.92,0.48,1699037499,3,36
3473,3,68,29763,44869,99188,procedure,HC,,,,,,1,40,12.92,23-04-2025,23-04-2025,14-05-2025,13-05-2025,"{""icd_10"": {""1"": ""Z00.129"", ""2"": ""Z71.3"", ""3"": ""Z68.52"", ""4"": ""Z71.82"", ""5"": ""Z29.3"", ""6"": ""F80.89"", ""7"": ""R62.50""}, ""procedures"": {""1"": ""5""}, ""actual_procedures"": {""1"": ""Z29.3""}}",1: Z29.3,CO,45,45,,N381,N381,,45,,N381,,ANTHEM BCBS HEALTHCARE SOLUTIONS,mco_medicaid,PRIMARY,430,206.92,0.48,1699037499,3,36
3474,1,69,31908,47014,99393,well_visit,HC,EP,25,,,,1,230,109.25,17-04-2025,17-04-2025,14-05-2025,13-05-2025,"{""icd_10"": {""1"": ""Z00.129"", ""2"": ""Z71.3"", ""3"": ""Z71.82"", ""4"": ""Z68.52"", ""5"": ""Z29.3""}, ""procedures"": {""1"": ""1"", ""2"": ""2"", ""3"": ""3"", ""4"": ""4""}, ""actual_procedures"": {""1"": ""Z00.129"", ""2"": ""Z71.3"", ""3"": ""Z71.82"", ""4"": ""Z68.52""}}","1: Z00.129 | 2: Z71.3
3: Z71.82 | 4: Z68.52",CO,45,45,,N381,N381,,45,,N381,,ANTHEM BCBS HEALTHCARE SOLUTIONS,mco_medicaid,PRIMARY,270,122.17,0.45,1699037499,5,61
3474,2,70,31908,47014,99188,procedure,HC,,,,,,1,40,12.92,17-04-2025,17-04-2025,14-05-2025,13-05-2025,"{""icd_10"": {""1"": ""Z00.129"", ""2"": ""Z71.3"", ""3"": ""Z71.82"", ""4"": ""Z68.52"", ""5"": ""Z29.3""}, ""procedures"": {""1"": ""5""}, ""actual_procedures"": {""1"": ""Z29.3""}}",1: Z29.3,CO,45,45,,N381,N381,,45,,N381,,ANTHEM BCBS HEALTHCARE SOLUTIONS,mco_medicaid,PRIMARY,270,122.17,0.45,1699037499,5,61
3475,1,71,2067,17173,99213,sick_visit,HC,U6,25,,,,1,150,75.16,28-04-2025,28-04-2025,14-05-2025,13-05-2025,"{""icd_10"": {""1"": ""Z00.129"", ""2"": ""L20.89"", ""3"": ""R21"", ""4"": ""R09.81"", ""5"": ""Z29.3""}, ""procedures"": {""1"": ""2"", ""2"": ""3"", ""3"": ""4""}, ""actual_procedures"": {""1"": ""L20.89"", ""2"": ""R21"", ""3"": ""R09.81""}}","1: L20.89 | 2: R21
3: R09.81",CO,45,45,,N381,N381,,45,,N381,,ANTHEM BCBS HEALTHCARE SOLUTIONS,mco_medicaid,PRIMARY,420,88.08,0.21,1699037499,0,10
3475,2,72,2067,17173,99381,well_visit,HC,EP,25,,,,0,230,0,28-04-2025,28-04-2025,14-05-2025,13-05-2025,,,CO,B16,B16,,,,,B16,,,,ANTHEM BCBS HEALTHCARE SOLUTIONS,mco_medicaid,PRIMARY,420,88.08,0.21,1699037499,0,10
3475,3,73,2067,17173,99188,procedure,HC,,,,,,1,40,12.92,28-04-2025,28-04-2025,14-05-2025,13-05-2025,"{""icd_10"": {""1"": ""Z00.129"", ""2"": ""L20.89"", ""3"": ""R21"", ""4"": ""R09.81"", ""5"": ""Z29.3""}, ""procedures"": {""1"": ""5""}, ""actual_procedures"": {""1"": ""Z29.3""}}",1: Z29.3,CO,45,45,,N381,N381,,45,,N381,,ANTHEM BCBS HEALTHCARE SOLUTIONS,mco_medicaid,PRIMARY,420,88.08,0.21,1699037499,0,10
3476,1,74,31816,46922,99213,sick_visit,HC,U6,25,,,,1,150,75.16,23-04-2025,23-04-2025,14-05-2025,13-05-2025,"{""icd_10"": {""1"": ""Z00.129"", ""2"": ""Z71.3"", ""3"": ""Z71.82"", ""4"": ""Z68.54"", ""5"": ""S09.90XA"", ""6"": ""Z29.3""}, ""procedures"": {""1"": ""5""}, ""actual_procedures"": {""1"": ""S09.90XA""}}",1: S09.90XA,CO,45,45,,N381,N381,,45,,N381,,ANTHEM BCBS HEALTHCARE SOLUTIONS,mco_medicaid,PRIMARY,490,236.63,0.48,1699037499,6,74
3476,2,75,31816,46922,99383,well_visit,HC,EP,25,,,,1,260,123.94,23-04-2025,23-04-2025,14-05-2025,13-05-2025,"{""icd_10"": {""1"": ""Z00.129"", ""2"": ""Z71.3"", ""3"": ""Z71.82"", ""4"": ""Z68.54"", ""5"": ""S09.90XA"", ""6"": ""Z29.3""}, ""procedures"": {""1"": ""1"", ""2"": ""2"", ""3"": ""3"", ""4"": ""4""}, ""actual_procedures"": {""1"": ""Z00.129"", ""2"": ""Z71.3"", ""3"": ""Z71.82"", ""4"": ""Z68.54""}}","1: Z00.129 | 2: Z71.3
3: Z71.82 | 4: Z68.54",CO,45,45,,N381,N381,,45,,N381,,ANTHEM BCBS HEALTHCARE SOLUTIONS,mco_medicaid,PRIMARY,490,236.63,0.48,1699037499,6,74
3476,3,76,31816,46922,99188,procedure,HC,,,,,,1,40,12.92,23-04-2025,23-04-2025,14-05-2025,13-05-2025,"{""icd_10"": {""1"": ""Z00.129"", ""2"": ""Z71.3"", ""3"": ""Z71.82"", ""4"": ""Z68.54"", ""5"": ""S09.90XA"", ""6"": ""Z29.3""}, ""procedures"": {""1"": ""6""}, ""actual_procedures"": {""1"": ""Z29.3""}}",1: Z29.3,CO,45,45,,N381,N381,,45,,N381,,ANTHEM BCBS HEALTHCARE SOLUTIONS,mco_medicaid,PRIMARY,490,236.63,0.48,1699037499,6,74
3476,4,77,31816,46922,G0447,Counseling - Preventive Counseling,HC,59,,,,,1,40,24.61,23-04-2025,23-04-2025,14-05-2025,13-05-2025,"{""icd_10"": {""1"": ""Z00.129"", ""2"": ""Z71.3"", ""3"": ""Z71.82"", ""4"": ""Z68.54"", ""5"": ""S09.90XA"", ""6"": ""Z29.3""}, ""procedures"": {""1"": ""4""}, ""actual_procedures"": {""1"": ""Z68.54""}}",1: Z68.54,CO,45,45,,N381,N381,,45,,N381,,ANTHEM BCBS HEALTHCARE SOLUTIONS,mco_medicaid,PRIMARY,490,236.63,0.48,1699037499,6,74
3477,1,78,35763,50869,99203,sick_visit,HC,,,,,,1,220,111.34,23-04-2025,23-04-2025,14-05-2025,13-05-2025,"{""icd_10"": {""1"": ""K59.00"", ""2"": ""R10.84""}, ""procedures"": {""1"": ""1"", ""2"": ""2""}, ""actual_procedures"": {""1"": ""K59.00"", ""2"": ""R10.84""}}",1: K59.00 | 2: R10.84,CO,45,45,,N381,N381,,45,,N381,,ANTHEM BCBS HEALTHCARE SOLUTIONS,mco_medicaid,PRIMARY,220,111.34,0.51,1699037499,14,168
3478,1,79,29779,44885,99213,sick_visit,HC,U6,25,,,,1,150,75.16,23-04-2025,23-04-2025,14-05-2025,13-05-2025,"{""icd_10"": {""1"": ""Z00.129"", ""2"": ""L21.0"", ""3"": ""L20.89""}, ""procedures"": {""1"": ""2"", ""2"": ""3""}, ""actual_procedures"": {""1"": ""L21.0"", ""2"": ""L20.89""}}",1: L21.0 | 2: L20.89,CO,45,45,,N381,N381,,45,,N381,,ANTHEM BCBS HEALTHCARE SOLUTIONS,mco_medicaid,PRIMARY,380,189.32,0.5,1699037499,0,8
3478,2,80,29779,44885,99381,well_visit,HC,EP,25,,,,1,230,114.16,23-04-2025,23-04-2025,14-05-2025,13-05-2025,"{""icd_10"": {""1"": ""Z00.129"", ""2"": ""L21.0"", ""3"": ""L20.89""}, ""procedures"": {""1"": ""1""}, ""actual_procedures"": {""1"": ""Z00.129""}}",1: Z00.129,CO,45,45,,N381,N381,,45,,N381,,ANTHEM BCBS HEALTHCARE SOLUTIONS,mco_medicaid,PRIMARY,380,189.32,0.5,1699037499,0,8
3479,1,81,32863,47969,99213,sick_visit,HC,U6,25,,,,1,150,75.16,22-04-2025,22-04-2025,14-05-2025,13-05-2025,"{""icd_10"": {""1"": ""Z00.129"", ""2"": ""Z71.3"", ""3"": ""Z71.82"", ""4"": ""Z68.52"", ""5"": ""Z29.3"", ""6"": ""J30.9"", ""7"": ""R09.82""}, ""procedures"": {""1"": ""6"", ""2"": ""7""}, ""actual_procedures"": {""1"": ""J30.9"", ""2"": ""R09.82""}}",1: J30.9 | 2: R09.82,CO,45,45,,N381,N381,,45,,N381,,ANTHEM BCBS HEALTHCARE SOLUTIONS,mco_medicaid,PRIMARY,450,212.02,0.47,1699037499,8,100
3479,2,82,32863,47969,99383,well_visit,HC,EP,25,,,,1,260,123.94,22-04-2025,22-04-2025,14-05-2025,13-05-2025,"{""icd_10"": {""1"": ""Z00.129"", ""2"": ""Z71.3"", ""3"": ""Z71.82"", ""4"": ""Z68.52"", ""5"": ""Z29.3"", ""6"": ""J30.9"", ""7"": ""R09.82""}, ""procedures"": {""1"": ""1"", ""2"": ""2"", ""3"": ""3"", ""4"": ""4""}, ""actual_procedures"": {""1"": ""Z00.129"", ""2"": ""Z71.3"", ""3"": ""Z71.82"", ""4"": ""Z68.52""}}","1: Z00.129 | 2: Z71.3
3: Z71.82 | 4: Z68.52",CO,45,45,,N381,N381,,45,,N381,,ANTHEM BCBS HEALTHCARE SOLUTIONS,mco_medicaid,PRIMARY,450,212.02,0.47,1699037499,8,100
3479,3,83,32863,47969,99188,procedure,HC,,,,,,1,40,12.92,22-04-2025,22-04-2025,14-05-2025,13-05-2025,"{""icd_10"": {""1"": ""Z00.129"", ""2"": ""Z71.3"", ""3"": ""Z71.82"", ""4"": ""Z68.52"", ""5"": ""Z29.3"", ""6"": ""J30.9"", ""7"": ""R09.82""}, ""procedures"": {""1"": ""5""}, ""actual_procedures"": {""1"": ""Z29.3""}}",1: Z29.3,CO,45,45,,N381,N381,,45,,N381,,ANTHEM BCBS HEALTHCARE SOLUTIONS,mco_medicaid,PRIMARY,450,212.02,0.47,1699037499,8,100
3480,1,84,115258,26631,99203,sick_visit,HC,25,,,,,1,220,111.34,25-04-2025,25-04-2025,14-05-2025,13-05-2025,"{""icd_10"": {""1"": ""H92.01"", ""2"": ""H61.21""}, ""procedures"": {""1"": ""1""}, ""actual_procedures"": {""1"": ""H92.01""}}",1: H92.01,CO,45,45,,N381,N381,,45,,N381,,ANTHEM BCBS HEALTHCARE SOLUTIONS,mco_medicaid,PRIMARY,295,157.01,0.53,1699037499,6,75
3480,2,85,115258,26631,69210,procedure,HC,59,RT,,,,1,25,25,25-04-2025,25-04-2025,14-05-2025,13-05-2025,"{""icd_10"": {""1"": ""H92.01"", ""2"": ""H61.21""}, ""procedures"": {""1"": ""2""}, ""actual_procedures"": {""1"": ""H61.21""}}",1: H61.21,,,,,,,,,,,,ANTHEM BCBS HEALTHCARE SOLUTIONS,mco_medicaid,PRIMARY,295,157.01,0.53,1699037499,6,75
3480,3,86,115258,26631,99058,Walk-In,HC,59,,,,,1,50,20.67,25-04-2025,25-04-2025,14-05-2025,13-05-2025,"{""icd_10"": {""1"": ""H92.01"", ""2"": ""H61.21""}, ""procedures"": {""1"": ""1""}, ""actual_procedures"": {""1"": ""H92.01""}}",1: H92.01,CO,45,45,,N381,N381,,45,,N381,,ANTHEM BCBS HEALTHCARE SOLUTIONS,mco_medicaid,PRIMARY,295,157.01,0.53,1699037499,6,75
3481,1,87,33260,48366,99204,sick_visit,HC,25,,,,,1,320,170.64,22-04-2025,22-04-2025,14-05-2025,13-05-2025,"{""icd_10"": {""1"": ""L20.89"", ""2"": ""L50.0"", ""3"": ""R04.0"", ""4"": ""R05.1"", ""5"": ""B34.9""}, ""procedures"": {""1"": ""1"", ""2"": ""2"", ""3"": ""3"", ""4"": ""5""}, ""actual_procedures"": {""1"": ""L20.89"", ""2"": ""L50.0"", ""3"": ""R04.0"", ""4"": ""B34.9""}}","1: L20.89 | 2: L50.0
3: R04.0 | 4: B34.9",CO,45,45,,N381,N381,,45,,N381,,ANTHEM BCBS HEALTHCARE SOLUTIONS,mco_medicaid,PRIMARY,410,204.28,0.5,1699037499,3,46
3481,2,88,33260,48366,99058,Walk-In,HC,59,,,,,1,50,20.67,22-04-2025,22-04-2025,14-05-2025,13-05-2025,"{""icd_10"": {""1"": ""L20.89"", ""2"": ""L50.0"", ""3"": ""R04.0"", ""4"": ""R05.1"", ""5"": ""B34.9""}, ""procedures"": {""1"": ""1"", ""2"": ""2"", ""3"": ""3"", ""4"": ""4""}, ""actual_procedures"": {""1"": ""L20.89"", ""2"": ""L50.0"", ""3"": ""R04.0"", ""4"": ""R05.1""}}","1: L20.89 | 2: L50.0
3: R04.0 | 4: R05.1",CO,45,45,,N381,N381,,45,,N381,,ANTHEM BCBS HEALTHCARE SOLUTIONS,mco_medicaid,PRIMARY,410,204.28,0.5,1699037499,3,46
3481,3,89,33260,48366,87880,poc,HC,QW,,,,,1,25,9.92,22-04-2025,22-04-2025,14-05-2025,13-05-2025,"{""icd_10"": {""1"": ""L20.89"", ""2"": ""L50.0"", ""3"": ""R04.0"", ""4"": ""R05.1"", ""5"": ""B34.9""}, ""procedures"": {""1"": ""4"", ""2"": ""5""}, ""actual_procedures"": {""1"": ""R05.1"", ""2"": ""B34.9""}}",1: R05.1 | 2: B34.9,CO,45,45,,N381,N381,,45,,N381,,ANTHEM BCBS HEALTHCARE SOLUTIONS,mco_medicaid,PRIMARY,410,204.28,0.5,1699037499,3,46
3481,4,90,33260,48366,94760,respiratory,HC,59,,,,,1,15,3.05,22-04-2025,22-04-2025,14-05-2025,13-05-2025,"{""icd_10"": {""1"": ""L20.89"", ""2"": ""L50.0"", ""3"": ""R04.0"", ""4"": ""R05.1"", ""5"": ""B34.9""}, ""procedures"": {""1"": ""4"", ""2"": ""5""}, ""actual_procedures"": {""1"": ""R05.1"", ""2"": ""B34.9""}}",1: R05.1 | 2: B34.9,CO,45,45,,N381,N381,,45,,N381,,ANTHEM BCBS HEALTHCARE SOLUTIONS,mco_medicaid,PRIMARY,410,204.28,0.5,1699037499,3,46
3482,1,91,11512,26618,99204,sick_visit,HC,25,,,,,1,320,170.64,28-04-2025,28-04-2025,14-05-2025,13-05-2025,"{""icd_10"": {""1"": ""B34.9"", ""2"": ""M79.10"", ""3"": ""R50.9"", ""4"": ""R09.81"", ""5"": ""R05.1"", ""6"": ""S09.90XA""}, ""procedures"": {""1"": ""1"", ""2"": ""2"", ""3"": ""5"", ""4"": ""6""}, ""actual_procedures"": {""1"": ""B34.9"", ""2"": ""M79.10"", ""3"": ""R05.1"", ""4"": ""S09.90XA""}}","1: B34.9 | 2: M79.10
3: R05.1 | 4: S09.90XA",CO,45,45,,N381,N381,,45,,N381,,ANTHEM BCBS HEALTHCARE SOLUTIONS,mco_medicaid,PRIMARY,485,232,0.48,1699037499,0,8
3482,2,92,11512,26618,87880,poc,HC,QW,,,,,1,25,9.92,28-04-2025,28-04-2025,14-05-2025,13-05-2025,"{""icd_10"": {""1"": ""B34.9"", ""2"": ""M79.10"", ""3"": ""R50.9"", ""4"": ""R09.81"", ""5"": ""R05.1"", ""6"": ""S09.90XA""}, ""procedures"": {""1"": ""1"", ""2"": ""3"", ""3"": ""4"", ""4"": ""5""}, ""actual_procedures"": {""1"": ""B34.9"", ""2"": ""R50.9"", ""3"": ""R09.81"", ""4"": ""R05.1""}}","1: B34.9 | 2: R50.9
3: R09.81 | 4: R05.1",CO,45,45,,N381,N381,,45,,N381,,ANTHEM BCBS HEALTHCARE SOLUTIONS,mco_medicaid,PRIMARY,485,232,0.48,1699037499,0,8
3482,3,93,11512,26618,99058,Walk-In,HC,59,,,,,1,50,20.67,28-04-2025,28-04-2025,14-05-2025,13-05-2025,"{""icd_10"": {""1"": ""B34.9"", ""2"": ""M79.10"", ""3"": ""R50.9"", ""4"": ""R09.81"", ""5"": ""R05.1"", ""6"": ""S09.90XA""}, ""procedures"": {""1"": ""1"", ""2"": ""2"", ""3"": ""5"", ""4"": ""6""}, ""actual_procedures"": {""1"": ""B34.9"", ""2"": ""M79.10"", ""3"": ""R05.1"", ""4"": ""S09.90XA""}}","1: B34.9 | 2: M79.10
3: R05.1 | 4: S09.90XA",CO,45,45,,N381,N381,,45,,N381,,ANTHEM BCBS HEALTHCARE SOLUTIONS,mco_medicaid,PRIMARY,485,232,0.48,1699037499,0,8
3482,4,94,11512,26618,87804,poc,HC,QW,,,,,2,50,19.86,28-04-2025,28-04-2025,14-05-2025,13-05-2025,"{""icd_10"": {""1"": ""B34.9"", ""2"": ""M79.10"", ""3"": ""R50.9"", ""4"": ""R09.81"", ""5"": ""R05.1"", ""6"": ""S09.90XA""}, ""procedures"": {""1"": ""1"", ""2"": ""2"", ""3"": ""3"", ""4"": ""5""}, ""actual_procedures"": {""1"": ""B34.9"", ""2"": ""M79.10"", ""3"": ""R50.9"", ""4"": ""R05.1""}}","1: B34.9 | 2: M79.10
3: R50.9 | 4: R05.1",CO,45,45,,N381,N381,,45,,N381,,ANTHEM BCBS HEALTHCARE SOLUTIONS,mco_medicaid,PRIMARY,485,232,0.48,1699037499,0,8
3482,5,95,11512,26618,87807,poc,HC,QW,,,,,1,25,7.86,28-04-2025,28-04-2025,14-05-2025,13-05-2025,"{""icd_10"": {""1"": ""B34.9"", ""2"": ""M79.10"", ""3"": ""R50.9"", ""4"": ""R09.81"", ""5"": ""R05.1"", ""6"": ""S09.90XA""}, ""procedures"": {""1"": ""1"", ""2"": ""2"", ""3"": ""3"", ""4"": ""4""}, ""actual_procedures"": {""1"": ""B34.9"", ""2"": ""M79.10"", ""3"": ""R50.9"", ""4"": ""R09.81""}}","1: B34.9 | 2: M79.10
3: R50.9 | 4: R09.81",CO,45,45,,N381,N381,,45,,N381,,ANTHEM BCBS HEALTHCARE SOLUTIONS,mco_medicaid,PRIMARY,485,232,0.48,1699037499,0,8
3482,6,96,11512,26618,94760,respiratory,HC,59,,,,,1,15,3.05,28-04-2025,28-04-2025,14-05-2025,13-05-2025,"{""icd_10"": {""1"": ""B34.9"", ""2"": ""M79.10"", ""3"": ""R50.9"", ""4"": ""R09.81"", ""5"": ""R05.1"", ""6"": ""S09.90XA""}, ""procedures"": {""1"": ""1"", ""2"": ""4"", ""3"": ""5""}, ""actual_procedures"": {""1"": ""B34.9"", ""2"": ""R09.81"", ""3"": ""R05.1""}}","1: B34.9 | 2: R09.81
3: R05.1",CO,45,45,,N381,N381,,45,,N381,,ANTHEM BCBS HEALTHCARE SOLUTIONS,mco_medicaid,PRIMARY,485,232,0.48,1699037499,0,8
3483,1,97,333181,48424,99213,sick_visit,HC,U6,25,,,,1,150,75.16,29-04-2025,29-04-2025,14-05-2025,13-05-2025,"{""icd_10"": {""1"": ""Z00.129"", ""2"": ""Z23"", ""3"": ""R10.13""}, ""procedures"": {""1"": ""3""}, ""actual_procedures"": {""1"": ""R10.13""}}",1: R10.13,CO,45,45,,N381,N381,,45,,N381,,ANTHEM BCBS HEALTHCARE SOLUTIONS,mco_medicaid,PRIMARY,375.01,200.43,0.53,1699037499,0,1
3483,2,98,333181,48424,99391,well_visit,HC,EP,25,,,,1,200,102.7,29-04-2025,29-04-2025,14-05-2025,13-05-2025,"{""icd_10"": {""1"": ""Z00.129"", ""2"": ""Z23"", ""3"": ""R10.13""}, ""procedures"": {""1"": ""1""}, ""actual_procedures"": {""1"": ""Z00.129""}}",1: Z00.129,CO,45,45,,N381,N381,,45,,N381,,ANTHEM BCBS HEALTHCARE SOLUTIONS,mco_medicaid,PRIMARY,375.01,200.43,0.53,1699037499,0,1
3483,3,99,333181,48424,90460,vaccine_administration,HC,,,,,,1,25,22.57,29-04-2025,29-04-2025,14-05-2025,13-05-2025,"{""icd_10"": {""1"": ""Z00.129"", ""2"": ""Z23"", ""3"": ""R10.13""}, ""procedures"": {""1"": ""2"", ""2"": ""1""}, ""actual_procedures"": {""1"": ""Z23"", ""2"": ""Z00.129""}}",1: Z23 | 2: Z00.129,CO,45,45,,N381,N381,,45,,N381,,ANTHEM BCBS HEALTHCARE SOLUTIONS,mco_medicaid,PRIMARY,375.01,200.43,0.53,1699037499,0,1
3483,4,100,333181,48424,90743,vaccine,HC,,,,,,0,0.01,0,29-04-2025,29-04-2025,14-05-2025,13-05-2025,"{""icd_10"": {""1"": ""Z00.129"", ""2"": ""Z23"", ""3"": ""R10.13""}, ""procedures"": {""1"": ""2""}, ""actual_procedures"": {""1"": ""Z23""}}",1: Z23,CO,97,97,,N19,N19,,97,,N19,,ANTHEM BCBS HEALTHCARE SOLUTIONS,mco_medicaid,PRIMARY,375.01,200.43,0.53,1699037499,0,1
3484,1,101,2068,17174,99213,sick_visit,HC,25,,,,,1,150,75.16,14-04-2025,14-04-2025,14-05-2025,13-05-2025,"{""icd_10"": {""1"": ""F90.9""}, ""procedures"": {""1"": ""1""}, ""actual_procedures"": {""1"": ""F90.9""}}",1: F90.9,CO,45,45,,N381,N381,,45,,N381,,ANTHEM BCBS HEALTHCARE SOLUTIONS,mco_medicaid,PRIMARY,175,80.22,0.46,1699037499,7,84
3484,2,102,2068,17174,96127,procedure,HC,,,,,,1,25,5.06,14-04-2025,14-04-2025,14-05-2025,13-05-2025,"{""icd_10"": {""1"": ""F90.9""}, ""procedures"": {""1"": ""1""}, ""actual_procedures"": {""1"": ""F90.9""}}",1: F90.9,CO,45,45,,N381,N381,,45,,N381,,ANTHEM BCBS HEALTHCARE SOLUTIONS,mco_medicaid,PRIMARY,175,80.22,0.46,1699037499,7,84
3485,1,103,31741,46847,99213,sick_visit,HC,U6,25,,,,1,150,75.16,29-04-2025,29-04-2025,14-05-2025,13-05-2025,"{""icd_10"": {""1"": ""Z00.129"", ""2"": ""Z71.3"", ""3"": ""Z71.82"", ""4"": ""Z68.52"", ""5"": ""R10.13"", ""6"": ""B34.9"", ""7"": ""R19.7"", ""8"": ""Z29.3""}, ""procedures"": {""1"": ""5"", ""2"": ""6"", ""3"": ""7""}, ""actual_procedures"": {""1"": ""R10.13"", ""2"": ""B34.9"", ""3"": ""R19.7""}}","1: R10.13 | 2: B34.9
3: R19.7",CO,45,45,,N381,N381,,45,,N381,,ANTHEM BCBS HEALTHCARE SOLUTIONS,mco_medicaid,PRIMARY,450,212.02,0.47,1699037499,7,85
3485,2,104,31741,46847,99383,well_visit,HC,EP,25,,,,1,260,123.94,29-04-2025,29-04-2025,14-05-2025,13-05-2025,"{""icd_10"": {""1"": ""Z00.129"", ""2"": ""Z71.3"", ""3"": ""Z71.82"", ""4"": ""Z68.52"", ""5"": ""R10.13"", ""6"": ""B34.9"", ""7"": ""R19.7"", ""8"": ""Z29.3""}, ""procedures"": {""1"": ""1"", ""2"": ""2"", ""3"": ""3"", ""4"": ""4""}, ""actual_procedures"": {""1"": ""Z00.129"", ""2"": ""Z71.3"", ""3"": ""Z71.82"", ""4"": ""Z68.52""}}","1: Z00.129 | 2: Z71.3
3: Z71.82 | 4: Z68.52",CO,45,45,,N381,N381,,45,,N381,,ANTHEM BCBS HEALTHCARE SOLUTIONS,mco_medicaid,PRIMARY,450,212.02,0.47,1699037499,7,85
3485,3,105,31741,46847,99188,procedure,HC,,,,,,1,40,12.92,29-04-2025,29-04-2025,14-05-2025,13-05-2025,"{""icd_10"": {""1"": ""Z00.129"", ""2"": ""Z71.3"", ""3"": ""Z71.82"", ""4"": ""Z68.52"", ""5"": ""R10.13"", ""6"": ""B34.9"", ""7"": ""R19.7"", ""8"": ""Z29.3""}, ""procedures"": {""1"": ""8""}, ""actual_procedures"": {""1"": ""Z29.3""}}",1: Z29.3,CO,45,45,,N381,N381,,45,,N381,,ANTHEM BCBS HEALTHCARE SOLUTIONS,mco_medicaid,PRIMARY,450,212.02,0.47,1699037499,7,85
3486,1,106,222411,17330,99213,sick_visit,HC,U6,25,,,,1,150,75.16,28-04-2025,28-04-2025,14-05-2025,13-05-2025,"{""icd_10"": {""1"": ""Z00.129"", ""2"": ""Z68.52"", ""3"": ""Z71.3"", ""4"": ""Z71.82"", ""5"": ""M25.562"", ""6"": ""M25.561"", ""7"": ""S93.401A"", ""8"": ""Z29.3""}, ""procedures"": {""1"": ""5"", ""2"": ""6"", ""3"": ""7""}, ""actual_procedures"": {""1"": ""M25.562"", ""2"": ""M25.561"", ""3"": ""S93.401A""}}","1: M25.562 | 2: M25.561
3: S93.401A",CO,45,45,,N381,N381,,45,,N381,,ANTHEM BCBS HEALTHCARE SOLUTIONS,mco_medicaid,PRIMARY,450,212.02,0.47,1699037499,11,143
3486,2,107,222411,17330,99383,well_visit,HC,EP,25,,,,1,260,123.94,28-04-2025,28-04-2025,14-05-2025,13-05-2025,"{""icd_10"": {""1"": ""Z00.129"", ""2"": ""Z68.52"", ""3"": ""Z71.3"", ""4"": ""Z71.82"", ""5"": ""M25.562"", ""6"": ""M25.561"", ""7"": ""S93.401A"", ""8"": ""Z29.3""}, ""procedures"": {""1"": ""1"", ""2"": ""2"", ""3"": ""3"", ""4"": ""4""}, ""actual_procedures"": {""1"": ""Z00.129"", ""2"": ""Z68.52"", ""3"": ""Z71.3"", ""4"": ""Z71.82""}}","1: Z00.129 | 2: Z68.52
3: Z71.3 | 4: Z71.82",CO,45,45,,N381,N381,,45,,N381,,ANTHEM BCBS HEALTHCARE SOLUTIONS,mco_medicaid,PRIMARY,450,212.02,0.47,1699037499,11,143
3486,3,108,222411,17330,99188,procedure,HC,,,,,,1,40,12.92,28-04-2025,28-04-2025,14-05-2025,13-05-2025,"{""icd_10"": {""1"": ""Z00.129"", ""2"": ""Z68.52"", ""3"": ""Z71.3"", ""4"": ""Z71.82"", ""5"": ""M25.562"", ""6"": ""M25.561"", ""7"": ""S93.401A"", ""8"": ""Z29.3""}, ""procedures"": {""1"": ""8""}, ""actual_procedures"": {""1"": ""Z29.3""}}",1: Z29.3,CO,45,45,,N381,N381,,45,,N381,,ANTHEM BCBS HEALTHCARE SOLUTIONS,mco_medicaid,PRIMARY,450,212.02,0.47,1699037499,11,143
3487,1,109,3558022,50686,99213,sick_visit,HC,U6,25,,,,1,150,75.16,14-04-2025,14-04-2025,14-05-2025,13-05-2025,"{""icd_10"": {""1"": ""Z00.129"", ""2"": ""Z71.3"", ""3"": ""J30.2"", ""4"": ""L20.89"", ""5"": ""D64.9"", ""6"": ""Z29.3""}, ""procedures"": {""1"": ""3"", ""2"": ""4"", ""3"": ""5""}, ""actual_procedures"": {""1"": ""J30.2"", ""2"": ""L20.89"", ""3"": ""D64.9""}}","1: J30.2 | 2: L20.89
3: D64.9",CO,45,45,,N381,N381,,45,,N381,,ANTHEM BCBS HEALTHCARE SOLUTIONS,mco_medicaid,PRIMARY,438.22,201.88,0.46,1699037499,3,37
3487,2,110,3558022,50686,99392,well_visit,HC,EP,25,,,,1,220,109.63,14-04-2025,14-04-2025,14-05-2025,13-05-2025,"{""icd_10"": {""1"": ""Z00.129"", ""2"": ""Z71.3"", ""3"": ""J30.2"", ""4"": ""L20.89"", ""5"": ""D64.9"", ""6"": ""Z29.3""}, ""procedures"": {""1"": ""1"", ""2"": ""2""}, ""actual_procedures"": {""1"": ""Z00.129"", ""2"": ""Z71.3""}}",1: Z00.129 | 2: Z71.3,CO,45,45,,N381,N381,,45,,N381,,ANTHEM BCBS HEALTHCARE SOLUTIONS,mco_medicaid,PRIMARY,438.22,201.88,0.46,1699037499,3,37
3487,3,111,3558022,50686,99188,procedure,HC,,,,,,1,40,12.92,14-04-2025,14-04-2025,14-05-2025,13-05-2025,"{""icd_10"": {""1"": ""Z00.129"", ""2"": ""Z71.3"", ""3"": ""J30.2"", ""4"": ""L20.89"", ""5"": ""D64.9"", ""6"": ""Z29.3""}, ""procedures"": {""1"": ""6""}, ""actual_procedures"": {""1"": ""Z29.3""}}",1: Z29.3,CO,45,45,,N381,N381,,45,,N381,,ANTHEM BCBS HEALTHCARE SOLUTIONS,mco_medicaid,PRIMARY,438.22,201.88,0.46,1699037499,3,37
3487,4,112,3558022,50686,94760,respiratory,HC,59,,,,,1,15,3.05,14-04-2025,14-04-2025,14-05-2025,13-05-2025,"{""icd_10"": {""1"": ""Z00.129"", ""2"": ""Z71.3"", ""3"": ""J30.2"", ""4"": ""L20.89"", ""5"": ""D64.9"", ""6"": ""Z29.3""}, ""procedures"": {""1"": ""3""}, ""actual_procedures"": {""1"": ""J30.2""}}",1: J30.2,CO,45,45,,N381,N381,,45,,N381,,ANTHEM BCBS HEALTHCARE SOLUTIONS,mco_medicaid,PRIMARY,438.22,201.88,0.46,1699037499,3,37
3487,5,113,3558022,50686,85018,poc,HC,QW,,,,,0,3.24,0,14-04-2025,14-04-2025,14-05-2025,13-05-2025,"{""icd_10"": {""1"": ""Z00.129"", ""2"": ""Z71.3"", ""3"": ""J30.2"", ""4"": ""L20.89"", ""5"": ""D64.9"", ""6"": ""Z29.3""}, ""procedures"": {""1"": ""5""}, ""actual_procedures"": {""1"": ""D64.9""}}",1: D64.9,CO,97,97,,N19,N19,,97,,N19,,ANTHEM BCBS HEALTHCARE SOLUTIONS,mco_medicaid,PRIMARY,438.22,201.88,0.46,1699037499,3,37
3487,6,114,3558022,50686,36416,poc,HC,,,,,,1,9.98,1.12,14-04-2025,14-04-2025,14-05-2025,13-05-2025,"{""icd_10"": {""1"": ""Z00.129"", ""2"": ""Z71.3"", ""3"": ""J30.2"", ""4"": ""L20.89"", ""5"": ""D64.9"", ""6"": ""Z29.3""}, ""procedures"": {""1"": ""5""}, ""actual_procedures"": {""1"": ""D64.9""}}",1: D64.9,CO,45,45,,N381,N381,,45,,N381,,ANTHEM BCBS HEALTHCARE SOLUTIONS,mco_medicaid,PRIMARY,438.22,201.88,0.46,1699037499,3,37
3488,1,115,29807,44913,99203,sick_visit,HC,,,,,,1,220,111.34,22-04-2025,22-04-2025,14-05-2025,13-05-2025,"{""icd_10"": {""1"": ""R05.1"", ""2"": ""R62.50"", ""3"": ""B34.9"", ""4"": ""F80.89""}, ""procedures"": {""1"": ""1"", ""2"": ""2"", ""3"": ""3"", ""4"": ""4""}, ""actual_procedures"": {""1"": ""R05.1"", ""2"": ""R62.50"", ""3"": ""B34.9"", ""4"": ""F80.89""}}","1: R05.1 | 2: R62.50
3: B34.9 | 4: F80.89",CO,45,45,,N381,N381,,45,,N381,,ANTHEM BCBS HEALTHCARE SOLUTIONS,mco_medicaid,PRIMARY,220,111.34,0.51,1699037499,3,46
3489,1,116,2463310,39739,99203,sick_visit,HC,25,,,,,1,220,111.34,17-04-2025,17-04-2025,14-05-2025,13-05-2025,"{""icd_10"": {""1"": ""L20.89"", ""2"": ""L50.0""}, ""procedures"": {""1"": ""1"", ""2"": ""2""}, ""actual_procedures"": {""1"": ""L20.89"", ""2"": ""L50.0""}}",1: L20.89 | 2: L50.0,CO,45,45,,N381,N381,,45,,N381,,ANTHEM BCBS HEALTHCARE SOLUTIONS,mco_medicaid,PRIMARY,270,132.01,0.49,1699037499,9,113
3489,2,117,2463310,39739,99058,Walk-In,HC,59,,,,,1,50,20.67,17-04-2025,17-04-2025,14-05-2025,13-05-2025,"{""icd_10"": {""1"": ""L20.89"", ""2"": ""L50.0""}, ""procedures"": {""1"": ""1"", ""2"": ""2""}, ""actual_procedures"": {""1"": ""L20.89"", ""2"": ""L50.0""}}",1: L20.89 | 2: L50.0,CO,45,45,,N381,N381,,45,,N381,,ANTHEM BCBS HEALTHCARE SOLUTIONS,mco_medicaid,PRIMARY,270,132.01,0.49,1699037499,9,113
3490,1,118,35769,50875,99213,sick_visit,HC,U6,25,,,,1,150,75.16,28-04-2025,28-04-2025,14-05-2025,13-05-2025,"{""icd_10"": {""1"": ""Z00.129"", ""2"": ""Z68.52"", ""3"": ""Z71.3"", ""4"": ""Z71.82"", ""5"": ""L20.89"", ""6"": ""L85.8"", ""7"": ""Z30.02"", ""8"": ""Z29.3""}, ""procedures"": {""1"": ""5"", ""2"": ""6""}, ""actual_procedures"": {""1"": ""L20.89"", ""2"": ""L85.8""}}",1: L20.89 | 2: L85.8,CO,45,45,,N381,N381,,45,,N381,,ANTHEM BCBS HEALTHCARE SOLUTIONS,mco_medicaid,PRIMARY,545.16,264.9,0.49,1699037499,14,177
3490,2,119,35769,50875,99384,well_visit,HC,EP,25,,,,1,285,139.99,28-04-2025,28-04-2025,14-05-2025,13-05-2025,"{""icd_10"": {""1"": ""Z00.129"", ""2"": ""Z68.52"", ""3"": ""Z71.3"", ""4"": ""Z71.82"", ""5"": ""L20.89"", ""6"": ""L85.8"", ""7"": ""Z30.02"", ""8"": ""Z29.3""}, ""procedures"": {""1"": ""1"", ""2"": ""2"", ""3"": ""3"", ""4"": ""4""}, ""actual_procedures"": {""1"": ""Z00.129"", ""2"": ""Z68.52"", ""3"": ""Z71.3"", ""4"": ""Z71.82""}}","1: Z00.129 | 2: Z68.52
3: Z71.3 | 4: Z71.82",CO,45,45,,N381,N381,,45,,N381,,ANTHEM BCBS HEALTHCARE SOLUTIONS,mco_medicaid,PRIMARY,545.16,264.9,0.49,1699037499,14,177
3490,3,120,35769,50875,99188,procedure,HC,,,,,,1,40,12.92,28-04-2025,28-04-2025,14-05-2025,13-05-2025,"{""icd_10"": {""1"": ""Z00.129"", ""2"": ""Z68.52"", ""3"": ""Z71.3"", ""4"": ""Z71.82"", ""5"": ""L20.89"", ""6"": ""L85.8"", ""7"": ""Z30.02"", ""8"": ""Z29.3""}, ""procedures"": {""1"": ""8""}, ""actual_procedures"": {""1"": ""Z29.3""}}",1: Z29.3,CO,45,45,,N381,N381,,45,,N381,,ANTHEM BCBS HEALTHCARE SOLUTIONS,mco_medicaid,PRIMARY,545.16,264.9,0.49,1699037499,14,177
3490,4,121,35769,50875,99401,Counseling - Preventive Counseling,HC,FP,25,,,,1,70.16,36.83,28-04-2025,28-04-2025,14-05-2025,13-05-2025,"{""icd_10"": {""1"": ""Z00.129"", ""2"": ""Z68.52"", ""3"": ""Z71.3"", ""4"": ""Z71.82"", ""5"": ""L20.89"", ""6"": ""L85.8"", ""7"": ""Z30.02"", ""8"": ""Z29.3""}, ""procedures"": {""1"": ""7""}, ""actual_procedures"": {""1"": ""Z30.02""}}",1: Z30.02,CO,45,45,,N381,N381,,45,,N381,,ANTHEM BCBS HEALTHCARE SOLUTIONS,mco_medicaid,PRIMARY,545.16,264.9,0.49,1699037499,14,177
3491,1,122,35717,50823,99213,sick_visit,HC,,,,,,1,150,75.16,14-04-2025,14-04-2025,14-05-2025,13-05-2025,"{""icd_10"": {""1"": ""N50.812""}, ""procedures"": {""1"": ""1""}, ""actual_procedures"": {""1"": ""N50.812""}}",1: N50.812,CO,45,45,,N381,N381,,45,,N381,,ANTHEM BCBS HEALTHCARE SOLUTIONS,mco_medicaid,PRIMARY,150,75.16,0.5,1699037499,13,156
3492,1,123,35730,50836,99213,sick_visit,HC,U6,25,,,,1,150,75.16,29-04-2025,29-04-2025,14-05-2025,13-05-2025,"{""icd_10"": {""1"": ""Z00.129"", ""2"": ""Z68.54"", ""3"": ""Z71.3"", ""4"": ""Z71.82"", ""5"": ""Z13.31"", ""6"": ""Z30.02"", ""7"": ""Z29.3"", ""8"": ""L20.89"", ""9"": ""F43.20"", ""10"": ""L83"", ""11"": ""Z23""}, ""procedures"": {""1"": ""8"", ""2"": ""9"", ""3"": ""10""}, ""actual_procedures"": {""1"": ""L20.89"", ""2"": ""F43.20"", ""3"": ""L83""}}","1: L20.89 | 2: F43.20
3: L83",CO,45,45,,N381,N381,,45,,N381,,ANTHEM BCBS HEALTHCARE SOLUTIONS,mco_medicaid,PRIMARY,595.17,292.53,0.49,1699037499,16,199
3492,2,124,35730,50836,99384,well_visit,HC,EP,25,,,,1,285,139.99,29-04-2025,29-04-2025,14-05-2025,13-05-2025,"{""icd_10"": {""1"": ""Z00.129"", ""2"": ""Z68.54"", ""3"": ""Z71.3"", ""4"": ""Z71.82"", ""5"": ""Z13.31"", ""6"": ""Z30.02"", ""7"": ""Z29.3"", ""8"": ""L20.89"", ""9"": ""F43.20"", ""10"": ""L83"", ""11"": ""Z23""}, ""procedures"": {""1"": ""1"", ""2"": ""2"", ""3"": ""3"", ""4"": ""4""}, ""actual_procedures"": {""1"": ""Z00.129"", ""2"": ""Z68.54"", ""3"": ""Z71.3"", ""4"": ""Z71.82""}}","1: Z00.129 | 2: Z68.54
3: Z71.3 | 4: Z71.82",CO,45,45,,N381,N381,,45,,N381,,ANTHEM BCBS HEALTHCARE SOLUTIONS,mco_medicaid,PRIMARY,595.17,292.53,0.49,1699037499,16,199
3492,3,125,35730,50836,90460,vaccine_administration,HC,,,,,,1,25,22.57,29-04-2025,29-04-2025,14-05-2025,13-05-2025,"{""icd_10"": {""1"": ""Z00.129"", ""2"": ""Z68.54"", ""3"": ""Z71.3"", ""4"": ""Z71.82"", ""5"": ""Z13.31"", ""6"": ""Z30.02"", ""7"": ""Z29.3"", ""8"": ""L20.89"", ""9"": ""F43.20"", ""10"": ""L83"", ""11"": ""Z23""}, ""procedures"": {""1"": ""11""}, ""actual_procedures"": {""1"": ""Z23""}}",1: Z23,CO,45,45,,N381,N381,,45,,N381,,ANTHEM BCBS HEALTHCARE SOLUTIONS,mco_medicaid,PRIMARY,595.17,292.53,0.49,1699037499,16,199
3492,4,126,35730,50836,99188,procedure,HC,,,,,,1,40,12.92,29-04-2025,29-04-2025,14-05-2025,13-05-2025,"{""icd_10"": {""1"": ""Z00.129"", ""2"": ""Z68.54"", ""3"": ""Z71.3"", ""4"": ""Z71.82"", ""5"": ""Z13.31"", ""6"": ""Z30.02"", ""7"": ""Z29.3"", ""8"": ""L20.89"", ""9"": ""F43.20"", ""10"": ""L83"", ""11"": ""Z23""}, ""procedures"": {""1"": ""7""}, ""actual_procedures"": {""1"": ""Z29.3""}}",1: Z29.3,CO,45,45,,N381,N381,,45,,N381,,ANTHEM BCBS HEALTHCARE SOLUTIONS,mco_medicaid,PRIMARY,595.17,292.53,0.49,1699037499,16,199
3492,5,127,35730,50836,96127,procedure,HC,59,,,,,1,25,5.06,29-04-2025,29-04-2025,14-05-2025,13-05-2025,"{""icd_10"": {""1"": ""Z00.129"", ""2"": ""Z68.54"", ""3"": ""Z71.3"", ""4"": ""Z71.82"", ""5"": ""Z13.31"", ""6"": ""Z30.02"", ""7"": ""Z29.3"", ""8"": ""L20.89"", ""9"": ""F43.20"", ""10"": ""L83"", ""11"": ""Z23""}, ""procedures"": {""1"": ""5""}, ""actual_procedures"": {""1"": ""Z13.31""}}",1: Z13.31,CO,45,45,,N381,N381,,45,,N381,,ANTHEM BCBS HEALTHCARE SOLUTIONS,mco_medicaid,PRIMARY,595.17,292.53,0.49,1699037499,16,199
3492,6,128,35730,50836,99401,Counseling - Preventive Counseling,HC,FP,25,,,,1,70.16,36.83,29-04-2025,29-04-2025,14-05-2025,13-05-2025,"{""icd_10"": {""1"": ""Z00.129"", ""2"": ""Z68.54"", ""3"": ""Z71.3"", ""4"": ""Z71.82"", ""5"": ""Z13.31"", ""6"": ""Z30.02"", ""7"": ""Z29.3"", ""8"": ""L20.89"", ""9"": ""F43.20"", ""10"": ""L83"", ""11"": ""Z23""}, ""procedures"": {""1"": ""6""}, ""actual_procedures"": {""1"": ""Z30.02""}}",1: Z30.02,CO,45,45,,N381,N381,,45,,N381,,ANTHEM BCBS HEALTHCARE SOLUTIONS,mco_medicaid,PRIMARY,595.17,292.53,0.49,1699037499,16,199
3492,7,129,35730,50836,90619,vaccine,HC,,,,,,0,0.01,0,29-04-2025,29-04-2025,14-05-2025,13-05-2025,"{""icd_10"": {""1"": ""Z00.129"", ""2"": ""Z68.54"", ""3"": ""Z71.3"", ""4"": ""Z71.82"", ""5"": ""Z13.31"", ""6"": ""Z30.02"", ""7"": ""Z29.3"", ""8"": ""L20.89"", ""9"": ""F43.20"", ""10"": ""L83"", ""11"": ""Z23""}, ""procedures"": {""1"": ""11""}, ""actual_procedures"": {""1"": ""Z23""}}",1: Z23,CO,16,16,,M119,M119,,16,,M119,,ANTHEM BCBS HEALTHCARE SOLUTIONS,mco_medicaid,PRIMARY,595.17,292.53,0.49,1699037499,16,199
3493,1,130,2327788,17433,99391,well_visit,HC,EP,25,,,,1,200,102.7,14-04-2025,14-04-2025,14-05-2025,13-05-2025,"{""icd_10"": {""1"": ""Z00.129"", ""2"": ""Z23""}, ""procedures"": {""1"": ""1""}, ""actual_procedures"": {""1"": ""Z00.129""}}",1: Z00.129,CO,45,45,,N381,N381,,45,,N381,,ANTHEM BCBS HEALTHCARE SOLUTIONS,mco_medicaid,PRIMARY,225.01,125.27,0.56,1699037499,0,1
3493,2,131,2327788,17433,90460,vaccine_administration,HC,,,,,,1,25,22.57,14-04-2025,14-04-2025,14-05-2025,13-05-2025,"{""icd_10"": {""1"": ""Z00.129"", ""2"": ""Z23""}, ""procedures"": {""1"": ""2""}, ""actual_procedures"": {""1"": ""Z23""}}",1: Z23,CO,45,45,,N381,N381,,45,,N381,,ANTHEM BCBS HEALTHCARE SOLUTIONS,mco_medicaid,PRIMARY,225.01,125.27,0.56,1699037499,0,1
3493,3,132,2327788,17433,90743,vaccine,HC,,,,,,0,0.01,0,14-04-2025,14-04-2025,14-05-2025,13-05-2025,"{""icd_10"": {""1"": ""Z00.129"", ""2"": ""Z23""}, ""procedures"": {""1"": ""2""}, ""actual_procedures"": {""1"": ""Z23""}}",1: Z23,CO,97,97,,N19,N19,,97,,N19,,ANTHEM BCBS HEALTHCARE SOLUTIONS,mco_medicaid,PRIMARY,225.01,125.27,0.56,1699037499,0,1
3494,1,133,35661,50767,99213,sick_visit,HC,U6,25,,,,1,150,75.16,22-04-2025,22-04-2025,14-05-2025,13-05-2025,"{""icd_10"": {""1"": ""Z00.129"", ""2"": ""Z71.3"", ""3"": ""Z71.82"", ""4"": ""Z68.52"", ""5"": ""Z29.3"", ""6"": ""R01.0""}, ""procedures"": {""1"": ""6""}, ""actual_procedures"": {""1"": ""R01.0""}}",1: R01.0,CO,45,45,,N381,N381,,45,,N381,,ANTHEM BCBS HEALTHCARE SOLUTIONS,mco_medicaid,PRIMARY,450,212.02,0.47,1699037499,7,87
3494,2,134,35661,50767,99383,well_visit,HC,EP,25,,,,1,260,123.94,22-04-2025,22-04-2025,14-05-2025,13-05-2025,"{""icd_10"": {""1"": ""Z00.129"", ""2"": ""Z71.3"", ""3"": ""Z71.82"", ""4"": ""Z68.52"", ""5"": ""Z29.3"", ""6"": ""R01.0""}, ""procedures"": {""1"": ""1"", ""2"": ""2"", ""3"": ""3"", ""4"": ""4""}, ""actual_procedures"": {""1"": ""Z00.129"", ""2"": ""Z71.3"", ""3"": ""Z71.82"", ""4"": ""Z68.52""}}","1: Z00.129 | 2: Z71.3
3: Z71.82 | 4: Z68.52",CO,45,45,,N381,N381,,45,,N381,,ANTHEM BCBS HEALTHCARE SOLUTIONS,mco_medicaid,PRIMARY,450,212.02,0.47,1699037499,7,87
3494,3,135,35661,50767,99188,procedure,HC,,,,,,1,40,12.92,22-04-2025,22-04-2025,14-05-2025,13-05-2025,"{""icd_10"": {""1"": ""Z00.129"", ""2"": ""Z71.3"", ""3"": ""Z71.82"", ""4"": ""Z68.52"", ""5"": ""Z29.3"", ""6"": ""R01.0""}, ""procedures"": {""1"": ""5""}, ""actual_procedures"": {""1"": ""Z29.3""}}",1: Z29.3,CO,45,45,,N381,N381,,45,,N381,,ANTHEM BCBS HEALTHCARE SOLUTIONS,mco_medicaid,PRIMARY,450,212.02,0.47,1699037499,7,87
3495,1,136,2303,17409,99213,sick_visit,HC,U6,25,,,,1,150,75.16,22-04-2025,22-04-2025,14-05-2025,13-05-2025,"{""icd_10"": {""1"": ""Z00.129"", ""2"": ""L20.89"", ""3"": ""H65.01"", ""4"": ""R21""}, ""procedures"": {""1"": ""2"", ""2"": ""3"", ""3"": ""4""}, ""actual_procedures"": {""1"": ""L20.89"", ""2"": ""H65.01"", ""3"": ""R21""}}","1: L20.89 | 2: H65.01
3: R21",CO,45,45,,N381,N381,,45,,N381,,ANTHEM BCBS HEALTHCARE SOLUTIONS,mco_medicaid,PRIMARY,380,189.32,0.5,1699037499,0,7
3495,2,137,2303,17409,99381,well_visit,HC,EP,25,,,,1,230,114.16,22-04-2025,22-04-2025,14-05-2025,13-05-2025,"{""icd_10"": {""1"": ""Z00.129"", ""2"": ""L20.89"", ""3"": ""H65.01"", ""4"": ""R21""}, ""procedures"": {""1"": ""1""}, ""actual_procedures"": {""1"": ""Z00.129""}}",1: Z00.129,CO,45,45,,N381,N381,,45,,N381,,ANTHEM BCBS HEALTHCARE SOLUTIONS,mco_medicaid,PRIMARY,380,189.32,0.5,1699037499,0,7
3496,1,138,35737,50843,99213,sick_visit,HC,U6,25,,,,1,150,75.16,22-04-2025,22-04-2025,14-05-2025,13-05-2025,"{""icd_10"": {""1"": ""Z00.110"", ""2"": ""L22"", ""3"": ""P59.9""}, ""procedures"": {""1"": ""2"", ""2"": ""3""}, ""actual_procedures"": {""1"": ""L22"", ""2"": ""P59.9""}}",1: L22 | 2: P59.9,CO,45,45,,N381,N381,,45,,N381,,ANTHEM BCBS HEALTHCARE SOLUTIONS,mco_medicaid,PRIMARY,380,189.32,0.5,1699037499,0,0
3496,2,139,35737,50843,99381,well_visit,HC,EP,25,,,,1,230,114.16,22-04-2025,22-04-2025,14-05-2025,13-05-2025,"{""icd_10"": {""1"": ""Z00.110"", ""2"": ""L22"", ""3"": ""P59.9""}, ""procedures"": {""1"": ""1""}, ""actual_procedures"": {""1"": ""Z00.110""}}",1: Z00.110,CO,45,45,,N381,N381,,45,,N381,,ANTHEM BCBS HEALTHCARE SOLUTIONS,mco_medicaid,PRIMARY,380,189.32,0.5,1699037499,0,0
3497,1,140,35666,50772,99393,well_visit,HC,EP,25,,,,1,230,109.25,11-04-2025,11-04-2025,14-05-2025,13-05-2025,"{""icd_10"": {""1"": ""Z00.129"", ""2"": ""Z71.3"", ""3"": ""Z71.82"", ""4"": ""Z68.54"", ""5"": ""R29.898""}, ""procedures"": {""1"": ""1"", ""2"": ""2"", ""3"": ""3"", ""4"": ""4""}, ""actual_procedures"": {""1"": ""Z00.129"", ""2"": ""Z71.3"", ""3"": ""Z71.82"", ""4"": ""Z68.54""}}","1: Z00.129 | 2: Z71.3
3: Z71.82 | 4: Z68.54",CO,45,45,,N381,N381,,45,,N381,,ANTHEM BCBS HEALTHCARE SOLUTIONS,mco_medicaid,PRIMARY,420,209.02,0.5,1699037499,5,62
3497,2,141,35666,50772,99213,sick_visit,HC,U6,25,,,,1,150,75.16,11-04-2025,11-04-2025,14-05-2025,13-05-2025,"{""icd_10"": {""1"": ""Z00.129"", ""2"": ""Z71.3"", ""3"": ""Z71.82"", ""4"": ""Z68.54"", ""5"": ""R29.898""}, ""procedures"": {""1"": ""5""}, ""actual_procedures"": {""1"": ""R29.898""}}",1: R29.898,CO,45,45,,N381,N381,,45,,N381,,ANTHEM BCBS HEALTHCARE SOLUTIONS,mco_medicaid,PRIMARY,420,209.02,0.5,1699037499,5,62
3497,3,142,35666,50772,G0447,Counseling - Preventive Counseling,HC,59,,,,,1,40,24.61,11-04-2025,11-04-2025,14-05-2025,13-05-2025,"{""icd_10"": {""1"": ""Z00.129"", ""2"": ""Z71.3"", ""3"": ""Z71.82"", ""4"": ""Z68.54"", ""5"": ""R29.898""}, ""procedures"": {""1"": ""4""}, ""actual_procedures"": {""1"": ""Z68.54""}}",1: Z68.54,CO,45,45,,N381,N381,,45,,N381,,ANTHEM BCBS HEALTHCARE SOLUTIONS,mco_medicaid,PRIMARY,420,209.02,0.5,1699037499,5,62
3498,1,143,22291,17335,99204,sick_visit,HC,25,,,,,0,320,0,21-04-2025,21-04-2025,14-05-2025,13-05-2025,"{""icd_10"": {""1"": ""T78.49XD"", ""2"": ""J30.9"", ""3"": ""R05.1"", ""4"": ""J45.901""}, ""procedures"": {""1"": ""1"", ""2"": ""2"", ""3"": ""3"", ""4"": ""4""}, ""actual_procedures"": {""1"": ""T78.49XD"", ""2"": ""J30.9"", ""3"": ""R05.1"", ""4"": ""J45.901""}}","1: T78.49XD | 2: J30.9
3: R05.1 | 4: J45.901",CO,16,16,,MA63,MA63,,16,,MA63,,ANTHEM BCBS HEALTHCARE SOLUTIONS,mco_medicaid,PRIMARY,460,36.85,0.08,1699037499,5,61
3498,2,144,22291,17335,94010,respiratory,HC,59,,,,,1,75,33.8,21-04-2025,21-04-2025,14-05-2025,13-05-2025,"{""icd_10"": {""1"": ""T78.49XD"", ""2"": ""J30.9"", ""3"": ""R05.1"", ""4"": ""J45.901""}, ""procedures"": {""1"": ""4""}, ""actual_procedures"": {""1"": ""J45.901""}}",1: J45.901,CO,45,45,,N381,N381,,45,,N381,,ANTHEM BCBS HEALTHCARE SOLUTIONS,mco_medicaid,PRIMARY,460,36.85,0.08,1699037499,5,61
3498,3,145,22291,17335,94760,respiratory,HC,59,,,,,1,15,3.05,21-04-2025,21-04-2025,14-05-2025,13-05-2025,"{""icd_10"": {""1"": ""T78.49XD"", ""2"": ""J30.9"", ""3"": ""R05.1"", ""4"": ""J45.901""}, ""procedures"": {""1"": ""2"", ""2"": ""3"", ""3"": ""4""}, ""actual_procedures"": {""1"": ""J30.9"", ""2"": ""R05.1"", ""3"": ""J45.901""}}","1: J30.9 | 2: R05.1
3: J45.901",CO,45,45,,N381,N381,,45,,N381,,ANTHEM BCBS HEALTHCARE SOLUTIONS,mco_medicaid,PRIMARY,460,36.85,0.08,1699037499,5,61
3498,4,146,22291,17335,99058,Walk-In,HC,59,,,,,0,50,0,21-04-2025,21-04-2025,14-05-2025,13-05-2025,"{""icd_10"": {""1"": ""T78.49XD"", ""2"": ""J30.9"", ""3"": ""R05.1"", ""4"": ""J45.901""}, ""procedures"": {""1"": ""1"", ""2"": ""2"", ""3"": ""3"", ""4"": ""4""}, ""actual_procedures"": {""1"": ""T78.49XD"", ""2"": ""J30.9"", ""3"": ""R05.1"", ""4"": ""J45.901""}}","1: T78.49XD | 2: J30.9
3: R05.1 | 4: J45.901",CO,16,16,,MA63,MA63,,16,,MA63,,ANTHEM BCBS HEALTHCARE SOLUTIONS,mco_medicaid,PRIMARY,460,36.85,0.08,1699037499,5,61
3499,1,147,297851,44891,99214,sick_visit,HC,25,,,,,1,215,110.75,29-04-2025,29-04-2025,14-05-2025,13-05-2025,"{""icd_10"": {""1"": ""R50.9"", ""2"": ""R05.1"", ""3"": ""B34.9"", ""4"": ""R19.7"", ""5"": ""E86.0""}, ""procedures"": {""1"": ""1"", ""2"": ""2"", ""3"": ""4"", ""4"": ""5""}, ""actual_procedures"": {""1"": ""R50.9"", ""2"": ""R05.1"", ""3"": ""R19.7"", ""4"": ""E86.0""}}","1: R50.9 | 2: R05.1
3: R19.7 | 4: E86.0",CO,45,45,,N381,N381,,45,,N381,,ANTHEM BCBS HEALTHCARE SOLUTIONS,mco_medicaid,PRIMARY,355,164.25,0.46,1699037499,0,4
3499,2,148,297851,44891,87880,poc,HC,QW,,,,,1,25,9.92,29-04-2025,29-04-2025,14-05-2025,13-05-2025,"{""icd_10"": {""1"": ""R50.9"", ""2"": ""R05.1"", ""3"": ""B34.9"", ""4"": ""R19.7"", ""5"": ""E86.0""}, ""procedures"": {""1"": ""1"", ""2"": ""2"", ""3"": ""3"", ""4"": ""4""}, ""actual_procedures"": {""1"": ""R50.9"", ""2"": ""R05.1"", ""3"": ""B34.9"", ""4"": ""R19.7""}}","1: R50.9 | 2: R05.1
3: B34.9 | 4: R19.7",CO,45,45,,N381,N381,,45,,N381,,ANTHEM BCBS HEALTHCARE SOLUTIONS,mco_medicaid,PRIMARY,355,164.25,0.46,1699037499,0,4
3499,3,149,297851,44891,99058,Walk-In,HC,59,,,,,1,50,20.67,29-04-2025,29-04-2025,14-05-2025,13-05-2025,"{""icd_10"": {""1"": ""R50.9"", ""2"": ""R05.1"", ""3"": ""B34.9"", ""4"": ""R19.7"", ""5"": ""E86.0""}, ""procedures"": {""1"": ""1"", ""2"": ""2"", ""3"": ""4"", ""4"": ""5""}, ""actual_procedures"": {""1"": ""R50.9"", ""2"": ""R05.1"", ""3"": ""R19.7"", ""4"": ""E86.0""}}","1: R50.9 | 2: R05.1
3: R19.7 | 4: E86.0",CO,45,45,,N381,N381,,45,,N381,,ANTHEM BCBS HEALTHCARE SOLUTIONS,mco_medicaid,PRIMARY,355,164.25,0.46,1699037499,0,4
3499,4,150,297851,44891,87804,poc,HC,QW,,,,,2,50,19.86,29-04-2025,29-04-2025,14-05-2025,13-05-2025,"{""icd_10"": {""1"": ""R50.9"", ""2"": ""R05.1"", ""3"": ""B34.9"", ""4"": ""R19.7"", ""5"": ""E86.0""}, ""procedures"": {""1"": ""1"", ""2"": ""2"", ""3"": ""3"", ""4"": ""4""}, ""actual_procedures"": {""1"": ""R50.9"", ""2"": ""R05.1"", ""3"": ""B34.9"", ""4"": ""R19.7""}}","1: R50.9 | 2: R05.1
3: B34.9 | 4: R19.7",CO,45,45,,N381,N381,,45,,N381,,ANTHEM BCBS HEALTHCARE SOLUTIONS,mco_medicaid,PRIMARY,355,164.25,0.46,1699037499,0,4
3499,5,151,297851,44891,94760,respiratory,HC,59,,,,,1,15,3.05,29-04-2025,29-04-2025,14-05-2025,13-05-2025,"{""icd_10"": {""1"": ""R50.9"", ""2"": ""R05.1"", ""3"": ""B34.9"", ""4"": ""R19.7"", ""5"": ""E86.0""}, ""procedures"": {""1"": ""1"", ""2"": ""2"", ""3"": ""3"", ""4"": ""4""}, ""actual_procedures"": {""1"": ""R50.9"", ""2"": ""R05.1"", ""3"": ""B34.9"", ""4"": ""R19.7""}}","1: R50.9 | 2: R05.1
3: B34.9 | 4: R19.7",CO,45,45,,N381,N381,,45,,N381,,ANTHEM BCBS HEALTHCARE SOLUTIONS,mco_medicaid,PRIMARY,355,164.25,0.46,1699037499,0,4
3500,1,152,35737,50843,99213,sick_visit,HC,U6,25,,,,1,150,75.16,29-04-2025,29-04-2025,14-05-2025,13-05-2025,"{""icd_10"": {""1"": ""Z00.111"", ""2"": ""R21"", ""3"": ""R10.13""}, ""procedures"": {""1"": ""2"", ""2"": ""3""}, ""actual_procedures"": {""1"": ""R21"", ""2"": ""R10.13""}}",1: R21 | 2: R10.13,CO,45,45,,N381,N381,,45,,N381,,ANTHEM BCBS HEALTHCARE SOLUTIONS,mco_medicaid,PRIMARY,350,177.86,0.51,1699037499,0,0
3500,2,153,35737,50843,99391,well_visit,HC,EP,25,,,,1,200,102.7,29-04-2025,29-04-2025,14-05-2025,13-05-2025,"{""icd_10"": {""1"": ""Z00.111"", ""2"": ""R21"", ""3"": ""R10.13""}, ""procedures"": {""1"": ""1""}, ""actual_procedures"": {""1"": ""Z00.111""}}",1: Z00.111,CO,45,45,,N381,N381,,45,,N381,,ANTHEM BCBS HEALTHCARE SOLUTIONS,mco_medicaid,PRIMARY,350,177.86,0.51,1699037499,0,0
3501,1,154,31868,46974,99213,sick_visit,HC,U6,25,,,,1,150,75.16,17-04-2025,17-04-2025,14-05-2025,13-05-2025,"{""icd_10"": {""1"": ""Z00.129"", ""2"": ""Z71.3"", ""3"": ""Z71.82"", ""4"": ""Z68.52"", ""5"": ""Z29.3"", ""6"": ""T78.40XA"", ""7"": ""R04.0""}, ""procedures"": {""1"": ""6"", ""2"": ""7""}, ""actual_procedures"": {""1"": ""T78.40XA"", ""2"": ""R04.0""}}",1: T78.40XA | 2: R04.0,CO,45,45,,N381,N381,,45,,N381,,ANTHEM BCBS HEALTHCARE SOLUTIONS,mco_medicaid,PRIMARY,420,197.33,0.47,1699037499,6,73
3501,2,155,31868,46974,99393,well_visit,HC,EP,25,,,,1,230,109.25,17-04-2025,17-04-2025,14-05-2025,13-05-2025,"{""icd_10"": {""1"": ""Z00.129"", ""2"": ""Z71.3"", ""3"": ""Z71.82"", ""4"": ""Z68.52"", ""5"": ""Z29.3"", ""6"": ""T78.40XA"", ""7"": ""R04.0""}, ""procedures"": {""1"": ""1"", ""2"": ""2"", ""3"": ""3"", ""4"": ""4""}, ""actual_procedures"": {""1"": ""Z00.129"", ""2"": ""Z71.3"", ""3"": ""Z71.82"", ""4"": ""Z68.52""}}","1: Z00.129 | 2: Z71.3
3: Z71.82 | 4: Z68.52",CO,45,45,,N381,N381,,45,,N381,,ANTHEM BCBS HEALTHCARE SOLUTIONS,mco_medicaid,PRIMARY,420,197.33,0.47,1699037499,6,73
3501,3,156,31868,46974,99188,procedure,HC,,,,,,1,40,12.92,17-04-2025,17-04-2025,14-05-2025,13-05-2025,"{""icd_10"": {""1"": ""Z00.129"", ""2"": ""Z71.3"", ""3"": ""Z71.82"", ""4"": ""Z68.52"", ""5"": ""Z29.3"", ""6"": ""T78.40XA"", ""7"": ""R04.0""}, ""procedures"": {""1"": ""5""}, ""actual_procedures"": {""1"": ""Z29.3""}}",1: Z29.3,CO,45,45,,N381,N381,,45,,N381,,ANTHEM BCBS HEALTHCARE SOLUTIONS,mco_medicaid,PRIMARY,420,197.33,0.47,1699037499,6,73
3502,1,157,3164122,46747,99204,sick_visit,HC,25,,,,,1,320,170.64,29-04-2025,29-04-2025,14-05-2025,13-05-2025,"{""icd_10"": {""1"": ""R55"", ""2"": ""R42"", ""3"": ""G44.1"", ""4"": ""M54.2""}, ""procedures"": {""1"": ""1"", ""2"": ""2"", ""3"": ""3"", ""4"": ""4""}, ""actual_procedures"": {""1"": ""R55"", ""2"": ""R42"", ""3"": ""G44.1"", ""4"": ""M54.2""}}","1: R55 | 2: R42
3: G44.1 | 4: M54.2",CO,45,45,,N381,N381,,45,,N381,,ANTHEM BCBS HEALTHCARE SOLUTIONS,mco_medicaid,PRIMARY,386.72,194.82,0.5,1699037499,9,109
3502,2,158,3164122,46747,81002,poc,HC,,,,,,1,3.5,2.09,29-04-2025,29-04-2025,14-05-2025,13-05-2025,"{""icd_10"": {""1"": ""R55"", ""2"": ""R42"", ""3"": ""G44.1"", ""4"": ""M54.2""}, ""procedures"": {""1"": ""1"", ""2"": ""2"", ""3"": ""3"", ""4"": ""4""}, ""actual_procedures"": {""1"": ""R55"", ""2"": ""R42"", ""3"": ""G44.1"", ""4"": ""M54.2""}}","1: R55 | 2: R42
3: G44.1 | 4: M54.2",CO,45,45,,N381,N381,,45,,N381,,ANTHEM BCBS HEALTHCARE SOLUTIONS,mco_medicaid,PRIMARY,386.72,194.82,0.5,1699037499,9,109
3502,3,159,3164122,46747,85018,poc,HC,QW,,,,,1,3.24,1.42,29-04-2025,29-04-2025,14-05-2025,13-05-2025,"{""icd_10"": {""1"": ""R55"", ""2"": ""R42"", ""3"": ""G44.1"", ""4"": ""M54.2""}, ""procedures"": {""1"": ""1"", ""2"": ""2"", ""3"": ""3"", ""4"": ""4""}, ""actual_procedures"": {""1"": ""R55"", ""2"": ""R42"", ""3"": ""G44.1"", ""4"": ""M54.2""}}","1: R55 | 2: R42
3: G44.1 | 4: M54.2",CO,45,45,,N381,N381,,45,,N381,,ANTHEM BCBS HEALTHCARE SOLUTIONS,mco_medicaid,PRIMARY,386.72,194.82,0.5,1699037499,9,109
3502,4,160,3164122,46747,36416,poc,HC,,,,,,0,9.98,0,29-04-2025,29-04-2025,14-05-2025,13-05-2025,"{""icd_10"": {""1"": ""R55"", ""2"": ""R42"", ""3"": ""G44.1"", ""4"": ""M54.2""}, ""procedures"": {""1"": ""1"", ""2"": ""2"", ""3"": ""3"", ""4"": ""4""}, ""actual_procedures"": {""1"": ""R55"", ""2"": ""R42"", ""3"": ""G44.1"", ""4"": ""M54.2""}}","1: R55 | 2: R42
3: G44.1 | 4: M54.2",CO,97,97,,N19,N19,,97,,N19,,ANTHEM BCBS HEALTHCARE SOLUTIONS,mco_medicaid,PRIMARY,386.72,194.82,0.5,1699037499,9,109
3502,5,161,3164122,46747,99058,Walk-In,HC,59,,,,,1,50,20.67,29-04-2025,29-04-2025,14-05-2025,13-05-2025,"{""icd_10"": {""1"": ""R55"", ""2"": ""R42"", ""3"": ""G44.1"", ""4"": ""M54.2""}, ""procedures"": {""1"": ""1"", ""2"": ""2"", ""3"": ""3"", ""4"": ""4""}, ""actual_procedures"": {""1"": ""R55"", ""2"": ""R42"", ""3"": ""G44.1"", ""4"": ""M54.2""}}","1: R55 | 2: R42
3: G44.1 | 4: M54.2",CO,45,45,,N381,N381,,45,,N381,,ANTHEM BCBS HEALTHCARE SOLUTIONS,mco_medicaid,PRIMARY,386.72,194.82,0.5,1699037499,9,109
3503,1,162,35645,50751,99213,sick_visit,HC,U6,25,,,,0,150,0,14-04-2025,14-04-2025,14-05-2025,13-05-2025,"{""icd_10"": {""1"": ""Z00.129"", ""2"": ""Z71.3"", ""3"": ""Z71.82"", ""4"": ""Z68.51"", ""5"": ""Z29.3"", ""6"": ""D18.01""}, ""procedures"": {""1"": ""6""}, ""actual_procedures"": {""1"": ""D18.01""}}",1: D18.01,CO,16,16,,M76,M76,,16,,M76,,ANTHEM BCBS HEALTHCARE SOLUTIONS,mco_medicaid,PRIMARY,450,136.86,0.3,1699037499,5,66
3503,2,163,35645,50751,99383,well_visit,HC,EP,25,,,,1,260,123.94,14-04-2025,14-04-2025,14-05-2025,13-05-2025,"{""icd_10"": {""1"": ""Z00.129"", ""2"": ""Z71.3"", ""3"": ""Z71.82"", ""4"": ""Z68.51"", ""5"": ""Z29.3"", ""6"": ""D18.01""}, ""procedures"": {""1"": ""1"", ""2"": ""2"", ""3"": ""3"", ""4"": ""4""}, ""actual_procedures"": {""1"": ""Z00.129"", ""2"": ""Z71.3"", ""3"": ""Z71.82"", ""4"": ""Z68.51""}}","1: Z00.129 | 2: Z71.3
3: Z71.82 | 4: Z68.51",CO,45,45,,N381,N381,,45,,N381,,ANTHEM BCBS HEALTHCARE SOLUTIONS,mco_medicaid,PRIMARY,450,136.86,0.3,1699037499,5,66
3503,3,164,35645,50751,99188,procedure,HC,,,,,,1,40,12.92,14-04-2025,14-04-2025,14-05-2025,13-05-2025,"{""icd_10"": {""1"": ""Z00.129"", ""2"": ""Z71.3"", ""3"": ""Z71.82"", ""4"": ""Z68.51"", ""5"": ""Z29.3"", ""6"": ""D18.01""}, ""procedures"": {""1"": ""5""}, ""actual_procedures"": {""1"": ""Z29.3""}}",1: Z29.3,CO,45,45,,N381,N381,,45,,N381,,ANTHEM BCBS HEALTHCARE SOLUTIONS,mco_medicaid,PRIMARY,450,136.86,0.3,1699037499,5,66
3504,1,165,2041,17147,99203,sick_visit,HC,25,,,,,0,220,0,21-04-2025,21-04-2025,14-05-2025,13-05-2025,,,CO,B16,B16,,,,,B16,,,,ANTHEM BCBS HEALTHCARE SOLUTIONS,mco_medicaid,PRIMARY,270,20.67,0.08,1699037499,11,139
3504,2,166,2041,17147,99058,Walk-In,HC,59,,,,,1,50,20.67,21-04-2025,21-04-2025,14-05-2025,13-05-2025,"{""icd_10"": {""1"": ""R42"", ""2"": ""F32.A"", ""3"": ""K21.00""}, ""procedures"": {""1"": ""1"", ""2"": ""2"", ""3"": ""3""}, ""actual_procedures"": {""1"": ""R42"", ""2"": ""F32.A"", ""3"": ""K21.00""}}","1: R42 | 2: F32.A
3: K21.00",CO,45,45,,N381,N381,,45,,N381,,ANTHEM BCBS HEALTHCARE SOLUTIONS,mco_medicaid,PRIMARY,270,20.67,0.08,1699037499,11,139
3505,1,167,32980,48086,99214,sick_visit,HC,,,,,,1,215,110.75,14-04-2025,14-04-2025,14-05-2025,13-05-2025,"{""icd_10"": {""1"": ""J30.2"", ""2"": ""H10.45"", ""3"": ""E66.9"", ""4"": ""R11.10""}, ""procedures"": {""1"": ""1"", ""2"": ""2"", ""3"": ""3"", ""4"": ""4""}, ""actual_procedures"": {""1"": ""J30.2"", ""2"": ""H10.45"", ""3"": ""E66.9"", ""4"": ""R11.10""}}","1: J30.2 | 2: H10.45
3: E66.9 | 4: R11.10",CO,45,45,,N381,N381,,45,,N381,,ANTHEM BCBS HEALTHCARE SOLUTIONS,mco_medicaid,PRIMARY,215,110.75,0.52,1699037499,6,83
3506,1,168,31603,46709,99213,sick_visit,HC,U6,25,,,,1,150,75.16,23-04-2025,23-04-2025,14-05-2025,13-05-2025,"{""icd_10"": {""1"": ""Z00.129"", ""2"": ""Z71.3"", ""3"": ""Z71.82"", ""4"": ""Z68.53"", ""5"": ""J02.0"", ""6"": ""R50.9""}, ""procedures"": {""1"": ""5"", ""2"": ""6""}, ""actual_procedures"": {""1"": ""J02.0"", ""2"": ""R50.9""}}",1: J02.0 | 2: R50.9,CO,45,45,,N381,N381,,45,,N381,,ANTHEM BCBS HEALTHCARE SOLUTIONS,mco_medicaid,PRIMARY,500,231.93,0.46,1699037499,9,108
3506,2,169,31603,46709,99383,well_visit,HC,EP,25,,,,1,260,123.94,23-04-2025,23-04-2025,14-05-2025,13-05-2025,"{""icd_10"": {""1"": ""Z00.129"", ""2"": ""Z71.3"", ""3"": ""Z71.82"", ""4"": ""Z68.53"", ""5"": ""J02.0"", ""6"": ""R50.9""}, ""procedures"": {""1"": ""1"", ""2"": ""2"", ""3"": ""3"", ""4"": ""4""}, ""actual_procedures"": {""1"": ""Z00.129"", ""2"": ""Z71.3"", ""3"": ""Z71.82"", ""4"": ""Z68.53""}}","1: Z00.129 | 2: Z71.3
3: Z71.82 | 4: Z68.53",CO,45,45,,N381,N381,,45,,N381,,ANTHEM BCBS HEALTHCARE SOLUTIONS,mco_medicaid,PRIMARY,500,231.93,0.46,1699037499,9,108
3506,3,170,31603,46709,87880,poc,HC,QW,,,,,1,25,9.92,23-04-2025,23-04-2025,14-05-2025,13-05-2025,"{""icd_10"": {""1"": ""Z00.129"", ""2"": ""Z71.3"", ""3"": ""Z71.82"", ""4"": ""Z68.53"", ""5"": ""J02.0"", ""6"": ""R50.9""}, ""procedures"": {""1"": ""5"", ""2"": ""6""}, ""actual_procedures"": {""1"": ""J02.0"", ""2"": ""R50.9""}}",1: J02.0 | 2: R50.9,CO,45,45,,N381,N381,,45,,N381,,ANTHEM BCBS HEALTHCARE SOLUTIONS,mco_medicaid,PRIMARY,500,231.93,0.46,1699037499,9,108
3506,4,171,31603,46709,87804,poc,HC,QW,,,,,2,50,19.86,23-04-2025,23-04-2025,14-05-2025,13-05-2025,"{""icd_10"": {""1"": ""Z00.129"", ""2"": ""Z71.3"", ""3"": ""Z71.82"", ""4"": ""Z68.53"", ""5"": ""J02.0"", ""6"": ""R50.9""}, ""procedures"": {""1"": ""5"", ""2"": ""6""}, ""actual_procedures"": {""1"": ""J02.0"", ""2"": ""R50.9""}}",1: J02.0 | 2: R50.9,CO,45,45,,N381,N381,,45,,N381,,ANTHEM BCBS HEALTHCARE SOLUTIONS,mco_medicaid,PRIMARY,500,231.93,0.46,1699037499,9,108
3506,5,172,31603,46709,94760,respiratory,HC,59,,,,,1,15,3.05,23-04-2025,23-04-2025,14-05-2025,13-05-2025,"{""icd_10"": {""1"": ""Z00.129"", ""2"": ""Z71.3"", ""3"": ""Z71.82"", ""4"": ""Z68.53"", ""5"": ""J02.0"", ""6"": ""R50.9""}, ""procedures"": {""1"": ""5""}, ""actual_procedures"": {""1"": ""J02.0""}}",1: J02.0,CO,45,45,,N381,N381,,45,,N381,,ANTHEM BCBS HEALTHCARE SOLUTIONS,mco_medicaid,PRIMARY,500,231.93,0.46,1699037499,9,108
3507,1,173,31853,46959,99213,sick_visit,HC,25,,,,,1,150,75.16,14-04-2025,14-04-2025,14-05-2025,13-05-2025,"{""icd_10"": {""1"": ""R50.9"", ""2"": ""R05.1"", ""3"": ""J00""}, ""procedures"": {""1"": ""1"", ""2"": ""2"", ""3"": ""3""}, ""actual_procedures"": {""1"": ""R50.9"", ""2"": ""R05.1"", ""3"": ""J00""}}","1: R50.9 | 2: R05.1
3: J00",CO,45,45,,N381,N381,,45,,N381,,ANTHEM BCBS HEALTHCARE SOLUTIONS,mco_medicaid,PRIMARY,190,88.13,0.46,1699037499,5,67
3507,2,174,31853,46959,87880,poc,HC,QW,,,,,1,25,9.92,14-04-2025,14-04-2025,14-05-2025,13-05-2025,"{""icd_10"": {""1"": ""R50.9"", ""2"": ""R05.1"", ""3"": ""J00""}, ""procedures"": {""1"": ""1"", ""2"": ""2"", ""3"": ""3""}, ""actual_procedures"": {""1"": ""R50.9"", ""2"": ""R05.1"", ""3"": ""J00""}}","1: R50.9 | 2: R05.1
3: J00",CO,45,45,,N381,N381,,45,,N381,,ANTHEM BCBS HEALTHCARE SOLUTIONS,mco_medicaid,PRIMARY,190,88.13,0.46,1699037499,5,67
3507,3,175,31853,46959,94760,respiratory,HC,59,,,,,1,15,3.05,14-04-2025,14-04-2025,14-05-2025,13-05-2025,"{""icd_10"": {""1"": ""R50.9"", ""2"": ""R05.1"", ""3"": ""J00""}, ""procedures"": {""1"": ""1"", ""2"": ""2"", ""3"": ""3""}, ""actual_procedures"": {""1"": ""R50.9"", ""2"": ""R05.1"", ""3"": ""J00""}}","1: R50.9 | 2: R05.1
3: J00",CO,45,45,,N381,N381,,45,,N381,,ANTHEM BCBS HEALTHCARE SOLUTIONS,mco_medicaid,PRIMARY,190,88.13,0.46,1699037499,5,67
3508,1,176,11524032125,26630,99203,sick_visit,HC,25,,,,,1,220,111.34,29-04-2025,29-04-2025,14-05-2025,13-05-2025,"{""icd_10"": {""1"": ""H92.01"", ""2"": ""H10.9""}, ""procedures"": {""1"": ""1"", ""2"": ""2""}, ""actual_procedures"": {""1"": ""H92.01"", ""2"": ""H10.9""}}",1: H92.01 | 2: H10.9,CO,45,45,,N381,N381,,45,,N381,,ANTHEM BCBS HEALTHCARE SOLUTIONS,mco_medicaid,PRIMARY,295.7,145.5,0.49,1699037499,8,103
3508,2,177,11524032125,26630,92567,diagnostic,HC,,,,,,1,25.7,13.49,29-04-2025,29-04-2025,14-05-2025,13-05-2025,"{""icd_10"": {""1"": ""H92.01"", ""2"": ""H10.9""}, ""procedures"": {""1"": ""1""}, ""actual_procedures"": {""1"": ""H92.01""}}",1: H92.01,CO,45,45,,N381,N381,,45,,N381,,ANTHEM BCBS HEALTHCARE SOLUTIONS,mco_medicaid,PRIMARY,295.7,145.5,0.49,1699037499,8,103
3508,3,178,11524032125,26630,99058,Walk-In,HC,59,,,,,1,50,20.67,29-04-2025,29-04-2025,14-05-2025,13-05-2025,"{""icd_10"": {""1"": ""H92.01"", ""2"": ""H10.9""}, ""procedures"": {""1"": ""1"", ""2"": ""2""}, ""actual_procedures"": {""1"": ""H92.01"", ""2"": ""H10.9""}}",1: H92.01 | 2: H10.9,CO,45,45,,N381,N381,,45,,N381,,ANTHEM BCBS HEALTHCARE SOLUTIONS,mco_medicaid,PRIMARY,295.7,145.5,0.49,1699037499,8,103
3509,1,179,29811,44917,99203,sick_visit,HC,25,,,,,1,220,111.34,18-04-2025,18-04-2025,14-05-2025,13-05-2025,"{""icd_10"": {""1"": ""J21.8"", ""2"": ""R05.9""}, ""procedures"": {""1"": ""1"", ""2"": ""2""}, ""actual_procedures"": {""1"": ""J21.8"", ""2"": ""R05.9""}}",1: J21.8 | 2: R05.9,CO,45,45,,N381,N381,,45,,N381,,ANTHEM BCBS HEALTHCARE SOLUTIONS,mco_medicaid,PRIMARY,260,122.25,0.47,1699037499,1,18
3509,2,180,29811,44917,87807,poc,HC,QW,,,,,1,25,7.86,18-04-2025,18-04-2025,14-05-2025,13-05-2025,"{""icd_10"": {""1"": ""J21.8"", ""2"": ""R05.9""}, ""procedures"": {""1"": ""1"", ""2"": ""2""}, ""actual_procedures"": {""1"": ""J21.8"", ""2"": ""R05.9""}}",1: J21.8 | 2: R05.9,CO,45,45,,N381,N381,,45,,N381,,ANTHEM BCBS HEALTHCARE SOLUTIONS,mco_medicaid,PRIMARY,260,122.25,0.47,1699037499,1,18
3509,3,181,29811,44917,94760,respiratory,HC,59,,,,,1,15,3.05,18-04-2025,18-04-2025,14-05-2025,13-05-2025,"{""icd_10"": {""1"": ""J21.8"", ""2"": ""R05.9""}, ""procedures"": {""1"": ""1"", ""2"": ""2""}, ""actual_procedures"": {""1"": ""J21.8"", ""2"": ""R05.9""}}",1: J21.8 | 2: R05.9,CO,45,45,,N381,N381,,45,,N381,,ANTHEM BCBS HEALTHCARE SOLUTIONS,mco_medicaid,PRIMARY,260,122.25,0.47,1699037499,1,18
3510,1,182,35746,50852,99212,,HC,U6,25,,,,1,95,45.14,18-04-2025,18-04-2025,14-05-2025,13-05-2025,"{""icd_10"": {""1"": ""Z00.110"", ""2"": ""H04.539"", ""3"": ""Z13.228""}, ""procedures"": {""1"": ""2""}, ""actual_procedures"": {""1"": ""H04.539""}}",1: H04.539,CO,45,45,,N381,N381,,45,,N381,,ANTHEM BCBS HEALTHCARE SOLUTIONS,mco_medicaid,PRIMARY,330,147.84,0.45,1699037499,0,0
3510,2,183,35746,50852,99391,well_visit,HC,EP,25,,,,1,200,102.7,18-04-2025,18-04-2025,14-05-2025,13-05-2025,"{""icd_10"": {""1"": ""Z00.110"", ""2"": ""H04.539"", ""3"": ""Z13.228""}, ""procedures"": {""1"": ""1""}, ""actual_procedures"": {""1"": ""Z00.110""}}",1: Z00.110,CO,45,45,,N381,N381,,45,,N381,,ANTHEM BCBS HEALTHCARE SOLUTIONS,mco_medicaid,PRIMARY,330,147.84,0.45,1699037499,0,0
3510,3,184,35746,50852,84030,diagnostic,HC,,,,,,0,25,0,18-04-2025,18-04-2025,14-05-2025,13-05-2025,"{""icd_10"": {""1"": ""Z00.110"", ""2"": ""H04.539"", ""3"": ""Z13.228""}, ""procedures"": {""1"": ""3""}, ""actual_procedures"": {""1"": ""Z13.228""}}",1: Z13.228,CO,16,16,,MA120,MA120,,16,,MA120,,ANTHEM BCBS HEALTHCARE SOLUTIONS,mco_medicaid,PRIMARY,330,147.84,0.45,1699037499,0,0
3510,4,185,35746,50852,36416,poc,HC,,,,,,0,10,0,18-04-2025,18-04-2025,14-05-2025,13-05-2025,"{""icd_10"": {""1"": ""Z00.110"", ""2"": ""H04.539"", ""3"": ""Z13.228""}, ""procedures"": {""1"": ""3""}, ""actual_procedures"": {""1"": ""Z13.228""}}",1: Z13.228,CO,97,97,,N19,N19,,97,,N19,,ANTHEM BCBS HEALTHCARE SOLUTIONS,mco_medicaid,PRIMARY,330,147.84,0.45,1699037499,0,0
3511,1,186,1152211,26628,99204,sick_visit,HC,25,,,,,1,320,170.64,21-04-2025,21-04-2025,14-05-2025,13-05-2025,"{""icd_10"": {""1"": ""B34.9"", ""2"": ""M79.10"", ""3"": ""R50.9"", ""4"": ""R09.81"", ""5"": ""R11.2"", ""6"": ""H92.03"", ""7"": ""H65.03""}, ""procedures"": {""1"": ""1"", ""2"": ""2"", ""3"": ""3"", ""4"": ""4""}, ""actual_procedures"": {""1"": ""B34.9"", ""2"": ""M79.10"", ""3"": ""R50.9"", ""4"": ""R09.81""}}","1: B34.9 | 2: M79.10
3: R50.9 | 4: R09.81",CO,45,45,,N381,N381,,45,,N381,,ANTHEM BCBS HEALTHCARE SOLUTIONS,mco_medicaid,PRIMARY,485.7,237.63,0.49,1699037499,2,28
3511,2,187,1152211,26628,92567,diagnostic,HC,,,,,,1,25.7,13.49,21-04-2025,21-04-2025,14-05-2025,13-05-2025,"{""icd_10"": {""1"": ""B34.9"", ""2"": ""M79.10"", ""3"": ""R50.9"", ""4"": ""R09.81"", ""5"": ""R11.2"", ""6"": ""H92.03"", ""7"": ""H65.03""}, ""procedures"": {""1"": ""6"", ""2"": ""7""}, ""actual_procedures"": {""1"": ""H92.03"", ""2"": ""H65.03""}}",1: H92.03 | 2: H65.03,CO,45,45,,N381,N381,,45,,N381,,ANTHEM BCBS HEALTHCARE SOLUTIONS,mco_medicaid,PRIMARY,485.7,237.63,0.49,1699037499,2,28
3511,3,188,1152211,26628,87880,poc,HC,QW,,,,,1,25,9.92,21-04-2025,21-04-2025,14-05-2025,13-05-2025,"{""icd_10"": {""1"": ""B34.9"", ""2"": ""M79.10"", ""3"": ""R50.9"", ""4"": ""R09.81"", ""5"": ""R11.2"", ""6"": ""H92.03"", ""7"": ""H65.03""}, ""procedures"": {""1"": ""1"", ""2"": ""2"", ""3"": ""3"", ""4"": ""4""}, ""actual_procedures"": {""1"": ""B34.9"", ""2"": ""M79.10"", ""3"": ""R50.9"", ""4"": ""R09.81""}}","1: B34.9 | 2: M79.10
3: R50.9 | 4: R09.81",CO,45,45,,N381,N381,,45,,N381,,ANTHEM BCBS HEALTHCARE SOLUTIONS,mco_medicaid,PRIMARY,485.7,237.63,0.49,1699037499,2,28
3511,4,189,1152211,26628,99058,Walk-In,HC,59,,,,,1,50,20.67,21-04-2025,21-04-2025,14-05-2025,13-05-2025,"{""icd_10"": {""1"": ""B34.9"", ""2"": ""M79.10"", ""3"": ""R50.9"", ""4"": ""R09.81"", ""5"": ""R11.2"", ""6"": ""H92.03"", ""7"": ""H65.03""}, ""procedures"": {""1"": ""1"", ""2"": ""2"", ""3"": ""3"", ""4"": ""4""}, ""actual_procedures"": {""1"": ""B34.9"", ""2"": ""M79.10"", ""3"": ""R50.9"", ""4"": ""R09.81""}}","1: B34.9 | 2: M79.10
3: R50.9 | 4: R09.81",CO,45,45,,N381,N381,,45,,N381,,ANTHEM BCBS HEALTHCARE SOLUTIONS,mco_medicaid,PRIMARY,485.7,237.63,0.49,1699037499,2,28
3511,5,190,1152211,26628,87804,poc,HC,QW,,,,,2,50,19.86,21-04-2025,21-04-2025,14-05-2025,13-05-2025,"{""icd_10"": {""1"": ""B34.9"", ""2"": ""M79.10"", ""3"": ""R50.9"", ""4"": ""R09.81"", ""5"": ""R11.2"", ""6"": ""H92.03"", ""7"": ""H65.03""}, ""procedures"": {""1"": ""1"", ""2"": ""2"", ""3"": ""3"", ""4"": ""5""}, ""actual_procedures"": {""1"": ""B34.9"", ""2"": ""M79.10"", ""3"": ""R50.9"", ""4"": ""R11.2""}}","1: B34.9 | 2: M79.10
3: R50.9 | 4: R11.2",CO,45,45,,N381,N381,,45,,N381,,ANTHEM BCBS HEALTHCARE SOLUTIONS,mco_medicaid,PRIMARY,485.7,237.63,0.49,1699037499,2,28
3511,6,191,1152211,26628,94760,respiratory,HC,59,,,,,1,15,3.05,21-04-2025,21-04-2025,14-05-2025,13-05-2025,"{""icd_10"": {""1"": ""B34.9"", ""2"": ""M79.10"", ""3"": ""R50.9"", ""4"": ""R09.81"", ""5"": ""R11.2"", ""6"": ""H92.03"", ""7"": ""H65.03""}, ""procedures"": {""1"": ""1"", ""2"": ""4""}, ""actual_procedures"": {""1"": ""B34.9"", ""2"": ""R09.81""}}",1: B34.9 | 2: R09.81,CO,45,45,,N381,N381,,45,,N381,,ANTHEM BCBS HEALTHCARE SOLUTIONS,mco_medicaid,PRIMARY,485.7,237.63,0.49,1699037499,2,28
3512,1,192,31594,46700,99204,sick_visit,HC,25,,,,,1,320,170.64,24-04-2025,24-04-2025,14-05-2025,13-05-2025,"{""icd_10"": {""1"": ""B34.9"", ""2"": ""M79.10"", ""3"": ""R50.9"", ""4"": ""R09.81"", ""5"": ""R35.1""}, ""procedures"": {""1"": ""1"", ""2"": ""2"", ""3"": ""3"", ""4"": ""5""}, ""actual_procedures"": {""1"": ""B34.9"", ""2"": ""M79.10"", ""3"": ""R50.9"", ""4"": ""R35.1""}}","1: B34.9 | 2: M79.10
3: R50.9 | 4: R35.1",CO,45,45,,N381,N381,,45,,N381,,ANTHEM BCBS HEALTHCARE SOLUTIONS,mco_medicaid,PRIMARY,460,224.14,0.49,1699037499,9,114
3512,2,193,31594,46700,87880,poc,HC,QW,,,,,1,25,9.92,24-04-2025,24-04-2025,14-05-2025,13-05-2025,"{""icd_10"": {""1"": ""B34.9"", ""2"": ""M79.10"", ""3"": ""R50.9"", ""4"": ""R09.81"", ""5"": ""R35.1""}, ""procedures"": {""1"": ""1"", ""2"": ""2"", ""3"": ""3"", ""4"": ""4""}, ""actual_procedures"": {""1"": ""B34.9"", ""2"": ""M79.10"", ""3"": ""R50.9"", ""4"": ""R09.81""}}","1: B34.9 | 2: M79.10
3: R50.9 | 4: R09.81",CO,45,45,,N381,N381,,45,,N381,,ANTHEM BCBS HEALTHCARE SOLUTIONS,mco_medicaid,PRIMARY,460,224.14,0.49,1699037499,9,114
3512,3,194,31594,46700,87804,poc,HC,QW,,,,,2,50,19.86,24-04-2025,24-04-2025,14-05-2025,13-05-2025,"{""icd_10"": {""1"": ""B34.9"", ""2"": ""M79.10"", ""3"": ""R50.9"", ""4"": ""R09.81"", ""5"": ""R35.1""}, ""procedures"": {""1"": ""1"", ""2"": ""2"", ""3"": ""3"", ""4"": ""4""}, ""actual_procedures"": {""1"": ""B34.9"", ""2"": ""M79.10"", ""3"": ""R50.9"", ""4"": ""R09.81""}}","1: B34.9 | 2: M79.10
3: R50.9 | 4: R09.81",CO,45,45,,N381,N381,,45,,N381,,ANTHEM BCBS HEALTHCARE SOLUTIONS,mco_medicaid,PRIMARY,460,224.14,0.49,1699037499,9,114
3512,4,195,31594,46700,94760,respiratory,HC,59,,,,,1,15,3.05,24-04-2025,24-04-2025,14-05-2025,13-05-2025,"{""icd_10"": {""1"": ""B34.9"", ""2"": ""M79.10"", ""3"": ""R50.9"", ""4"": ""R09.81"", ""5"": ""R35.1""}, ""procedures"": {""1"": ""1"", ""2"": ""3"", ""3"": ""4""}, ""actual_procedures"": {""1"": ""B34.9"", ""2"": ""R50.9"", ""3"": ""R09.81""}}","1: B34.9 | 2: R50.9
3: R09.81",CO,45,45,,N381,N381,,45,,N381,,ANTHEM BCBS HEALTHCARE SOLUTIONS,mco_medicaid,PRIMARY,460,224.14,0.49,1699037499,9,114
3512,5,196,31594,46700,99058,Walk-In,HC,59,,,,,1,50,20.67,24-04-2025,24-04-2025,14-05-2025,13-05-2025,"{""icd_10"": {""1"": ""B34.9"", ""2"": ""M79.10"", ""3"": ""R50.9"", ""4"": ""R09.81"", ""5"": ""R35.1""}, ""procedures"": {""1"": ""1"", ""2"": ""2"", ""3"": ""3"", ""4"": ""4""}, ""actual_procedures"": {""1"": ""B34.9"", ""2"": ""M79.10"", ""3"": ""R50.9"", ""4"": ""R09.81""}}","1: B34.9 | 2: M79.10
3: R50.9 | 4: R09.81",CO,45,45,,N381,N381,,45,,N381,,ANTHEM BCBS HEALTHCARE SOLUTIONS,mco_medicaid,PRIMARY,460,224.14,0.49,1699037499,9,114
3513,1,197,31637323,46743,99213,sick_visit,HC,U6,25,,,,1,150,75.16,17-04-2025,17-04-2025,14-05-2025,13-05-2025,"{""icd_10"": {""1"": ""Z00.129"", ""2"": ""Z71.3"", ""3"": ""Z71.82"", ""4"": ""Z68.53"", ""5"": ""Z29.3"", ""6"": ""T78.40XA"", ""7"": ""R04.0""}, ""procedures"": {""1"": ""6"", ""2"": ""7""}, ""actual_procedures"": {""1"": ""T78.40XA"", ""2"": ""R04.0""}}",1: T78.40XA | 2: R04.0,CO,45,45,,N381,N381,,45,,N381,,ANTHEM BCBS HEALTHCARE SOLUTIONS,mco_medicaid,PRIMARY,420,197.33,0.47,1699037499,10,123
3513,2,198,31637323,46743,99393,well_visit,HC,EP,25,,,,1,230,109.25,17-04-2025,17-04-2025,14-05-2025,13-05-2025,"{""icd_10"": {""1"": ""Z00.129"", ""2"": ""Z71.3"", ""3"": ""Z71.82"", ""4"": ""Z68.53"", ""5"": ""Z29.3"", ""6"": ""T78.40XA"", ""7"": ""R04.0""}, ""procedures"": {""1"": ""1"", ""2"": ""2"", ""3"": ""3"", ""4"": ""4""}, ""actual_procedures"": {""1"": ""Z00.129"", ""2"": ""Z71.3"", ""3"": ""Z71.82"", ""4"": ""Z68.53""}}","1: Z00.129 | 2: Z71.3
3: Z71.82 | 4: Z68.53",CO,45,45,,N381,N381,,45,,N381,,ANTHEM BCBS HEALTHCARE SOLUTIONS,mco_medicaid,PRIMARY,420,197.33,0.47,1699037499,10,123
3513,3,199,31637323,46743,99188,procedure,HC,,,,,,1,40,12.92,17-04-2025,17-04-2025,14-05-2025,13-05-2025,"{""icd_10"": {""1"": ""Z00.129"", ""2"": ""Z71.3"", ""3"": ""Z71.82"", ""4"": ""Z68.53"", ""5"": ""Z29.3"", ""6"": ""T78.40XA"", ""7"": ""R04.0""}, ""procedures"": {""1"": ""5""}, ""actual_procedures"": {""1"": ""Z29.3""}}",1: Z29.3,CO,45,45,,N381,N381,,45,,N381,,ANTHEM BCBS HEALTHCARE SOLUTIONS,mco_medicaid,PRIMARY,420,197.33,0.47,1699037499,10,123
3514,1,200,31254,46360,99213,sick_visit,HC,U6,25,,,,1,150,75.16,21-04-2025,21-04-2025,14-05-2025,13-05-2025,"{""icd_10"": {""1"": ""Z00.129"", ""2"": ""Z68.53"", ""3"": ""Z71.3"", ""4"": ""Z71.82"", ""5"": ""L70.8"", ""6"": ""M25.511"", ""7"": ""Z30.02"", ""8"": ""Z29.3""}, ""procedures"": {""1"": ""5"", ""2"": ""6""}, ""actual_procedures"": {""1"": ""L70.8"", ""2"": ""M25.511""}}",1: L70.8 | 2: M25.511,CO,45,45,,N381,N381,,45,,N381,,ANTHEM BCBS HEALTHCARE SOLUTIONS,mco_medicaid,PRIMARY,550,264.9,0.48,1699037499,17,212
3514,2,201,31254,46360,99384,well_visit,HC,EP,25,,,,1,285,139.99,21-04-2025,21-04-2025,14-05-2025,13-05-2025,"{""icd_10"": {""1"": ""Z00.129"", ""2"": ""Z68.53"", ""3"": ""Z71.3"", ""4"": ""Z71.82"", ""5"": ""L70.8"", ""6"": ""M25.511"", ""7"": ""Z30.02"", ""8"": ""Z29.3""}, ""procedures"": {""1"": ""1"", ""2"": ""2"", ""3"": ""3"", ""4"": ""4""}, ""actual_procedures"": {""1"": ""Z00.129"", ""2"": ""Z68.53"", ""3"": ""Z71.3"", ""4"": ""Z71.82""}}","1: Z00.129 | 2: Z68.53
3: Z71.3 | 4: Z71.82",CO,45,45,,N381,N381,,45,,N381,,ANTHEM BCBS HEALTHCARE SOLUTIONS,mco_medicaid,PRIMARY,550,264.9,0.48,1699037499,17,212
3514,3,202,31254,46360,99188,procedure,HC,,,,,,1,40,12.92,21-04-2025,21-04-2025,14-05-2025,13-05-2025,"{""icd_10"": {""1"": ""Z00.129"", ""2"": ""Z68.53"", ""3"": ""Z71.3"", ""4"": ""Z71.82"", ""5"": ""L70.8"", ""6"": ""M25.511"", ""7"": ""Z30.02"", ""8"": ""Z29.3""}, ""procedures"": {""1"": ""8""}, ""actual_procedures"": {""1"": ""Z29.3""}}",1: Z29.3,CO,45,45,,N381,N381,,45,,N381,,ANTHEM BCBS HEALTHCARE SOLUTIONS,mco_medicaid,PRIMARY,550,264.9,0.48,1699037499,17,212
3514,4,203,31254,46360,99401,Counseling - Preventive Counseling,HC,FP,25,,,,1,75,36.83,21-04-2025,21-04-2025,14-05-2025,13-05-2025,"{""icd_10"": {""1"": ""Z00.129"", ""2"": ""Z68.53"", ""3"": ""Z71.3"", ""4"": ""Z71.82"", ""5"": ""L70.8"", ""6"": ""M25.511"", ""7"": ""Z30.02"", ""8"": ""Z29.3""}, ""procedures"": {""1"": ""7""}, ""actual_procedures"": {""1"": ""Z30.02""}}",1: Z30.02,CO,45,45,,N381,N381,,45,,N381,,ANTHEM BCBS HEALTHCARE SOLUTIONS,mco_medicaid,PRIMARY,550,264.9,0.48,1699037499,17,212
3515,1,204,23552309,17461,99392,well_visit,HC,EP,25,,,,1,220,109.63,18-04-2025,18-04-2025,14-05-2025,13-05-2025,"{""icd_10"": {""1"": ""Z00.129"", ""2"": ""Z71.3"", ""3"": ""Z71.82"", ""4"": ""Z68.52"", ""5"": ""J45.20"", ""6"": ""Z29.3""}, ""procedures"": {""1"": ""1"", ""2"": ""2"", ""3"": ""3"", ""4"": ""4""}, ""actual_procedures"": {""1"": ""Z00.129"", ""2"": ""Z71.3"", ""3"": ""Z71.82"", ""4"": ""Z68.52""}}","1: Z00.129 | 2: Z71.3
3: Z71.82 | 4: Z68.52",CO,45,45,,N381,N381,,45,,N381,,ANTHEM BCBS HEALTHCARE SOLUTIONS,mco_medicaid,PRIMARY,410,197.71,0.48,1699037499,4,55
3515,2,205,23552309,17461,99213,sick_visit,HC,U6,25,,,,1,150,75.16,18-04-2025,18-04-2025,14-05-2025,13-05-2025,"{""icd_10"": {""1"": ""Z00.129"", ""2"": ""Z71.3"", ""3"": ""Z71.82"", ""4"": ""Z68.52"", ""5"": ""J45.20"", ""6"": ""Z29.3""}, ""procedures"": {""1"": ""5""}, ""actual_procedures"": {""1"": ""J45.20""}}",1: J45.20,CO,45,45,,N381,N381,,45,,N381,,ANTHEM BCBS HEALTHCARE SOLUTIONS,mco_medicaid,PRIMARY,410,197.71,0.48,1699037499,4,55
3515,3,206,23552309,17461,99188,procedure,HC,,,,,,1,40,12.92,18-04-2025,18-04-2025,14-05-2025,13-05-2025,"{""icd_10"": {""1"": ""Z00.129"", ""2"": ""Z71.3"", ""3"": ""Z71.82"", ""4"": ""Z68.52"", ""5"": ""J45.20"", ""6"": ""Z29.3""}, ""procedures"": {""1"": ""6""}, ""actual_procedures"": {""1"": ""Z29.3""}}",1: Z29.3,CO,45,45,,N381,N381,,45,,N381,,ANTHEM BCBS HEALTHCARE SOLUTIONS,mco_medicaid,PRIMARY,410,197.71,0.48,1699037499,4,55
3516,1,207,32952,48058,99204,sick_visit,HC,25,,,,,1,320,170.64,23-04-2025,23-04-2025,14-05-2025,13-05-2025,"{""icd_10"": {""1"": ""B34.9"", ""2"": ""M79.10"", ""3"": ""R50.9"", ""4"": ""R09.81"", ""5"": ""R05.1"", ""6"": ""J02.9""}, ""procedures"": {""1"": ""1"", ""2"": ""2"", ""3"": ""5"", ""4"": ""6""}, ""actual_procedures"": {""1"": ""B34.9"", ""2"": ""M79.10"", ""3"": ""R05.1"", ""4"": ""J02.9""}}","1: B34.9 | 2: M79.10
3: R05.1 | 4: J02.9",CO,45,45,,N381,N381,,45,,N381,,ANTHEM BCBS HEALTHCARE SOLUTIONS,mco_medicaid,PRIMARY,460,224.14,0.49,1699037499,7,86
3516,2,208,32952,48058,87880,poc,HC,QW,,,,,1,25,9.92,23-04-2025,23-04-2025,14-05-2025,13-05-2025,"{""icd_10"": {""1"": ""B34.9"", ""2"": ""M79.10"", ""3"": ""R50.9"", ""4"": ""R09.81"", ""5"": ""R05.1"", ""6"": ""J02.9""}, ""procedures"": {""1"": ""3"", ""2"": ""4"", ""3"": ""5"", ""4"": ""6""}, ""actual_procedures"": {""1"": ""R50.9"", ""2"": ""R09.81"", ""3"": ""R05.1"", ""4"": ""J02.9""}}","1: R50.9 | 2: R09.81
3: R05.1 | 4: J02.9",CO,45,45,,N381,N381,,45,,N381,,ANTHEM BCBS HEALTHCARE SOLUTIONS,mco_medicaid,PRIMARY,460,224.14,0.49,1699037499,7,86
3516,3,209,32952,48058,87804,poc,HC,QW,,,,,2,50,19.86,23-04-2025,23-04-2025,14-05-2025,13-05-2025,"{""icd_10"": {""1"": ""B34.9"", ""2"": ""M79.10"", ""3"": ""R50.9"", ""4"": ""R09.81"", ""5"": ""R05.1"", ""6"": ""J02.9""}, ""procedures"": {""1"": ""1"", ""2"": ""2"", ""3"": ""3"", ""4"": ""5""}, ""actual_procedures"": {""1"": ""B34.9"", ""2"": ""M79.10"", ""3"": ""R50.9"", ""4"": ""R05.1""}}","1: B34.9 | 2: M79.10
3: R50.9 | 4: R05.1",CO,45,45,,N381,N381,,45,,N381,,ANTHEM BCBS HEALTHCARE SOLUTIONS,mco_medicaid,PRIMARY,460,224.14,0.49,1699037499,7,86
3516,4,210,32952,48058,94760,respiratory,HC,59,,,,,1,15,3.05,23-04-2025,23-04-2025,14-05-2025,13-05-2025,"{""icd_10"": {""1"": ""B34.9"", ""2"": ""M79.10"", ""3"": ""R50.9"", ""4"": ""R09.81"", ""5"": ""R05.1"", ""6"": ""J02.9""}, ""procedures"": {""1"": ""1"", ""2"": ""3"", ""3"": ""4"", ""4"": ""5""}, ""actual_procedures"": {""1"": ""B34.9"", ""2"": ""R50.9"", ""3"": ""R09.81"", ""4"": ""R05.1""}}","1: B34.9 | 2: R50.9
3: R09.81 | 4: R05.1",CO,45,45,,N381,N381,,45,,N381,,ANTHEM BCBS HEALTHCARE SOLUTIONS,mco_medicaid,PRIMARY,460,224.14,0.49,1699037499,7,86
3516,5,211,32952,48058,99058,Walk-In,HC,59,,,,,1,50,20.67,23-04-2025,23-04-2025,14-05-2025,13-05-2025,"{""icd_10"": {""1"": ""B34.9"", ""2"": ""M79.10"", ""3"": ""R50.9"", ""4"": ""R09.81"", ""5"": ""R05.1"", ""6"": ""J02.9""}, ""procedures"": {""1"": ""1"", ""2"": ""2"", ""3"": ""5"", ""4"": ""6""}, ""actual_procedures"": {""1"": ""B34.9"", ""2"": ""M79.10"", ""3"": ""R05.1"", ""4"": ""J02.9""}}","1: B34.9 | 2: M79.10
3: R05.1 | 4: J02.9",CO,45,45,,N381,N381,,45,,N381,,ANTHEM BCBS HEALTHCARE SOLUTIONS,mco_medicaid,PRIMARY,460,224.14,0.49,1699037499,7,86
3517,1,212,206291,35735,99213,sick_visit,HC,U6,25,,,,1,150,75.16,28-04-2025,28-04-2025,14-05-2025,13-05-2025,"{""icd_10"": {""1"": ""Z00.129"", ""2"": ""Z71.3"", ""3"": ""Z71.82"", ""4"": ""Z68.54"", ""5"": ""R26.89"", ""6"": ""Q66.51"", ""7"": ""Q66.52"", ""8"": ""Z29.3""}, ""procedures"": {""1"": ""5"", ""2"": ""6"", ""3"": ""7""}, ""actual_procedures"": {""1"": ""R26.89"", ""2"": ""Q66.51"", ""3"": ""Q66.52""}}","1: R26.89 | 2: Q66.51
3: Q66.52",CO,45,45,,N381,N381,,45,,N381,,ANTHEM BCBS HEALTHCARE SOLUTIONS,mco_medicaid,PRIMARY,420,197.33,0.47,1699037499,7,91
3517,2,213,206291,35735,99393,well_visit,HC,EP,25,,,,1,230,109.25,28-04-2025,28-04-2025,14-05-2025,13-05-2025,"{""icd_10"": {""1"": ""Z00.129"", ""2"": ""Z71.3"", ""3"": ""Z71.82"", ""4"": ""Z68.54"", ""5"": ""R26.89"", ""6"": ""Q66.51"", ""7"": ""Q66.52"", ""8"": ""Z29.3""}, ""procedures"": {""1"": ""1"", ""2"": ""2"", ""3"": ""3"", ""4"": ""4""}, ""actual_procedures"": {""1"": ""Z00.129"", ""2"": ""Z71.3"", ""3"": ""Z71.82"", ""4"": ""Z68.54""}}","1: Z00.129 | 2: Z71.3
3: Z71.82 | 4: Z68.54",CO,45,45,,N381,N381,,45,,N381,,ANTHEM BCBS HEALTHCARE SOLUTIONS,mco_medicaid,PRIMARY,420,197.33,0.47,1699037499,7,91
3517,3,214,206291,35735,99188,procedure,HC,,,,,,1,40,12.92,28-04-2025,28-04-2025,14-05-2025,13-05-2025,"{""icd_10"": {""1"": ""Z00.129"", ""2"": ""Z71.3"", ""3"": ""Z71.82"", ""4"": ""Z68.54"", ""5"": ""R26.89"", ""6"": ""Q66.51"", ""7"": ""Q66.52"", ""8"": ""Z29.3""}, ""procedures"": {""1"": ""8""}, ""actual_procedures"": {""1"": ""Z29.3""}}",1: Z29.3,CO,45,45,,N381,N381,,45,,N381,,ANTHEM BCBS HEALTHCARE SOLUTIONS,mco_medicaid,PRIMARY,420,197.33,0.47,1699037499,7,91
3518,1,215,115258,26631,99213,sick_visit,HC,25,,,,,1,150,75.16,29-04-2025,29-04-2025,14-05-2025,13-05-2025,"{""icd_10"": {""1"": ""H92.01""}, ""procedures"": {""1"": ""1""}, ""actual_procedures"": {""1"": ""H92.01""}}",1: H92.01,CO,45,45,,N381,N381,,45,,N381,,ANTHEM BCBS HEALTHCARE SOLUTIONS,mco_medicaid,PRIMARY,225.7,109.32,0.48,1699037499,6,75
3518,2,216,115258,26631,92567,diagnostic,HC,,,,,,1,25.7,13.49,29-04-2025,29-04-2025,14-05-2025,13-05-2025,"{""icd_10"": {""1"": ""H92.01""}, ""procedures"": {""1"": ""1""}, ""actual_procedures"": {""1"": ""H92.01""}}",1: H92.01,CO,45,45,,N381,N381,,45,,N381,,ANTHEM BCBS HEALTHCARE SOLUTIONS,mco_medicaid,PRIMARY,225.7,109.32,0.48,1699037499,6,75
3518,3,217,115258,26631,99058,Walk-In,HC,,,,,,1,50,20.67,29-04-2025,29-04-2025,14-05-2025,13-05-2025,"{""icd_10"": {""1"": ""H92.01""}, ""procedures"": {""1"": ""1""}, ""actual_procedures"": {""1"": ""H92.01""}}",1: H92.01,CO,45,45,,N381,N381,,45,,N381,,ANTHEM BCBS HEALTHCARE SOLUTIONS,mco_medicaid,PRIMARY,225.7,109.32,0.48,1699037499,6,75
3519,1,218,35744,50850,99213,sick_visit,HC,25,,,,,1,150,75.16,21-04-2025,21-04-2025,14-05-2025,13-05-2025,"{""icd_10"": {""1"": ""J15.9"", ""2"": ""R05.1""}, ""procedures"": {""1"": ""1"", ""2"": ""2""}, ""actual_procedures"": {""1"": ""J15.9"", ""2"": ""R05.1""}}",1: J15.9 | 2: R05.1,CO,45,45,,N381,N381,,45,,N381,,ANTHEM BCBS HEALTHCARE SOLUTIONS,mco_medicaid,PRIMARY,165,78.21,0.47,1699037499,2,26
3519,2,219,35744,50850,94760,respiratory,HC,59,,,,,1,15,3.05,21-04-2025,21-04-2025,14-05-2025,13-05-2025,"{""icd_10"": {""1"": ""J15.9"", ""2"": ""R05.1""}, ""procedures"": {""1"": ""1"", ""2"": ""2""}, ""actual_procedures"": {""1"": ""J15.9"", ""2"": ""R05.1""}}",1: J15.9 | 2: R05.1,CO,45,45,,N381,N381,,45,,N381,,ANTHEM BCBS HEALTHCARE SOLUTIONS,mco_medicaid,PRIMARY,165,78.21,0.47,1699037499,2,26
3520,1,220,35744,50850,99213,sick_visit,HC,25,,,,,1,150,75.16,18-04-2025,18-04-2025,14-05-2025,13-05-2025,"{""icd_10"": {""1"": ""J21.8"", ""2"": ""J12.9""}, ""procedures"": {""1"": ""1"", ""2"": ""2""}, ""actual_procedures"": {""1"": ""J21.8"", ""2"": ""J12.9""}}",1: J21.8 | 2: J12.9,CO,45,45,,N381,N381,,45,,N381,,ANTHEM BCBS HEALTHCARE SOLUTIONS,mco_medicaid,PRIMARY,297.78,120.24,0.4,1699037499,2,26
3520,2,221,35744,50850,J7613,respiratory,HC,,,,,,1,25,0.07,18-04-2025,18-04-2025,14-05-2025,13-05-2025,"{""icd_10"": {""1"": ""J21.8"", ""2"": ""J12.9""}, ""procedures"": {""1"": ""1"", ""2"": ""2""}, ""actual_procedures"": {""1"": ""J21.8"", ""2"": ""J12.9""}}",1: J21.8 | 2: J12.9,CO,45,45,,N381,N381,,45,,N381,,ANTHEM BCBS HEALTHCARE SOLUTIONS,mco_medicaid,PRIMARY,297.78,120.24,0.4,1699037499,2,26
3520,3,222,35744,50850,94760,respiratory,HC,59,,,,,1,15,3.05,18-04-2025,18-04-2025,14-05-2025,13-05-2025,"{""icd_10"": {""1"": ""J21.8"", ""2"": ""J12.9""}, ""procedures"": {""1"": ""1"", ""2"": ""2""}, ""actual_procedures"": {""1"": ""J21.8"", ""2"": ""J12.9""}}",1: J21.8 | 2: J12.9,CO,45,45,,N381,N381,,45,,N381,,ANTHEM BCBS HEALTHCARE SOLUTIONS,mco_medicaid,PRIMARY,297.78,120.24,0.4,1699037499,2,26
3520,4,223,35744,50850,99058,Walk-In,HC,59,,,,,1,50,20.67,18-04-2025,18-04-2025,14-05-2025,13-05-2025,"{""icd_10"": {""1"": ""J21.8"", ""2"": ""J12.9""}, ""procedures"": {""1"": ""1"", ""2"": ""2""}, ""actual_procedures"": {""1"": ""J21.8"", ""2"": ""J12.9""}}",1: J21.8 | 2: J12.9,CO,45,45,,N381,N381,,45,,N381,,ANTHEM BCBS HEALTHCARE SOLUTIONS,mco_medicaid,PRIMARY,297.78,120.24,0.4,1699037499,2,26
3520,5,224,35744,50850,A7015,respiratory,HC,NU,,,,,1,3.24,1.7,18-04-2025,18-04-2025,14-05-2025,13-05-2025,"{""icd_10"": {""1"": ""J21.8"", ""2"": ""J12.9""}, ""procedures"": {""1"": ""1"", ""2"": ""2""}, ""actual_procedures"": {""1"": ""J21.8"", ""2"": ""J12.9""}}",1: J21.8 | 2: J12.9,CO,45,45,,N381,N381,,45,,N381,,ANTHEM BCBS HEALTHCARE SOLUTIONS,mco_medicaid,PRIMARY,297.78,120.24,0.4,1699037499,2,26
3520,6,225,35744,50850,A7003,respiratory,HC,NU,,,,,1,4.54,2.38,18-04-2025,18-04-2025,14-05-2025,13-05-2025,"{""icd_10"": {""1"": ""J21.8"", ""2"": ""J12.9""}, ""procedures"": {""1"": ""1"", ""2"": ""2""}, ""actual_procedures"": {""1"": ""J21.8"", ""2"": ""J12.9""}}",1: J21.8 | 2: J12.9,CO,45,45,,N381,N381,,45,,N381,,ANTHEM BCBS HEALTHCARE SOLUTIONS,mco_medicaid,PRIMARY,297.78,120.24,0.4,1699037499,2,26
3520,7,226,35744,50850,94640,respiratory,HC,59,,,,,1,50,17.21,18-04-2025,18-04-2025,14-05-2025,13-05-2025,"{""icd_10"": {""1"": ""J21.8"", ""2"": ""J12.9""}, ""procedures"": {""1"": ""1"", ""2"": ""2""}, ""actual_procedures"": {""1"": ""J21.8"", ""2"": ""J12.9""}}",1: J21.8 | 2: J12.9,CO,45,45,,N381,N381,,45,,N381,,ANTHEM BCBS HEALTHCARE SOLUTIONS,mco_medicaid,PRIMARY,297.78,120.24,0.4,1699037499,2,26
3521,1,227,35765,50871,99213,sick_visit,HC,U6,25,,,,1,150,75.16,28-04-2025,28-04-2025,14-05-2025,13-05-2025,"{""icd_10"": {""1"": ""Z00.129"", ""2"": ""Z68.52"", ""3"": ""Z71.3"", ""4"": ""Z71.82"", ""5"": ""Z13.31"", ""6"": ""F43.23"", ""7"": ""Z30.02"", ""8"": ""Z29.3""}, ""procedures"": {""1"": ""6""}, ""actual_procedures"": {""1"": ""F43.23""}}",1: F43.23,CO,45,45,,N381,N381,,45,,N381,,ANTHEM BCBS HEALTHCARE SOLUTIONS,mco_medicaid,PRIMARY,570.16,269.96,0.47,1699037499,15,189
3521,2,228,35765,50871,99384,well_visit,HC,EP,25,,,,1,285,139.99,28-04-2025,28-04-2025,14-05-2025,13-05-2025,"{""icd_10"": {""1"": ""Z00.129"", ""2"": ""Z68.52"", ""3"": ""Z71.3"", ""4"": ""Z71.82"", ""5"": ""Z13.31"", ""6"": ""F43.23"", ""7"": ""Z30.02"", ""8"": ""Z29.3""}, ""procedures"": {""1"": ""1"", ""2"": ""2"", ""3"": ""3"", ""4"": ""4""}, ""actual_procedures"": {""1"": ""Z00.129"", ""2"": ""Z68.52"", ""3"": ""Z71.3"", ""4"": ""Z71.82""}}","1: Z00.129 | 2: Z68.52
3: Z71.3 | 4: Z71.82",CO,45,45,,N381,N381,,45,,N381,,ANTHEM BCBS HEALTHCARE SOLUTIONS,mco_medicaid,PRIMARY,570.16,269.96,0.47,1699037499,15,189
3521,3,229,35765,50871,99188,procedure,HC,,,,,,1,40,12.92,28-04-2025,28-04-2025,14-05-2025,13-05-2025,"{""icd_10"": {""1"": ""Z00.129"", ""2"": ""Z68.52"", ""3"": ""Z71.3"", ""4"": ""Z71.82"", ""5"": ""Z13.31"", ""6"": ""F43.23"", ""7"": ""Z30.02"", ""8"": ""Z29.3""}, ""procedures"": {""1"": ""8""}, ""actual_procedures"": {""1"": ""Z29.3""}}",1: Z29.3,CO,45,45,,N381,N381,,45,,N381,,ANTHEM BCBS HEALTHCARE SOLUTIONS,mco_medicaid,PRIMARY,570.16,269.96,0.47,1699037499,15,189
3521,4,230,35765,50871,96127,procedure,HC,59,,,,,1,25,5.06,28-04-2025,28-04-2025,14-05-2025,13-05-2025,"{""icd_10"": {""1"": ""Z00.129"", ""2"": ""Z68.52"", ""3"": ""Z71.3"", ""4"": ""Z71.82"", ""5"": ""Z13.31"", ""6"": ""F43.23"", ""7"": ""Z30.02"", ""8"": ""Z29.3""}, ""procedures"": {""1"": ""5""}, ""actual_procedures"": {""1"": ""Z13.31""}}",1: Z13.31,CO,45,45,,N381,N381,,45,,N381,,ANTHEM BCBS HEALTHCARE SOLUTIONS,mco_medicaid,PRIMARY,570.16,269.96,0.47,1699037499,15,189
3521,5,231,35765,50871,99401,Counseling - Preventive Counseling,HC,FP,25,,,,1,70.16,36.83,28-04-2025,28-04-2025,14-05-2025,13-05-2025,"{""icd_10"": {""1"": ""Z00.129"", ""2"": ""Z68.52"", ""3"": ""Z71.3"", ""4"": ""Z71.82"", ""5"": ""Z13.31"", ""6"": ""F43.23"", ""7"": ""Z30.02"", ""8"": ""Z29.3""}, ""procedures"": {""1"": ""7""}, ""actual_procedures"": {""1"": ""Z30.02""}}",1: Z30.02,CO,45,45,,N381,N381,,45,,N381,,ANTHEM BCBS HEALTHCARE SOLUTIONS,mco_medicaid,PRIMARY,570.16,269.96,0.47,1699037499,15,189
3522,1,232,35752,50858,99203,sick_visit,HC,,,,,,1,220,111.34,23-04-2025,23-04-2025,14-05-2025,13-05-2025,"{""icd_10"": {""1"": ""F90.2"", ""2"": ""S02.31XS""}, ""procedures"": {""1"": ""1"", ""2"": ""2""}, ""actual_procedures"": {""1"": ""F90.2"", ""2"": ""S02.31XS""}}",1: F90.2 | 2: S02.31XS,CO,45,45,,N381,N381,,45,,N381,,ANTHEM BCBS HEALTHCARE SOLUTIONS,mco_medicaid,PRIMARY,220,111.34,0.51,1699037499,12,144
3523,1,233,32183,47289,99382,well_visit,HC,EP,25,,,,1,240,118.84,17-04-2025,17-04-2025,14-05-2025,13-05-2025,"{""icd_10"": {""1"": ""Z00.129"", ""2"": ""Z71.3"", ""3"": ""Z29.3""}, ""procedures"": {""1"": ""1"", ""2"": ""2""}, ""actual_procedures"": {""1"": ""Z00.129"", ""2"": ""Z71.3""}}",1: Z00.129 | 2: Z71.3,CO,45,45,,N381,N381,,45,,N381,,ANTHEM BCBS HEALTHCARE SOLUTIONS,mco_medicaid,PRIMARY,280,131.76,0.47,1699037499,3,42
3523,2,234,32183,47289,99188,procedure,HC,,,,,,1,40,12.92,17-04-2025,17-04-2025,14-05-2025,13-05-2025,"{""icd_10"": {""1"": ""Z00.129"", ""2"": ""Z71.3"", ""3"": ""Z29.3""}, ""procedures"": {""1"": ""3""}, ""actual_procedures"": {""1"": ""Z29.3""}}",1: Z29.3,CO,45,45,,N381,N381,,45,,N381,,ANTHEM BCBS HEALTHCARE SOLUTIONS,mco_medicaid,PRIMARY,280,131.76,0.47,1699037499,3,42
3524,1,235,32661,47767,99204,sick_visit,HC,25,,,,,1,320,170.64,23-04-2025,23-04-2025,14-05-2025,13-05-2025,"{""icd_10"": {""1"": ""B34.9"", ""2"": ""M79.10"", ""3"": ""R50.9"", ""4"": ""R09.81"", ""5"": ""R51.9"", ""6"": ""J02.9""}, ""procedures"": {""1"": ""1"", ""2"": ""2"", ""3"": ""5"", ""4"": ""6""}, ""actual_procedures"": {""1"": ""B34.9"", ""2"": ""M79.10"", ""3"": ""R51.9"", ""4"": ""J02.9""}}","1: B34.9 | 2: M79.10
3: R51.9 | 4: J02.9",CO,45,45,,N381,N381,,45,,N381,,ANTHEM BCBS HEALTHCARE SOLUTIONS,mco_medicaid,PRIMARY,460,224.14,0.49,1699037499,11,140
3524,2,236,32661,47767,87880,poc,HC,QW,,,,,1,25,9.92,23-04-2025,23-04-2025,14-05-2025,13-05-2025,"{""icd_10"": {""1"": ""B34.9"", ""2"": ""M79.10"", ""3"": ""R50.9"", ""4"": ""R09.81"", ""5"": ""R51.9"", ""6"": ""J02.9""}, ""procedures"": {""1"": ""3"", ""2"": ""4"", ""3"": ""5""}, ""actual_procedures"": {""1"": ""R50.9"", ""2"": ""R09.81"", ""3"": ""R51.9""}}","1: R50.9 | 2: R09.81
3: R51.9",CO,45,45,,N381,N381,,45,,N381,,ANTHEM BCBS HEALTHCARE SOLUTIONS,mco_medicaid,PRIMARY,460,224.14,0.49,1699037499,11,140
3524,3,237,32661,47767,87804,poc,HC,QW,,,,,2,50,19.86,23-04-2025,23-04-2025,14-05-2025,13-05-2025,"{""icd_10"": {""1"": ""B34.9"", ""2"": ""M79.10"", ""3"": ""R50.9"", ""4"": ""R09.81"", ""5"": ""R51.9"", ""6"": ""J02.9""}, ""procedures"": {""1"": ""1"", ""2"": ""2"", ""3"": ""3"", ""4"": ""4""}, ""actual_procedures"": {""1"": ""B34.9"", ""2"": ""M79.10"", ""3"": ""R50.9"", ""4"": ""R09.81""}}","1: B34.9 | 2: M79.10
3: R50.9 | 4: R09.81",CO,45,45,,N381,N381,,45,,N381,,ANTHEM BCBS HEALTHCARE SOLUTIONS,mco_medicaid,PRIMARY,460,224.14,0.49,1699037499,11,140
3524,4,238,32661,47767,94760,respiratory,HC,59,,,,,1,15,3.05,23-04-2025,23-04-2025,14-05-2025,13-05-2025,"{""icd_10"": {""1"": ""B34.9"", ""2"": ""M79.10"", ""3"": ""R50.9"", ""4"": ""R09.81"", ""5"": ""R51.9"", ""6"": ""J02.9""}, ""procedures"": {""1"": ""1"", ""2"": ""3"", ""3"": ""6""}, ""actual_procedures"": {""1"": ""B34.9"", ""2"": ""R50.9"", ""3"": ""J02.9""}}","1: B34.9 | 2: R50.9
3: J02.9",CO,45,45,,N381,N381,,45,,N381,,ANTHEM BCBS HEALTHCARE SOLUTIONS,mco_medicaid,PRIMARY,460,224.14,0.49,1699037499,11,140
3524,5,239,32661,47767,99058,Walk-In,HC,59,,,,,1,50,20.67,23-04-2025,23-04-2025,14-05-2025,13-05-2025,"{""icd_10"": {""1"": ""B34.9"", ""2"": ""M79.10"", ""3"": ""R50.9"", ""4"": ""R09.81"", ""5"": ""R51.9"", ""6"": ""J02.9""}, ""procedures"": {""1"": ""1"", ""2"": ""2"", ""3"": ""5"", ""4"": ""6""}, ""actual_procedures"": {""1"": ""B34.9"", ""2"": ""M79.10"", ""3"": ""R51.9"", ""4"": ""J02.9""}}","1: B34.9 | 2: M79.10
3: R51.9 | 4: J02.9",CO,45,45,,N381,N381,,45,,N381,,ANTHEM BCBS HEALTHCARE SOLUTIONS,mco_medicaid,PRIMARY,460,224.14,0.49,1699037499,11,140
3525,1,240,234093045,17446,99214,sick_visit,HC,25,,,,,1,215,110.75,18-04-2025,18-04-2025,14-05-2025,13-05-2025,"{""icd_10"": {""1"": ""R50.9"", ""2"": ""R05.1"", ""3"": ""J45.30"", ""4"": ""J06.0"", ""5"": ""R53.81""}, ""procedures"": {""1"": ""1"", ""2"": ""2"", ""3"": ""3"", ""4"": ""5""}, ""actual_procedures"": {""1"": ""R50.9"", ""2"": ""R05.1"", ""3"": ""J45.30"", ""4"": ""R53.81""}}","1: R50.9 | 2: R05.1
3: J45.30 | 4: R53.81",CO,45,45,,N381,N381,,45,,N381,,ANTHEM BCBS HEALTHCARE SOLUTIONS,mco_medicaid,PRIMARY,380,177.38,0.47,1699037499,6,76
3525,2,241,234093045,17446,87880,poc,HC,QW,,,,,1,25,9.92,18-04-2025,18-04-2025,14-05-2025,13-05-2025,"{""icd_10"": {""1"": ""R50.9"", ""2"": ""R05.1"", ""3"": ""J45.30"", ""4"": ""J06.0"", ""5"": ""R53.81""}, ""procedures"": {""1"": ""1"", ""2"": ""2"", ""3"": ""4"", ""4"": ""5""}, ""actual_procedures"": {""1"": ""R50.9"", ""2"": ""R05.1"", ""3"": ""J06.0"", ""4"": ""R53.81""}}","1: R50.9 | 2: R05.1
3: J06.0 | 4: R53.81",CO,45,45,,N381,N381,,45,,N381,,ANTHEM BCBS HEALTHCARE SOLUTIONS,mco_medicaid,PRIMARY,380,177.38,0.47,1699037499,6,76
3525,3,242,234093045,17446,94760,respiratory,HC,59,,,,,1,15,3.05,18-04-2025,18-04-2025,14-05-2025,13-05-2025,"{""icd_10"": {""1"": ""R50.9"", ""2"": ""R05.1"", ""3"": ""J45.30"", ""4"": ""J06.0"", ""5"": ""R53.81""}, ""procedures"": {""1"": ""1"", ""2"": ""2"", ""3"": ""3"", ""4"": ""4""}, ""actual_procedures"": {""1"": ""R50.9"", ""2"": ""R05.1"", ""3"": ""J45.30"", ""4"": ""J06.0""}}","1: R50.9 | 2: R05.1
3: J45.30 | 4: J06.0",CO,45,45,,N381,N381,,45,,N381,,ANTHEM BCBS HEALTHCARE SOLUTIONS,mco_medicaid,PRIMARY,380,177.38,0.47,1699037499,6,76
3525,4,243,234093045,17446,94010,respiratory,HC,59,,,,,1,75,33.8,18-04-2025,18-04-2025,14-05-2025,13-05-2025,"{""icd_10"": {""1"": ""R50.9"", ""2"": ""R05.1"", ""3"": ""J45.30"", ""4"": ""J06.0"", ""5"": ""R53.81""}, ""procedures"": {""1"": ""2"", ""2"": ""3""}, ""actual_procedures"": {""1"": ""R05.1"", ""2"": ""J45.30""}}",1: R05.1 | 2: J45.30,CO,45,45,,N381,N381,,45,,N381,,ANTHEM BCBS HEALTHCARE SOLUTIONS,mco_medicaid,PRIMARY,380,177.38,0.47,1699037499,6,76
3525,5,244,234093045,17446,87804,poc,HC,QW,,,,,2,50,19.86,18-04-2025,18-04-2025,14-05-2025,13-05-2025,"{""icd_10"": {""1"": ""R50.9"", ""2"": ""R05.1"", ""3"": ""J45.30"", ""4"": ""J06.0"", ""5"": ""R53.81""}, ""procedures"": {""1"": ""1"", ""2"": ""2"", ""3"": ""4"", ""4"": ""5""}, ""actual_procedures"": {""1"": ""R50.9"", ""2"": ""R05.1"", ""3"": ""J06.0"", ""4"": ""R53.81""}}","1: R50.9 | 2: R05.1
3: J06.0 | 4: R53.81",CO,45,45,,N381,N381,,45,,N381,,ANTHEM BCBS HEALTHCARE SOLUTIONS,mco_medicaid,PRIMARY,380,177.38,0.47,1699037499,6,76
3526,1,245,318490,46955,99214,sick_visit,HC,25,,,,,1,215,110.75,14-04-2025,14-04-2025,14-05-2025,13-05-2025,"{""icd_10"": {""1"": ""J45.991"", ""2"": ""R05.1"", ""3"": ""J30.2""}, ""procedures"": {""1"": ""1"", ""2"": ""2"", ""3"": ""3""}, ""actual_procedures"": {""1"": ""J45.991"", ""2"": ""R05.1"", ""3"": ""J30.2""}}","1: J45.991 | 2: R05.1
3: J30.2",CO,45,45,,N381,N381,,45,,N381,,ANTHEM BCBS HEALTHCARE SOLUTIONS,mco_medicaid,PRIMARY,230,113.8,0.49,1699037499,5,70
3526,2,246,318490,46955,94760,respiratory,HC,59,,,,,1,15,3.05,14-04-2025,14-04-2025,14-05-2025,13-05-2025,"{""icd_10"": {""1"": ""J45.991"", ""2"": ""R05.1"", ""3"": ""J30.2""}, ""procedures"": {""1"": ""1"", ""2"": ""2"", ""3"": ""3""}, ""actual_procedures"": {""1"": ""J45.991"", ""2"": ""R05.1"", ""3"": ""J30.2""}}","1: J45.991 | 2: R05.1
3: J30.2",CO,45,45,,N381,N381,,45,,N381,,ANTHEM BCBS HEALTHCARE SOLUTIONS,mco_medicaid,PRIMARY,230,113.8,0.49,1699037499,5,70
3527,1,247,206291,35735,99214,sick_visit,HC,25,,,,,1,215,110.75,14-04-2025,14-04-2025,14-05-2025,13-05-2025,"{""icd_10"": {""1"": ""R50.9"", ""2"": ""J02.0""}, ""procedures"": {""1"": ""1"", ""2"": ""2""}, ""actual_procedures"": {""1"": ""R50.9"", ""2"": ""J02.0""}}",1: R50.9 | 2: J02.0,CO,45,45,,N381,N381,,45,,N381,,ANTHEM BCBS HEALTHCARE SOLUTIONS,mco_medicaid,PRIMARY,395,159.72,0.4,1699037499,7,91
3527,2,248,206291,35735,87880,poc,HC,QW,,,,,1,25,9.92,14-04-2025,14-04-2025,14-05-2025,13-05-2025,"{""icd_10"": {""1"": ""R50.9"", ""2"": ""J02.0""}, ""procedures"": {""1"": ""1"", ""2"": ""2""}, ""actual_procedures"": {""1"": ""R50.9"", ""2"": ""J02.0""}}",1: R50.9 | 2: J02.0,CO,45,45,,N381,N381,,45,,N381,,ANTHEM BCBS HEALTHCARE SOLUTIONS,mco_medicaid,PRIMARY,395,159.72,0.4,1699037499,7,91
3527,3,249,206291,35735,87811,poc,HC,QW,,,,,1,90,16.14,14-04-2025,14-04-2025,14-05-2025,13-05-2025,"{""icd_10"": {""1"": ""R50.9"", ""2"": ""J02.0""}, ""procedures"": {""1"": ""1"", ""2"": ""2""}, ""actual_procedures"": {""1"": ""R50.9"", ""2"": ""J02.0""}}",1: R50.9 | 2: J02.0,CO,45,45,,N381,N381,,45,,N381,,ANTHEM BCBS HEALTHCARE SOLUTIONS,mco_medicaid,PRIMARY,395,159.72,0.4,1699037499,7,91
3527,4,250,206291,35735,87804,poc,HC,QW,,,,,2,50,19.86,14-04-2025,14-04-2025,14-05-2025,13-05-2025,"{""icd_10"": {""1"": ""R50.9"", ""2"": ""J02.0""}, ""procedures"": {""1"": ""1"", ""2"": ""2""}, ""actual_procedures"": {""1"": ""R50.9"", ""2"": ""J02.0""}}",1: R50.9 | 2: J02.0,CO,45,45,,N381,N381,,45,,N381,,ANTHEM BCBS HEALTHCARE SOLUTIONS,mco_medicaid,PRIMARY,395,159.72,0.4,1699037499,7,91
3527,5,251,206291,35735,94760,respiratory,HC,59,,,,,1,15,3.05,14-04-2025,14-04-2025,14-05-2025,13-05-2025,"{""icd_10"": {""1"": ""R50.9"", ""2"": ""J02.0""}, ""procedures"": {""1"": ""1"", ""2"": ""2""}, ""actual_procedures"": {""1"": ""R50.9"", ""2"": ""J02.0""}}",1: R50.9 | 2: J02.0,CO,45,45,,N381,N381,,45,,N381,,ANTHEM BCBS HEALTHCARE SOLUTIONS,mco_medicaid,PRIMARY,395,159.72,0.4,1699037499,7,91
3528,1,252,32839,47945,99213,sick_visit,HC,,,,,,1,150,75.16,14-04-2025,14-04-2025,14-05-2025,13-05-2025,"{""icd_10"": {""1"": ""J30.2"", ""2"": ""H10.45""}, ""procedures"": {""1"": ""1"", ""2"": ""2""}, ""actual_procedures"": {""1"": ""J30.2"", ""2"": ""H10.45""}}",1: J30.2 | 2: H10.45,CO,45,45,,N381,N381,,45,,N381,,ANTHEM BCBS HEALTHCARE SOLUTIONS,mco_medicaid,PRIMARY,150,75.16,0.5,1699037499,9,119
3529,1,253,2243,17349,99213,sick_visit,HC,25,,,,,1,150,75.16,17-04-2025,17-04-2025,14-05-2025,13-05-2025,"{""icd_10"": {""1"": ""J45.20"", ""2"": ""L70.8"", ""3"": ""Z30.02""}, ""procedures"": {""1"": ""1"", ""2"": ""2""}, ""actual_procedures"": {""1"": ""J45.20"", ""2"": ""L70.8""}}",1: J45.20 | 2: L70.8,CO,45,45,,N381,N381,,45,,N381,,ANTHEM BCBS HEALTHCARE SOLUTIONS,mco_medicaid,PRIMARY,220.16,111.99,0.51,1699037499,16,197
3529,2,254,2243,17349,99401,Counseling - Preventive Counseling,HC,FP,25,,,,1,70.16,36.83,17-04-2025,17-04-2025,14-05-2025,13-05-2025,"{""icd_10"": {""1"": ""J45.20"", ""2"": ""L70.8"", ""3"": ""Z30.02""}, ""procedures"": {""1"": ""3""}, ""actual_procedures"": {""1"": ""Z30.02""}}",1: Z30.02,CO,45,45,,N381,N381,,45,,N381,,ANTHEM BCBS HEALTHCARE SOLUTIONS,mco_medicaid,PRIMARY,220.16,111.99,0.51,1699037499,16,197
3530,1,255,31566,46672,99204,sick_visit,HC,25,,,,,1,320,170.64,23-04-2025,23-04-2025,14-05-2025,13-05-2025,"{""icd_10"": {""1"": ""B34.9"", ""2"": ""M79.10"", ""3"": ""R50.9"", ""4"": ""R09.81"", ""5"": ""J02.9""}, ""procedures"": {""1"": ""1"", ""2"": ""2"", ""3"": ""3"", ""4"": ""5""}, ""actual_procedures"": {""1"": ""B34.9"", ""2"": ""M79.10"", ""3"": ""R50.9"", ""4"": ""J02.9""}}","1: B34.9 | 2: M79.10
3: R50.9 | 4: J02.9",CO,45,45,,N381,N381,,45,,N381,,ANTHEM BCBS HEALTHCARE SOLUTIONS,mco_medicaid,PRIMARY,460,224.14,0.49,1699037499,9,118
3530,2,256,31566,46672,87880,poc,HC,QW,,,,,1,25,9.92,23-04-2025,23-04-2025,14-05-2025,13-05-2025,"{""icd_10"": {""1"": ""B34.9"", ""2"": ""M79.10"", ""3"": ""R50.9"", ""4"": ""R09.81"", ""5"": ""J02.9""}, ""procedures"": {""1"": ""1"", ""2"": ""3"", ""3"": ""4"", ""4"": ""5""}, ""actual_procedures"": {""1"": ""B34.9"", ""2"": ""R50.9"", ""3"": ""R09.81"", ""4"": ""J02.9""}}","1: B34.9 | 2: R50.9
3: R09.81 | 4: J02.9",CO,45,45,,N381,N381,,45,,N381,,ANTHEM BCBS HEALTHCARE SOLUTIONS,mco_medicaid,PRIMARY,460,224.14,0.49,1699037499,9,118
3530,3,257,31566,46672,87804,poc,HC,QW,,,,,2,50,19.86,23-04-2025,23-04-2025,14-05-2025,13-05-2025,"{""icd_10"": {""1"": ""B34.9"", ""2"": ""M79.10"", ""3"": ""R50.9"", ""4"": ""R09.81"", ""5"": ""J02.9""}, ""procedures"": {""1"": ""1"", ""2"": ""2"", ""3"": ""3"", ""4"": ""4""}, ""actual_procedures"": {""1"": ""B34.9"", ""2"": ""M79.10"", ""3"": ""R50.9"", ""4"": ""R09.81""}}","1: B34.9 | 2: M79.10
3: R50.9 | 4: R09.81",CO,45,45,,N381,N381,,45,,N381,,ANTHEM BCBS HEALTHCARE SOLUTIONS,mco_medicaid,PRIMARY,460,224.14,0.49,1699037499,9,118
3530,4,258,31566,46672,94760,respiratory,HC,59,,,,,1,15,3.05,23-04-2025,23-04-2025,14-05-2025,13-05-2025,"{""icd_10"": {""1"": ""B34.9"", ""2"": ""M79.10"", ""3"": ""R50.9"", ""4"": ""R09.81"", ""5"": ""J02.9""}, ""procedures"": {""1"": ""1"", ""2"": ""3"", ""3"": ""4""}, ""actual_procedures"": {""1"": ""B34.9"", ""2"": ""R50.9"", ""3"": ""R09.81""}}","1: B34.9 | 2: R50.9
3: R09.81",CO,45,45,,N381,N381,,45,,N381,,ANTHEM BCBS HEALTHCARE SOLUTIONS,mco_medicaid,PRIMARY,460,224.14,0.49,1699037499,9,118
3530,5,259,31566,46672,99058,Walk-In,HC,59,,,,,1,50,20.67,23-04-2025,23-04-2025,14-05-2025,13-05-2025,"{""icd_10"": {""1"": ""B34.9"", ""2"": ""M79.10"", ""3"": ""R50.9"", ""4"": ""R09.81"", ""5"": ""J02.9""}, ""procedures"": {""1"": ""1"", ""2"": ""2"", ""3"": ""3"", ""4"": ""5""}, ""actual_procedures"": {""1"": ""B34.9"", ""2"": ""M79.10"", ""3"": ""R50.9"", ""4"": ""J02.9""}}","1: B34.9 | 2: M79.10
3: R50.9 | 4: J02.9",CO,45,45,,N381,N381,,45,,N381,,ANTHEM BCBS HEALTHCARE SOLUTIONS,mco_medicaid,PRIMARY,460,224.14,0.49,1699037499,9,118
3531,1,260,2069,17175,99214,sick_visit,HC,,,,,,1,215,110.75,14-04-2025,14-04-2025,14-05-2025,13-05-2025,"{""icd_10"": {""1"": ""F98.9"", ""2"": ""R41.840""}, ""procedures"": {""1"": ""1"", ""2"": ""2""}, ""actual_procedures"": {""1"": ""F98.9"", ""2"": ""R41.840""}}",1: F98.9 | 2: R41.840,CO,45,45,,N381,N381,,45,,N381,,ANTHEM BCBS HEALTHCARE SOLUTIONS,mco_medicaid,PRIMARY,215,110.75,0.52,1699037499,7,84
3532,1,261,355671,50673,99213,sick_visit,HC,25,,,,,1,150,75.16,18-04-2025,18-04-2025,14-05-2025,13-05-2025,"{""icd_10"": {""1"": ""J02.9"", ""2"": ""R05.1"", ""3"": ""B34.9"", ""4"": ""R50.9""}, ""procedures"": {""1"": ""1"", ""2"": ""2"", ""3"": ""3"", ""4"": ""4""}, ""actual_procedures"": {""1"": ""J02.9"", ""2"": ""R05.1"", ""3"": ""B34.9"", ""4"": ""R50.9""}}","1: J02.9 | 2: R05.1
3: B34.9 | 4: R50.9",CO,45,45,,N381,N381,,45,,N381,,ANTHEM BCBS HEALTHCARE SOLUTIONS,mco_medicaid,PRIMARY,315,136.52,0.43,1699037499,2,27
3532,2,262,355671,50673,94760,respiratory,HC,59,,,,,1,15,3.05,18-04-2025,18-04-2025,14-05-2025,13-05-2025,"{""icd_10"": {""1"": ""J02.9"", ""2"": ""R05.1"", ""3"": ""B34.9"", ""4"": ""R50.9""}, ""procedures"": {""1"": ""1"", ""2"": ""2"", ""3"": ""3"", ""4"": ""4""}, ""actual_procedures"": {""1"": ""J02.9"", ""2"": ""R05.1"", ""3"": ""B34.9"", ""4"": ""R50.9""}}","1: J02.9 | 2: R05.1
3: B34.9 | 4: R50.9",CO,45,45,,N381,N381,,45,,N381,,ANTHEM BCBS HEALTHCARE SOLUTIONS,mco_medicaid,PRIMARY,315,136.52,0.43,1699037499,2,27
3532,3,263,355671,50673,87880,poc,HC,QW,,,,,1,25,9.92,18-04-2025,18-04-2025,14-05-2025,13-05-2025,"{""icd_10"": {""1"": ""J02.9"", ""2"": ""R05.1"", ""3"": ""B34.9"", ""4"": ""R50.9""}, ""procedures"": {""1"": ""1"", ""2"": ""2"", ""3"": ""3"", ""4"": ""4""}, ""actual_procedures"": {""1"": ""J02.9"", ""2"": ""R05.1"", ""3"": ""B34.9"", ""4"": ""R50.9""}}","1: J02.9 | 2: R05.1
3: B34.9 | 4: R50.9",CO,45,45,,N381,N381,,45,,N381,,ANTHEM BCBS HEALTHCARE SOLUTIONS,mco_medicaid,PRIMARY,315,136.52,0.43,1699037499,2,27
3532,4,264,355671,50673,99058,Walk-In,HC,59,,,,,1,50,20.67,18-04-2025,18-04-2025,14-05-2025,13-05-2025,"{""icd_10"": {""1"": ""J02.9"", ""2"": ""R05.1"", ""3"": ""B34.9"", ""4"": ""R50.9""}, ""procedures"": {""1"": ""1"", ""2"": ""2"", ""3"": ""3"", ""4"": ""4""}, ""actual_procedures"": {""1"": ""J02.9"", ""2"": ""R05.1"", ""3"": ""B34.9"", ""4"": ""R50.9""}}","1: J02.9 | 2: R05.1
3: B34.9 | 4: R50.9",CO,45,45,,N381,N381,,45,,N381,,ANTHEM BCBS HEALTHCARE SOLUTIONS,mco_medicaid,PRIMARY,315,136.52,0.43,1699037499,2,27
3532,5,265,355671,50673,87804,poc,HC,QW,,,,,2,50,19.86,18-04-2025,18-04-2025,14-05-2025,13-05-2025,"{""icd_10"": {""1"": ""J02.9"", ""2"": ""R05.1"", ""3"": ""B34.9"", ""4"": ""R50.9""}, ""procedures"": {""1"": ""1"", ""2"": ""2"", ""3"": ""3"", ""4"": ""4""}, ""actual_procedures"": {""1"": ""J02.9"", ""2"": ""R05.1"", ""3"": ""B34.9"", ""4"": ""R50.9""}}","1: J02.9 | 2: R05.1
3: B34.9 | 4: R50.9",CO,45,45,,N381,N381,,45,,N381,,ANTHEM BCBS HEALTHCARE SOLUTIONS,mco_medicaid,PRIMARY,315,136.52,0.43,1699037499,2,27
3532,6,266,355671,50673,87807,poc,HC,QW,,,,,1,25,7.86,18-04-2025,18-04-2025,14-05-2025,13-05-2025,"{""icd_10"": {""1"": ""J02.9"", ""2"": ""R05.1"", ""3"": ""B34.9"", ""4"": ""R50.9""}, ""procedures"": {""1"": ""1"", ""2"": ""2"", ""3"": ""3"", ""4"": ""4""}, ""actual_procedures"": {""1"": ""J02.9"", ""2"": ""R05.1"", ""3"": ""B34.9"", ""4"": ""R50.9""}}","1: J02.9 | 2: R05.1
3: B34.9 | 4: R50.9",CO,45,45,,N381,N381,,45,,N381,,ANTHEM BCBS HEALTHCARE SOLUTIONS,mco_medicaid,PRIMARY,315,136.52,0.43,1699037499,2,27
3533,1,267,35806,50912,99204,sick_visit,HC,25,,,,,1,320,170.64,29-04-2025,29-04-2025,14-05-2025,13-05-2025,"{""icd_10"": {""1"": ""B34.9"", ""2"": ""M79.10"", ""3"": ""R50.9"", ""4"": ""R09.81"", ""5"": ""J02.9"", ""6"": ""Z30.02""}, ""procedures"": {""1"": ""1"", ""2"": ""2"", ""3"": ""3"", ""4"": ""4""}, ""actual_procedures"": {""1"": ""B34.9"", ""2"": ""M79.10"", ""3"": ""R50.9"", ""4"": ""R09.81""}}","1: B34.9 | 2: M79.10
3: R50.9 | 4: R09.81",CO,45,45,,N381,N381,,45,,N381,,ANTHEM BCBS HEALTHCARE SOLUTIONS,mco_medicaid,PRIMARY,530.16,260.97,0.49,1699037499,17,211
3533,2,268,35806,50912,99401,Counseling - Preventive Counseling,HC,FP,25,,,,1,70.16,36.83,29-04-2025,29-04-2025,14-05-2025,13-05-2025,"{""icd_10"": {""1"": ""B34.9"", ""2"": ""M79.10"", ""3"": ""R50.9"", ""4"": ""R09.81"", ""5"": ""J02.9"", ""6"": ""Z30.02""}, ""procedures"": {""1"": ""6""}, ""actual_procedures"": {""1"": ""Z30.02""}}",1: Z30.02,CO,45,45,,N381,N381,,45,,N381,,ANTHEM BCBS HEALTHCARE SOLUTIONS,mco_medicaid,PRIMARY,530.16,260.97,0.49,1699037499,17,211
3533,3,269,35806,50912,87880,poc,HC,QW,,,,,1,25,9.92,29-04-2025,29-04-2025,14-05-2025,13-05-2025,"{""icd_10"": {""1"": ""B34.9"", ""2"": ""M79.10"", ""3"": ""R50.9"", ""4"": ""R09.81"", ""5"": ""J02.9"", ""6"": ""Z30.02""}, ""procedures"": {""1"": ""1"", ""2"": ""3"", ""3"": ""4"", ""4"": ""5""}, ""actual_procedures"": {""1"": ""B34.9"", ""2"": ""R50.9"", ""3"": ""R09.81"", ""4"": ""J02.9""}}","1: B34.9 | 2: R50.9
3: R09.81 | 4: J02.9",CO,45,45,,N381,N381,,45,,N381,,ANTHEM BCBS HEALTHCARE SOLUTIONS,mco_medicaid,PRIMARY,530.16,260.97,0.49,1699037499,17,211
3533,4,270,35806,50912,99058,Walk-In,HC,59,,,,,1,50,20.67,29-04-2025,29-04-2025,14-05-2025,13-05-2025,"{""icd_10"": {""1"": ""B34.9"", ""2"": ""M79.10"", ""3"": ""R50.9"", ""4"": ""R09.81"", ""5"": ""J02.9"", ""6"": ""Z30.02""}, ""procedures"": {""1"": ""1"", ""2"": ""2"", ""3"": ""3"", ""4"": ""5""}, ""actual_procedures"": {""1"": ""B34.9"", ""2"": ""M79.10"", ""3"": ""R50.9"", ""4"": ""J02.9""}}","1: B34.9 | 2: M79.10
3: R50.9 | 4: J02.9",CO,45,45,,N381,N381,,45,,N381,,ANTHEM BCBS HEALTHCARE SOLUTIONS,mco_medicaid,PRIMARY,530.16,260.97,0.49,1699037499,17,211
3533,5,271,35806,50912,87804,poc,HC,QW,,,,,2,50,19.86,29-04-2025,29-04-2025,14-05-2025,13-05-2025,"{""icd_10"": {""1"": ""B34.9"", ""2"": ""M79.10"", ""3"": ""R50.9"", ""4"": ""R09.81"", ""5"": ""J02.9"", ""6"": ""Z30.02""}, ""procedures"": {""1"": ""1"", ""2"": ""2"", ""3"": ""3"", ""4"": ""4""}, ""actual_procedures"": {""1"": ""B34.9"", ""2"": ""M79.10"", ""3"": ""R50.9"", ""4"": ""R09.81""}}","1: B34.9 | 2: M79.10
3: R50.9 | 4: R09.81",CO,45,45,,N381,N381,,45,,N381,,ANTHEM BCBS HEALTHCARE SOLUTIONS,mco_medicaid,PRIMARY,530.16,260.97,0.49,1699037499,17,211
3533,6,272,35806,50912,94760,respiratory,HC,59,,,,,1,15,3.05,29-04-2025,29-04-2025,14-05-2025,13-05-2025,"{""icd_10"": {""1"": ""B34.9"", ""2"": ""M79.10"", ""3"": ""R50.9"", ""4"": ""R09.81"", ""5"": ""J02.9"", ""6"": ""Z30.02""}, ""procedures"": {""1"": ""1"", ""2"": ""4"", ""3"": ""5""}, ""actual_procedures"": {""1"": ""B34.9"", ""2"": ""R09.81"", ""3"": ""J02.9""}}","1: B34.9 | 2: R09.81
3: J02.9",CO,45,45,,N381,N381,,45,,N381,,ANTHEM BCBS HEALTHCARE SOLUTIONS,mco_medicaid,PRIMARY,530.16,260.97,0.49,1699037499,17,211
3534,1,273,303254,17117,99392,well_visit,HC,EP,25,,,,1,220,109.63,18-04-2025,18-04-2025,14-05-2025,13-05-2025,"{""icd_10"": {""1"": ""Z01.818"", ""2"": ""K02.9""}, ""procedures"": {""1"": ""1""}, ""actual_procedures"": {""1"": ""Z01.818""}}",1: Z01.818,CO,45,45,,N381,N381,,45,,N381,,ANTHEM BCBS HEALTHCARE SOLUTIONS,mco_medicaid,PRIMARY,315,154.77,0.49,1699037499,1,22
3534,2,274,303254,17117,99212,,HC,U6,25,,,,1,95,45.14,18-04-2025,18-04-2025,14-05-2025,13-05-2025,"{""icd_10"": {""1"": ""Z01.818"", ""2"": ""K02.9""}, ""procedures"": {""1"": ""2""}, ""actual_procedures"": {""1"": ""K02.9""}}",1: K02.9,CO,45,45,,N381,N381,,45,,N381,,ANTHEM BCBS HEALTHCARE SOLUTIONS,mco_medicaid,PRIMARY,315,154.77,0.49,1699037499,1,22
3535,1,275,94034,24540,99213,sick_visit,HC,U6,25,,,,1,150,75.16,23-04-2025,23-04-2025,14-05-2025,13-05-2025,"{""icd_10"": {""1"": ""Z00.129"", ""2"": ""Z71.3"", ""3"": ""Z71.82"", ""4"": ""Z68.52"", ""5"": ""Z29.3"", ""6"": ""R35.0""}, ""procedures"": {""1"": ""6""}, ""actual_procedures"": {""1"": ""R35.0""}}",1: R35.0,CO,45,45,,N381,N381,,45,,N381,,ANTHEM BCBS HEALTHCARE SOLUTIONS,mco_medicaid,PRIMARY,450,212.02,0.47,1699037499,5,66
3535,2,276,94034,24540,99383,well_visit,HC,EP,25,,,,1,260,123.94,23-04-2025,23-04-2025,14-05-2025,13-05-2025,"{""icd_10"": {""1"": ""Z00.129"", ""2"": ""Z71.3"", ""3"": ""Z71.82"", ""4"": ""Z68.52"", ""5"": ""Z29.3"", ""6"": ""R35.0""}, ""procedures"": {""1"": ""1"", ""2"": ""2"", ""3"": ""3"", ""4"": ""4""}, ""actual_procedures"": {""1"": ""Z00.129"", ""2"": ""Z71.3"", ""3"": ""Z71.82"", ""4"": ""Z68.52""}}","1: Z00.129 | 2: Z71.3
3: Z71.82 | 4: Z68.52",CO,45,45,,N381,N381,,45,,N381,,ANTHEM BCBS HEALTHCARE SOLUTIONS,mco_medicaid,PRIMARY,450,212.02,0.47,1699037499,5,66
3535,3,277,94034,24540,99188,procedure,HC,,,,,,1,40,12.92,23-04-2025,23-04-2025,14-05-2025,13-05-2025,"{""icd_10"": {""1"": ""Z00.129"", ""2"": ""Z71.3"", ""3"": ""Z71.82"", ""4"": ""Z68.52"", ""5"": ""Z29.3"", ""6"": ""R35.0""}, ""procedures"": {""1"": ""5""}, ""actual_procedures"": {""1"": ""Z29.3""}}",1: Z29.3,CO,45,45,,N381,N381,,45,,N381,,ANTHEM BCBS HEALTHCARE SOLUTIONS,mco_medicaid,PRIMARY,450,212.02,0.47,1699037499,5,66
3536,1,278,23541390,17460,99393,well_visit,HC,EP,25,,,,1,230,109.25,18-04-2025,18-04-2025,14-05-2025,13-05-2025,"{""icd_10"": {""1"": ""Z00.129"", ""2"": ""Z71.3"", ""3"": ""Z71.82"", ""4"": ""Z68.52"", ""5"": ""Z29.3"", ""6"": ""J45.30""}, ""procedures"": {""1"": ""1"", ""2"": ""2"", ""3"": ""3"", ""4"": ""4""}, ""actual_procedures"": {""1"": ""Z00.129"", ""2"": ""Z71.3"", ""3"": ""Z71.82"", ""4"": ""Z68.52""}}","1: Z00.129 | 2: Z71.3
3: Z71.82 | 4: Z68.52",CO,45,45,,N381,N381,,45,,N381,,ANTHEM BCBS HEALTHCARE SOLUTIONS,mco_medicaid,PRIMARY,420,197.33,0.47,1699037499,9,110
3536,2,279,23541390,17460,99213,sick_visit,HC,U6,25,,,,1,150,75.16,18-04-2025,18-04-2025,14-05-2025,13-05-2025,"{""icd_10"": {""1"": ""Z00.129"", ""2"": ""Z71.3"", ""3"": ""Z71.82"", ""4"": ""Z68.52"", ""5"": ""Z29.3"", ""6"": ""J45.30""}, ""procedures"": {""1"": ""6""}, ""actual_procedures"": {""1"": ""J45.30""}}",1: J45.30,CO,45,45,,N381,N381,,45,,N381,,ANTHEM BCBS HEALTHCARE SOLUTIONS,mco_medicaid,PRIMARY,420,197.33,0.47,1699037499,9,110
3536,3,280,23541390,17460,99188,procedure,HC,,,,,,1,40,12.92,18-04-2025,18-04-2025,14-05-2025,13-05-2025,"{""icd_10"": {""1"": ""Z00.129"", ""2"": ""Z71.3"", ""3"": ""Z71.82"", ""4"": ""Z68.52"", ""5"": ""Z29.3"", ""6"": ""J45.30""}, ""procedures"": {""1"": ""5""}, ""actual_procedures"": {""1"": ""Z29.3""}}",1: Z29.3,CO,45,45,,N381,N381,,45,,N381,,ANTHEM BCBS HEALTHCARE SOLUTIONS,mco_medicaid,PRIMARY,420,197.33,0.47,1699037499,9,110
3537,1,281,20634,35740,99213,sick_visit,HC,U6,25,,,,1,150,75.16,28-04-2025,28-04-2025,14-05-2025,13-05-2025,"{""icd_10"": {""1"": ""Z00.129"", ""2"": ""Z71.3"", ""3"": ""Z71.82"", ""4"": ""Z68.53"", ""5"": ""J30.9"", ""6"": ""R09.81"", ""7"": ""J45.20"", ""8"": ""L20.89""}, ""procedures"": {""1"": ""5"", ""2"": ""6"", ""3"": ""7"", ""4"": ""8""}, ""actual_procedures"": {""1"": ""J30.9"", ""2"": ""R09.81"", ""3"": ""J45.20"", ""4"": ""L20.89""}}","1: J30.9 | 2: R09.81
3: J45.20 | 4: L20.89",CO,45,45,,N381,N381,,45,,N381,,ANTHEM BCBS HEALTHCARE SOLUTIONS,mco_medicaid,PRIMARY,475,232.9,0.49,1699037499,10,123
3537,2,282,20634,35740,99383,well_visit,HC,EP,25,,,,1,260,123.94,28-04-2025,28-04-2025,14-05-2025,13-05-2025,"{""icd_10"": {""1"": ""Z00.129"", ""2"": ""Z71.3"", ""3"": ""Z71.82"", ""4"": ""Z68.53"", ""5"": ""J30.9"", ""6"": ""R09.81"", ""7"": ""J45.20"", ""8"": ""L20.89""}, ""procedures"": {""1"": ""1"", ""2"": ""2"", ""3"": ""3"", ""4"": ""4""}, ""actual_procedures"": {""1"": ""Z00.129"", ""2"": ""Z71.3"", ""3"": ""Z71.82"", ""4"": ""Z68.53""}}","1: Z00.129 | 2: Z71.3
3: Z71.82 | 4: Z68.53",CO,45,45,,N381,N381,,45,,N381,,ANTHEM BCBS HEALTHCARE SOLUTIONS,mco_medicaid,PRIMARY,475,232.9,0.49,1699037499,10,123
3537,3,283,20634,35740,94010,respiratory,HC,59,,,,,1,65,33.8,28-04-2025,28-04-2025,14-05-2025,13-05-2025,"{""icd_10"": {""1"": ""Z00.129"", ""2"": ""Z71.3"", ""3"": ""Z71.82"", ""4"": ""Z68.53"", ""5"": ""J30.9"", ""6"": ""R09.81"", ""7"": ""J45.20"", ""8"": ""L20.89""}, ""procedures"": {""1"": ""7""}, ""actual_procedures"": {""1"": ""J45.20""}}",1: J45.20,CO,45,45,,N381,N381,,45,,N381,,ANTHEM BCBS HEALTHCARE SOLUTIONS,mco_medicaid,PRIMARY,475,232.9,0.49,1699037499,10,123
3538,1,284,20642,35748,99213,sick_visit,HC,U6,25,,,,1,150,75.16,29-04-2025,29-04-2025,14-05-2025,13-05-2025,"{""icd_10"": {""1"": ""Z00.129"", ""2"": ""L21.0"", ""3"": ""L20.89"", ""4"": ""Z29.3""}, ""procedures"": {""1"": ""2"", ""2"": ""3""}, ""actual_procedures"": {""1"": ""L21.0"", ""2"": ""L20.89""}}",1: L21.0 | 2: L20.89,CO,45,45,,N381,N381,,45,,N381,,ANTHEM BCBS HEALTHCARE SOLUTIONS,mco_medicaid,PRIMARY,420,202.24,0.48,1699037499,0,10
3538,2,285,20642,35748,99381,well_visit,HC,EP,25,,,,1,230,114.16,29-04-2025,29-04-2025,14-05-2025,13-05-2025,"{""icd_10"": {""1"": ""Z00.129"", ""2"": ""L21.0"", ""3"": ""L20.89"", ""4"": ""Z29.3""}, ""procedures"": {""1"": ""1""}, ""actual_procedures"": {""1"": ""Z00.129""}}",1: Z00.129,CO,45,45,,N381,N381,,45,,N381,,ANTHEM BCBS HEALTHCARE SOLUTIONS,mco_medicaid,PRIMARY,420,202.24,0.48,1699037499,0,10
3538,3,286,20642,35748,99188,procedure,HC,,,,,,1,40,12.92,29-04-2025,29-04-2025,14-05-2025,13-05-2025,"{""icd_10"": {""1"": ""Z00.129"", ""2"": ""L21.0"", ""3"": ""L20.89"", ""4"": ""Z29.3""}, ""procedures"": {""1"": ""4""}, ""actual_procedures"": {""1"": ""Z29.3""}}",1: Z29.3,CO,45,45,,N381,N381,,45,,N381,,ANTHEM BCBS HEALTHCARE SOLUTIONS,mco_medicaid,PRIMARY,420,202.24,0.48,1699037499,0,10
3539,1,287,31600,46706,99213,sick_visit,HC,U6,25,,,,0,150,0,23-04-2025,23-04-2025,14-05-2025,13-05-2025,,,CO,16,16,,MA63,MA63,,16,,MA63,,ANTHEM BCBS HEALTHCARE SOLUTIONS,mco_medicaid,PRIMARY,420,122.17,0.29,1699037499,9,111
3539,2,288,31600,46706,99393,well_visit,HC,EP,25,,,,1,230,109.25,23-04-2025,23-04-2025,14-05-2025,13-05-2025,,,CO,45,45,,N381,N381,,45,,N381,,ANTHEM BCBS HEALTHCARE SOLUTIONS,mco_medicaid,PRIMARY,420,122.17,0.29,1699037499,9,111
3539,3,289,31600,46706,99188,procedure,HC,,,,,,1,40,12.92,23-04-2025,23-04-2025,14-05-2025,13-05-2025,,,CO,45,45,,N381,N381,,45,,N381,,ANTHEM BCBS HEALTHCARE SOLUTIONS,mco_medicaid,PRIMARY,420,122.17,0.29,1699037499,9,111
3540,1,290,318361,46942,99203,sick_visit,HC,,,,,,1,220,111.34,30-04-2025,30-04-2025,14-05-2025,13-05-2025,"{""icd_10"": {""1"": ""L30.5"", ""2"": ""L83""}, ""procedures"": {""1"": ""1"", ""2"": ""2""}, ""actual_procedures"": {""1"": ""L30.5"", ""2"": ""L83""}}",1: L30.5 | 2: L83,CO,45,45,,N381,N381,,45,,N381,,ANTHEM BCBS HEALTHCARE SOLUTIONS,mco_medicaid,PRIMARY,220,111.34,0.51,1699037499,15,190
3541,1,291,356805,50786,99213,sick_visit,HC,U6,25,,,,1,150,75.16,02-05-2025,02-05-2025,14-05-2025,13-05-2025,"{""icd_10"": {""1"": ""Z00.129"", ""2"": ""Z71.3"", ""3"": ""F80.89"", ""4"": ""R62.50"", ""5"": ""R05.1"", ""6"": ""R09.81""}, ""procedures"": {""1"": ""3"", ""2"": ""4"", ""3"": ""5"", ""4"": ""6""}, ""actual_procedures"": {""1"": ""F80.89"", ""2"": ""R62.50"", ""3"": ""R05.1"", ""4"": ""R09.81""}}","1: F80.89 | 2: R62.50
3: R05.1 | 4: R09.81",CO,45,45,,N381,N381,,45,,N381,,ANTHEM BCBS HEALTHCARE SOLUTIONS,mco_medicaid,PRIMARY,390,194,0.5,1699037499,2,30
3541,2,292,356805,50786,99382,well_visit,HC,EP,25,,,,1,240,118.84,02-05-2025,02-05-2025,14-05-2025,13-05-2025,"{""icd_10"": {""1"": ""Z00.129"", ""2"": ""Z71.3"", ""3"": ""F80.89"", ""4"": ""R62.50"", ""5"": ""R05.1"", ""6"": ""R09.81""}, ""procedures"": {""1"": ""1"", ""2"": ""2""}, ""actual_procedures"": {""1"": ""Z00.129"", ""2"": ""Z71.3""}}",1: Z00.129 | 2: Z71.3,CO,45,45,,N381,N381,,45,,N381,,ANTHEM BCBS HEALTHCARE SOLUTIONS,mco_medicaid,PRIMARY,390,194,0.5,1699037499,2,30
3542,1,293,35602,50708,99213,sick_visit,HC,25,,,,,0,150,0,01-05-2025,01-05-2025,14-05-2025,13-05-2025,"{""icd_10"": {""1"": ""R19.7"", ""2"": ""E86.0""}, ""procedures"": {""1"": ""1"", ""2"": ""2""}, ""actual_procedures"": {""1"": ""R19.7"", ""2"": ""E86.0""}}",1: R19.7 | 2: E86.0,CO,16,16,,M76,M76,,16,,M76,,ANTHEM BCBS HEALTHCARE SOLUTIONS,mco_medicaid,PRIMARY,200,0,0,1699037499,6,80
3542,2,294,35602,50708,99058,Walk-In,HC,59,,,,,0,50,0,01-05-2025,01-05-2025,14-05-2025,13-05-2025,"{""icd_10"": {""1"": ""R19.7"", ""2"": ""E86.0""}, ""procedures"": {""1"": ""1"", ""2"": ""2""}, ""actual_procedures"": {""1"": ""R19.7"", ""2"": ""E86.0""}}",1: R19.7 | 2: E86.0,CO,16,16,,M76,M76,,16,,M76,,ANTHEM BCBS HEALTHCARE SOLUTIONS,mco_medicaid,PRIMARY,200,0,0,1699037499,6,80
3543,1,295,35603,50709,99203,sick_visit,HC,25,,,,,1,220,111.34,01-05-2025,01-05-2025,14-05-2025,13-05-2025,"{""icd_10"": {""1"": ""R42"", ""2"": ""R53.1"", ""3"": ""Z71.3"", ""4"": ""Z29.3""}, ""procedures"": {""1"": ""1"", ""2"": ""2"", ""3"": ""3""}, ""actual_procedures"": {""1"": ""R42"", ""2"": ""R53.1"", ""3"": ""Z71.3""}}","1: R42 | 2: R53.1
3: Z71.3",CO,45,45,,N381,N381,,45,,N381,,ANTHEM BCBS HEALTHCARE SOLUTIONS,mco_medicaid,PRIMARY,313.5,147.02,0.47,1699037499,10,127
3543,2,296,35603,50709,81002,poc,HC,,,,,,1,3.5,2.09,01-05-2025,01-05-2025,14-05-2025,13-05-2025,"{""icd_10"": {""1"": ""R42"", ""2"": ""R53.1"", ""3"": ""Z71.3"", ""4"": ""Z29.3""}, ""procedures"": {""1"": ""1"", ""2"": ""2"", ""3"": ""3""}, ""actual_procedures"": {""1"": ""R42"", ""2"": ""R53.1"", ""3"": ""Z71.3""}}","1: R42 | 2: R53.1
3: Z71.3",CO,45,45,,N381,N381,,45,,N381,,ANTHEM BCBS HEALTHCARE SOLUTIONS,mco_medicaid,PRIMARY,313.5,147.02,0.47,1699037499,10,127
3543,3,297,35603,50709,99188,procedure,HC,,,,,,1,40,12.92,01-05-2025,01-05-2025,14-05-2025,13-05-2025,"{""icd_10"": {""1"": ""R42"", ""2"": ""R53.1"", ""3"": ""Z71.3"", ""4"": ""Z29.3""}, ""procedures"": {""1"": ""3""}, ""actual_procedures"": {""1"": ""Z71.3""}}",1: Z71.3,CO,45,45,,N381,N381,,45,,N381,,ANTHEM BCBS HEALTHCARE SOLUTIONS,mco_medicaid,PRIMARY,313.5,147.02,0.47,1699037499,10,127
3543,4,298,35603,50709,99058,Walk-In,HC,59,,,,,1,50,20.67,01-05-2025,01-05-2025,14-05-2025,13-05-2025,"{""icd_10"": {""1"": ""R42"", ""2"": ""R53.1"", ""3"": ""Z71.3"", ""4"": ""Z29.3""}, ""procedures"": {""1"": ""1"", ""2"": ""2""}, ""actual_procedures"": {""1"": ""R42"", ""2"": ""R53.1""}}",1: R42 | 2: R53.1,CO,45,45,,N381,N381,,45,,N381,,ANTHEM BCBS HEALTHCARE SOLUTIONS,mco_medicaid,PRIMARY,313.5,147.02,0.47,1699037499,10,127
3544,1,299,32512,47618,99213,sick_visit,HC,25,,,,,1,150,75.16,30-04-2025,30-04-2025,14-05-2025,13-05-2025,"{""icd_10"": {""1"": ""B02.9"", ""2"": ""L20.89""}, ""procedures"": {""1"": ""1"", ""2"": ""2""}, ""actual_procedures"": {""1"": ""B02.9"", ""2"": ""L20.89""}}",1: B02.9 | 2: L20.89,CO,45,45,,N381,N381,,45,,N381,,ANTHEM BCBS HEALTHCARE SOLUTIONS,mco_medicaid,PRIMARY,200,95.83,0.48,1699037499,18,224
3544,2,300,32512,47618,99058,Walk-In,HC,59,,,,,1,50,20.67,30-04-2025,30-04-2025,14-05-2025,13-05-2025,"{""icd_10"": {""1"": ""B02.9"", ""2"": ""L20.89""}, ""procedures"": {""1"": ""1"", ""2"": ""2""}, ""actual_procedures"": {""1"": ""B02.9"", ""2"": ""L20.89""}}",1: B02.9 | 2: L20.89,CO,45,45,,N381,N381,,45,,N381,,ANTHEM BCBS HEALTHCARE SOLUTIONS,mco_medicaid,PRIMARY,200,95.83,0.48,1699037499,18,224
3545,1,301,35791,50897,99213,sick_visit,HC,U6,25,,,,1,150,75.16,30-04-2025,30-04-2025,14-05-2025,13-05-2025,"{""icd_10"": {""1"": ""Z00.129"", ""2"": ""Z68.54"", ""3"": ""Z71.3"", ""4"": ""Z71.82"", ""5"": ""R42"", ""6"": ""G44.1"", ""7"": ""F98.9"", ""8"": ""Z29.3""}, ""procedures"": {""1"": ""5"", ""2"": ""6"", ""3"": ""7""}, ""actual_procedures"": {""1"": ""R42"", ""2"": ""G44.1"", ""3"": ""F98.9""}}","1: R42 | 2: G44.1
3: F98.9",CO,45,45,,N381,N381,,45,,N381,,ANTHEM BCBS HEALTHCARE SOLUTIONS,mco_medicaid,PRIMARY,475,228.07,0.48,1699037499,12,144
3545,2,302,35791,50897,99384,well_visit,HC,EP,25,,,,1,285,139.99,30-04-2025,30-04-2025,14-05-2025,13-05-2025,"{""icd_10"": {""1"": ""Z00.129"", ""2"": ""Z68.54"", ""3"": ""Z71.3"", ""4"": ""Z71.82"", ""5"": ""R42"", ""6"": ""G44.1"", ""7"": ""F98.9"", ""8"": ""Z29.3""}, ""procedures"": {""1"": ""1"", ""2"": ""2"", ""3"": ""3"", ""4"": ""4""}, ""actual_procedures"": {""1"": ""Z00.129"", ""2"": ""Z68.54"", ""3"": ""Z71.3"", ""4"": ""Z71.82""}}","1: Z00.129 | 2: Z68.54
3: Z71.3 | 4: Z71.82",CO,45,45,,N381,N381,,45,,N381,,ANTHEM BCBS HEALTHCARE SOLUTIONS,mco_medicaid,PRIMARY,475,228.07,0.48,1699037499,12,144
3545,3,303,35791,50897,99188,procedure,HC,,,,,,1,40,12.92,30-04-2025,30-04-2025,14-05-2025,13-05-2025,"{""icd_10"": {""1"": ""Z00.129"", ""2"": ""Z68.54"", ""3"": ""Z71.3"", ""4"": ""Z71.82"", ""5"": ""R42"", ""6"": ""G44.1"", ""7"": ""F98.9"", ""8"": ""Z29.3""}, ""procedures"": {""1"": ""8""}, ""actual_procedures"": {""1"": ""Z29.3""}}",1: Z29.3,CO,45,45,,N381,N381,,45,,N381,,ANTHEM BCBS HEALTHCARE SOLUTIONS,mco_medicaid,PRIMARY,475,228.07,0.48,1699037499,12,144
3546,1,304,31163,46269,99204,sick_visit,HC,25,,,,,1,320,170.64,02-05-2025,02-05-2025,14-05-2025,13-05-2025,"{""icd_10"": {""1"": ""R50.9"", ""2"": ""R05.1"", ""3"": ""B34.9"", ""4"": ""E61.1""}, ""procedures"": {""1"": ""1"", ""2"": ""2"", ""3"": ""3"", ""4"": ""4""}, ""actual_procedures"": {""1"": ""R50.9"", ""2"": ""R05.1"", ""3"": ""B34.9"", ""4"": ""E61.1""}}","1: R50.9 | 2: R05.1
3: B34.9 | 4: E61.1",CO,45,45,,N381,N381,,45,,N381,,ANTHEM BCBS HEALTHCARE SOLUTIONS,mco_medicaid,PRIMARY,488.24,233.42,0.48,1699037499,1,20
3546,2,305,31163,46269,85018,poc,HC,QW,,,,,1,3.24,1.42,02-05-2025,02-05-2025,14-05-2025,13-05-2025,"{""icd_10"": {""1"": ""R50.9"", ""2"": ""R05.1"", ""3"": ""B34.9"", ""4"": ""E61.1""}, ""procedures"": {""1"": ""4""}, ""actual_procedures"": {""1"": ""E61.1""}}",1: E61.1,CO,45,45,,N381,N381,,45,,N381,,ANTHEM BCBS HEALTHCARE SOLUTIONS,mco_medicaid,PRIMARY,488.24,233.42,0.48,1699037499,1,20
3546,3,306,31163,46269,87880,poc,HC,QW,,,,,1,25,9.92,02-05-2025,02-05-2025,14-05-2025,13-05-2025,"{""icd_10"": {""1"": ""R50.9"", ""2"": ""R05.1"", ""3"": ""B34.9"", ""4"": ""E61.1""}, ""procedures"": {""1"": ""1"", ""2"": ""2"", ""3"": ""3""}, ""actual_procedures"": {""1"": ""R50.9"", ""2"": ""R05.1"", ""3"": ""B34.9""}}","1: R50.9 | 2: R05.1
3: B34.9",CO,45,45,,N381,N381,,45,,N381,,ANTHEM BCBS HEALTHCARE SOLUTIONS,mco_medicaid,PRIMARY,488.24,233.42,0.48,1699037499,1,20
3546,4,307,31163,46269,87804,poc,HC,QW,,,,,2,50,19.86,02-05-2025,02-05-2025,14-05-2025,13-05-2025,"{""icd_10"": {""1"": ""R50.9"", ""2"": ""R05.1"", ""3"": ""B34.9"", ""4"": ""E61.1""}, ""procedures"": {""1"": ""1"", ""2"": ""2"", ""3"": ""3""}, ""actual_procedures"": {""1"": ""R50.9"", ""2"": ""R05.1"", ""3"": ""B34.9""}}","1: R50.9 | 2: R05.1
3: B34.9",CO,45,45,,N381,N381,,45,,N381,,ANTHEM BCBS HEALTHCARE SOLUTIONS,mco_medicaid,PRIMARY,488.24,233.42,0.48,1699037499,1,20
3546,5,308,31163,46269,87807,poc,HC,QW,,,,,1,25,7.86,02-05-2025,02-05-2025,14-05-2025,13-05-2025,"{""icd_10"": {""1"": ""R50.9"", ""2"": ""R05.1"", ""3"": ""B34.9"", ""4"": ""E61.1""}, ""procedures"": {""1"": ""1"", ""2"": ""2"", ""3"": ""3""}, ""actual_procedures"": {""1"": ""R50.9"", ""2"": ""R05.1"", ""3"": ""B34.9""}}","1: R50.9 | 2: R05.1
3: B34.9",CO,45,45,,N381,N381,,45,,N381,,ANTHEM BCBS HEALTHCARE SOLUTIONS,mco_medicaid,PRIMARY,488.24,233.42,0.48,1699037499,1,20
3546,6,309,31163,46269,94760,respiratory,HC,59,,,,,1,15,3.05,02-05-2025,02-05-2025,14-05-2025,13-05-2025,"{""icd_10"": {""1"": ""R50.9"", ""2"": ""R05.1"", ""3"": ""B34.9"", ""4"": ""E61.1""}, ""procedures"": {""1"": ""1"", ""2"": ""2"", ""3"": ""3""}, ""actual_procedures"": {""1"": ""R50.9"", ""2"": ""R05.1"", ""3"": ""B34.9""}}","1: R50.9 | 2: R05.1
3: B34.9",CO,45,45,,N381,N381,,45,,N381,,ANTHEM BCBS HEALTHCARE SOLUTIONS,mco_medicaid,PRIMARY,488.24,233.42,0.48,1699037499,1,20
3546,7,310,31163,46269,99058,Walk-In,HC,59,,,,,1,50,20.67,02-05-2025,02-05-2025,14-05-2025,13-05-2025,"{""icd_10"": {""1"": ""R50.9"", ""2"": ""R05.1"", ""3"": ""B34.9"", ""4"": ""E61.1""}, ""procedures"": {""1"": ""1"", ""2"": ""2"", ""3"": ""3"", ""4"": ""4""}, ""actual_procedures"": {""1"": ""R50.9"", ""2"": ""R05.1"", ""3"": ""B34.9"", ""4"": ""E61.1""}}","1: R50.9 | 2: R05.1
3: B34.9 | 4: E61.1",CO,45,45,,N381,N381,,45,,N381,,ANTHEM BCBS HEALTHCARE SOLUTIONS,mco_medicaid,PRIMARY,488.24,233.42,0.48,1699037499,1,20
3547,1,311,35816,50922,99213,sick_visit,HC,U6,25,,,,1,150,75.16,02-05-2025,02-05-2025,14-05-2025,13-05-2025,"{""icd_10"": {""1"": ""Z00.129"", ""2"": ""Z68.52"", ""3"": ""Z71.3"", ""4"": ""Z71.82"", ""5"": ""L20.89"", ""6"": ""Z30.02"", ""7"": ""Z29.3""}, ""procedures"": {""1"": ""5""}, ""actual_procedures"": {""1"": ""L20.89""}}",1: L20.89,CO,45,45,,N381,N381,,45,,N381,,ANTHEM BCBS HEALTHCARE SOLUTIONS,mco_medicaid,PRIMARY,545.16,264.9,0.49,1699037499,17,210
3547,2,312,35816,50922,99384,well_visit,HC,EP,25,,,,1,285,139.99,02-05-2025,02-05-2025,14-05-2025,13-05-2025,"{""icd_10"": {""1"": ""Z00.129"", ""2"": ""Z68.52"", ""3"": ""Z71.3"", ""4"": ""Z71.82"", ""5"": ""L20.89"", ""6"": ""Z30.02"", ""7"": ""Z29.3""}, ""procedures"": {""1"": ""1"", ""2"": ""2"", ""3"": ""3"", ""4"": ""4""}, ""actual_procedures"": {""1"": ""Z00.129"", ""2"": ""Z68.52"", ""3"": ""Z71.3"", ""4"": ""Z71.82""}}","1: Z00.129 | 2: Z68.52
3: Z71.3 | 4: Z71.82",CO,45,45,,N381,N381,,45,,N381,,ANTHEM BCBS HEALTHCARE SOLUTIONS,mco_medicaid,PRIMARY,545.16,264.9,0.49,1699037499,17,210
3547,3,313,35816,50922,99188,procedure,HC,,,,,,1,40,12.92,02-05-2025,02-05-2025,14-05-2025,13-05-2025,"{""icd_10"": {""1"": ""Z00.129"", ""2"": ""Z68.52"", ""3"": ""Z71.3"", ""4"": ""Z71.82"", ""5"": ""L20.89"", ""6"": ""Z30.02"", ""7"": ""Z29.3""}, ""procedures"": {""1"": ""7""}, ""actual_procedures"": {""1"": ""Z29.3""}}",1: Z29.3,CO,45,45,,N381,N381,,45,,N381,,ANTHEM BCBS HEALTHCARE SOLUTIONS,mco_medicaid,PRIMARY,545.16,264.9,0.49,1699037499,17,210
3547,4,314,35816,50922,99401,Counseling - Preventive Counseling,HC,FP,25,,,,1,70.16,36.83,02-05-2025,02-05-2025,14-05-2025,13-05-2025,"{""icd_10"": {""1"": ""Z00.129"", ""2"": ""Z68.52"", ""3"": ""Z71.3"", ""4"": ""Z71.82"", ""5"": ""L20.89"", ""6"": ""Z30.02"", ""7"": ""Z29.3""}, ""procedures"": {""1"": ""6""}, ""actual_procedures"": {""1"": ""Z30.02""}}",1: Z30.02,CO,45,45,,N381,N381,,45,,N381,,ANTHEM BCBS HEALTHCARE SOLUTIONS,mco_medicaid,PRIMARY,545.16,264.9,0.49,1699037499,17,210
3548,1,315,3125671,46362,99213,sick_visit,HC,U6,25,,,,1,150,75.16,01-05-2025,01-05-2025,14-05-2025,13-05-2025,"{""icd_10"": {""1"": ""Z00.00"", ""2"": ""Z68.53"", ""3"": ""Z71.3"", ""4"": ""Z71.82"", ""5"": ""F90.2"", ""6"": ""Z30.02"", ""7"": ""Z29.3""}, ""procedures"": {""1"": ""5""}, ""actual_procedures"": {""1"": ""F90.2""}}",1: F90.2,CO,45,45,,N381,N381,,45,,N381,,ANTHEM BCBS HEALTHCARE SOLUTIONS,mco_medicaid,PRIMARY,555.16,260.91,0.47,1699037499,18,219
3548,2,316,3125671,46362,99385,well_visit,HC,EP,25,,,,1,295,136,01-05-2025,01-05-2025,14-05-2025,13-05-2025,"{""icd_10"": {""1"": ""Z00.00"", ""2"": ""Z68.53"", ""3"": ""Z71.3"", ""4"": ""Z71.82"", ""5"": ""F90.2"", ""6"": ""Z30.02"", ""7"": ""Z29.3""}, ""procedures"": {""1"": ""1"", ""2"": ""2"", ""3"": ""3"", ""4"": ""4""}, ""actual_procedures"": {""1"": ""Z00.00"", ""2"": ""Z68.53"", ""3"": ""Z71.3"", ""4"": ""Z71.82""}}","1: Z00.00 | 2: Z68.53
3: Z71.3 | 4: Z71.82",CO,45,45,,N381,N381,,45,,N381,,ANTHEM BCBS HEALTHCARE SOLUTIONS,mco_medicaid,PRIMARY,555.16,260.91,0.47,1699037499,18,219
3548,3,317,3125671,46362,99188,procedure,HC,,,,,,1,40,12.92,01-05-2025,01-05-2025,14-05-2025,13-05-2025,"{""icd_10"": {""1"": ""Z00.00"", ""2"": ""Z68.53"", ""3"": ""Z71.3"", ""4"": ""Z71.82"", ""5"": ""F90.2"", ""6"": ""Z30.02"", ""7"": ""Z29.3""}, ""procedures"": {""1"": ""7""}, ""actual_procedures"": {""1"": ""Z29.3""}}",1: Z29.3,CO,45,45,,N381,N381,,45,,N381,,ANTHEM BCBS HEALTHCARE SOLUTIONS,mco_medicaid,PRIMARY,555.16,260.91,0.47,1699037499,18,219
3548,4,318,3125671,46362,99401,Counseling - Preventive Counseling,HC,FP,25,,,,1,70.16,36.83,01-05-2025,01-05-2025,14-05-2025,13-05-2025,"{""icd_10"": {""1"": ""Z00.00"", ""2"": ""Z68.53"", ""3"": ""Z71.3"", ""4"": ""Z71.82"", ""5"": ""F90.2"", ""6"": ""Z30.02"", ""7"": ""Z29.3""}, ""procedures"": {""1"": ""6""}, ""actual_procedures"": {""1"": ""Z30.02""}}",1: Z30.02,CO,45,45,,N381,N381,,45,,N381,,ANTHEM BCBS HEALTHCARE SOLUTIONS,mco_medicaid,PRIMARY,555.16,260.91,0.47,1699037499,18,219
3549,1,319,31915,47021,99204,sick_visit,HC,25,,,,,1,320,170.64,30-04-2025,30-04-2025,14-05-2025,13-05-2025,"{""icd_10"": {""1"": ""B34.9"", ""2"": ""M79.10"", ""3"": ""R50.9"", ""4"": ""R09.81"", ""5"": ""R11.10"", ""6"": ""R19.7"", ""7"": ""E86.0"", ""8"": ""J02.9""}, ""procedures"": {""1"": ""1"", ""2"": ""5"", ""3"": ""6"", ""4"": ""8""}, ""actual_procedures"": {""1"": ""B34.9"", ""2"": ""R11.10"", ""3"": ""R19.7"", ""4"": ""J02.9""}}","1: B34.9 | 2: R11.10
3: R19.7 | 4: J02.9",CO,45,45,,N381,N381,,45,,N381,,ANTHEM BCBS HEALTHCARE SOLUTIONS,mco_medicaid,PRIMARY,575,248.14,0.43,1699037499,5,66
3549,2,320,31915,47021,87880,poc,HC,QW,,,,,1,25,9.92,30-04-2025,30-04-2025,14-05-2025,13-05-2025,"{""icd_10"": {""1"": ""B34.9"", ""2"": ""M79.10"", ""3"": ""R50.9"", ""4"": ""R09.81"", ""5"": ""R11.10"", ""6"": ""R19.7"", ""7"": ""E86.0"", ""8"": ""J02.9""}, ""procedures"": {""1"": ""1"", ""2"": ""3"", ""3"": ""4"", ""4"": ""8""}, ""actual_procedures"": {""1"": ""B34.9"", ""2"": ""R50.9"", ""3"": ""R09.81"", ""4"": ""J02.9""}}","1: B34.9 | 2: R50.9
3: R09.81 | 4: J02.9",CO,45,45,,N381,N381,,45,,N381,,ANTHEM BCBS HEALTHCARE SOLUTIONS,mco_medicaid,PRIMARY,575,248.14,0.43,1699037499,5,66
3549,3,321,31915,47021,87811,poc,HC,QW,,,,,1,90,16.14,30-04-2025,30-04-2025,14-05-2025,13-05-2025,"{""icd_10"": {""1"": ""B34.9"", ""2"": ""M79.10"", ""3"": ""R50.9"", ""4"": ""R09.81"", ""5"": ""R11.10"", ""6"": ""R19.7"", ""7"": ""E86.0"", ""8"": ""J02.9""}, ""procedures"": {""1"": ""3"", ""2"": ""4"", ""3"": ""5"", ""4"": ""7""}, ""actual_procedures"": {""1"": ""R50.9"", ""2"": ""R09.81"", ""3"": ""R11.10"", ""4"": ""E86.0""}}","1: R50.9 | 2: R09.81
3: R11.10 | 4: E86.0",CO,45,45,,N381,N381,,45,,N381,,ANTHEM BCBS HEALTHCARE SOLUTIONS,mco_medicaid,PRIMARY,575,248.14,0.43,1699037499,5,66
3549,4,322,31915,47021,87804,poc,HC,QW,,,,,2,50,19.86,30-04-2025,30-04-2025,14-05-2025,13-05-2025,"{""icd_10"": {""1"": ""B34.9"", ""2"": ""M79.10"", ""3"": ""R50.9"", ""4"": ""R09.81"", ""5"": ""R11.10"", ""6"": ""R19.7"", ""7"": ""E86.0"", ""8"": ""J02.9""}, ""procedures"": {""1"": ""1"", ""2"": ""2"", ""3"": ""3"", ""4"": ""4""}, ""actual_procedures"": {""1"": ""B34.9"", ""2"": ""M79.10"", ""3"": ""R50.9"", ""4"": ""R09.81""}}","1: B34.9 | 2: M79.10
3: R50.9 | 4: R09.81",CO,45,45,,N381,N381,,45,,N381,,ANTHEM BCBS HEALTHCARE SOLUTIONS,mco_medicaid,PRIMARY,575,248.14,0.43,1699037499,5,66
3549,5,323,31915,47021,87807,poc,HC,QW,,,,,1,25,7.86,30-04-2025,30-04-2025,14-05-2025,13-05-2025,"{""icd_10"": {""1"": ""B34.9"", ""2"": ""M79.10"", ""3"": ""R50.9"", ""4"": ""R09.81"", ""5"": ""R11.10"", ""6"": ""R19.7"", ""7"": ""E86.0"", ""8"": ""J02.9""}, ""procedures"": {""1"": ""1"", ""2"": ""4"", ""3"": ""7"", ""4"": ""8""}, ""actual_procedures"": {""1"": ""B34.9"", ""2"": ""R09.81"", ""3"": ""E86.0"", ""4"": ""J02.9""}}","1: B34.9 | 2: R09.81
3: E86.0 | 4: J02.9",CO,45,45,,N381,N381,,45,,N381,,ANTHEM BCBS HEALTHCARE SOLUTIONS,mco_medicaid,PRIMARY,575,248.14,0.43,1699037499,5,66
3549,6,324,31915,47021,94760,respiratory,HC,59,,,,,1,15,3.05,30-04-2025,30-04-2025,14-05-2025,13-05-2025,"{""icd_10"": {""1"": ""B34.9"", ""2"": ""M79.10"", ""3"": ""R50.9"", ""4"": ""R09.81"", ""5"": ""R11.10"", ""6"": ""R19.7"", ""7"": ""E86.0"", ""8"": ""J02.9""}, ""procedures"": {""1"": ""1"", ""2"": ""2"", ""3"": ""8""}, ""actual_procedures"": {""1"": ""B34.9"", ""2"": ""M79.10"", ""3"": ""J02.9""}}","1: B34.9 | 2: M79.10
3: J02.9",CO,45,45,,N381,N381,,45,,N381,,ANTHEM BCBS HEALTHCARE SOLUTIONS,mco_medicaid,PRIMARY,575,248.14,0.43,1699037499,5,66
3549,7,325,31915,47021,99058,Walk-In,HC,59,,,,,1,50,20.67,30-04-2025,30-04-2025,14-05-2025,13-05-2025,"{""icd_10"": {""1"": ""B34.9"", ""2"": ""M79.10"", ""3"": ""R50.9"", ""4"": ""R09.81"", ""5"": ""R11.10"", ""6"": ""R19.7"", ""7"": ""E86.0"", ""8"": ""J02.9""}, ""procedures"": {""1"": ""1"", ""2"": ""5"", ""3"": ""6"", ""4"": ""8""}, ""actual_procedures"": {""1"": ""B34.9"", ""2"": ""R11.10"", ""3"": ""R19.7"", ""4"": ""J02.9""}}","1: B34.9 | 2: R11.10
3: R19.7 | 4: J02.9",CO,45,45,,N381,N381,,45,,N381,,ANTHEM BCBS HEALTHCARE SOLUTIONS,mco_medicaid,PRIMARY,575,248.14,0.43,1699037499,5,66
3550,1,326,33260,48366,99213,sick_visit,HC,25,,,,,1,150,75.16,02-05-2025,02-05-2025,14-05-2025,13-05-2025,"{""icd_10"": {""1"": ""R23.4"", ""2"": ""R21""}, ""procedures"": {""1"": ""1"", ""2"": ""2""}, ""actual_procedures"": {""1"": ""R23.4"", ""2"": ""R21""}}",1: R23.4 | 2: R21,CO,45,45,,N381,N381,,45,,N381,,ANTHEM BCBS HEALTHCARE SOLUTIONS,mco_medicaid,PRIMARY,175,85.08,0.49,1699037499,3,47
3550,2,327,33260,48366,87880,poc,HC,QW,,,,,1,25,9.92,02-05-2025,02-05-2025,14-05-2025,13-05-2025,"{""icd_10"": {""1"": ""R23.4"", ""2"": ""R21""}, ""procedures"": {""1"": ""1"", ""2"": ""2""}, ""actual_procedures"": {""1"": ""R23.4"", ""2"": ""R21""}}",1: R23.4 | 2: R21,CO,45,45,,N381,N381,,45,,N381,,ANTHEM BCBS HEALTHCARE SOLUTIONS,mco_medicaid,PRIMARY,175,85.08,0.49,1699037499,3,47
3551,1,328,32107,47213,99213,sick_visit,HC,U6,25,,,,1,150,75.16,30-04-2025,30-04-2025,14-05-2025,13-05-2025,"{""icd_10"": {""1"": ""Z00.129"", ""2"": ""Z29.3"", ""3"": ""Z13.41"", ""4"": ""F80.89""}, ""procedures"": {""1"": ""4""}, ""actual_procedures"": {""1"": ""F80.89""}}",1: F80.89,CO,45,45,,N381,N381,,45,,N381,,ANTHEM BCBS HEALTHCARE SOLUTIONS,mco_medicaid,PRIMARY,444.8,214.69,0.48,1699037499,3,46
3551,2,329,32107,47213,99382,well_visit,HC,EP,25,,,,1,240,118.84,30-04-2025,30-04-2025,14-05-2025,13-05-2025,"{""icd_10"": {""1"": ""Z00.129"", ""2"": ""Z29.3"", ""3"": ""Z13.41"", ""4"": ""F80.89""}, ""procedures"": {""1"": ""1""}, ""actual_procedures"": {""1"": ""Z00.129""}}",1: Z00.129,CO,45,45,,N381,N381,,45,,N381,,ANTHEM BCBS HEALTHCARE SOLUTIONS,mco_medicaid,PRIMARY,444.8,214.69,0.48,1699037499,3,46
3551,3,330,32107,47213,96110,procedure,HC,59,,,,,1,14.8,7.77,30-04-2025,30-04-2025,14-05-2025,13-05-2025,"{""icd_10"": {""1"": ""Z00.129"", ""2"": ""Z29.3"", ""3"": ""Z13.41"", ""4"": ""F80.89""}, ""procedures"": {""1"": ""3""}, ""actual_procedures"": {""1"": ""Z13.41""}}",1: Z13.41,CO,45,45,,N381,N381,,45,,N381,,ANTHEM BCBS HEALTHCARE SOLUTIONS,mco_medicaid,PRIMARY,444.8,214.69,0.48,1699037499,3,46
3551,4,331,32107,47213,99188,procedure,HC,,,,,,1,40,12.92,30-04-2025,30-04-2025,14-05-2025,13-05-2025,"{""icd_10"": {""1"": ""Z00.129"", ""2"": ""Z29.3"", ""3"": ""Z13.41"", ""4"": ""F80.89""}, ""procedures"": {""1"": ""2""}, ""actual_procedures"": {""1"": ""Z29.3""}}",1: Z29.3,CO,45,45,,N381,N381,,45,,N381,,ANTHEM BCBS HEALTHCARE SOLUTIONS,mco_medicaid,PRIMARY,444.8,214.69,0.48,1699037499,3,46
3552,1,332,2312654,17418,99203,sick_visit,HC,EP,25,,,,1,220,111.34,01-05-2025,01-05-2025,14-05-2025,13-05-2025,"{""icd_10"": {""1"": ""R10.13"", ""2"": ""N83.202"", ""3"": ""Z30.02"", ""4"": ""M54.50""}, ""procedures"": {""1"": ""1"", ""2"": ""2"", ""3"": ""4""}, ""actual_procedures"": {""1"": ""R10.13"", ""2"": ""N83.202"", ""3"": ""M54.50""}}","1: R10.13 | 2: N83.202
3: M54.50",CO,45,45,,N381,N381,,45,,N381,,ANTHEM BCBS HEALTHCARE SOLUTIONS,mco_medicaid,PRIMARY,290.16,148.17,0.51,1699037499,15,184
3552,2,333,2312654,17418,99401,Counseling - Preventive Counseling,HC,FP,25,,,,1,70.16,36.83,01-05-2025,01-05-2025,14-05-2025,13-05-2025,"{""icd_10"": {""1"": ""R10.13"", ""2"": ""N83.202"", ""3"": ""Z30.02"", ""4"": ""M54.50""}, ""procedures"": {""1"": ""3""}, ""actual_procedures"": {""1"": ""Z30.02""}}",1: Z30.02,CO,45,45,,N381,N381,,45,,N381,,ANTHEM BCBS HEALTHCARE SOLUTIONS,mco_medicaid,PRIMARY,290.16,148.17,0.51,1699037499,15,184
3553,1,334,23102457,17416,99213,sick_visit,HC,25,,,,,1,150,75.16,30-04-2025,30-04-2025,14-05-2025,13-05-2025,"{""icd_10"": {""1"": ""F90.2"", ""2"": ""F91.9"", ""3"": ""Z55.3"", ""4"": ""Z13.31""}, ""procedures"": {""1"": ""1"", ""2"": ""2"", ""3"": ""3""}, ""actual_procedures"": {""1"": ""F90.2"", ""2"": ""F91.9"", ""3"": ""Z55.3""}}","1: F90.2 | 2: F91.9
3: Z55.3",CO,45,45,,N381,N381,,45,,N381,,ANTHEM BCBS HEALTHCARE SOLUTIONS,mco_medicaid,PRIMARY,175,80.22,0.46,1699037499,9,113
3553,2,335,23102457,17416,96127,procedure,HC,59,,,,,1,25,5.06,30-04-2025,30-04-2025,14-05-2025,13-05-2025,"{""icd_10"": {""1"": ""F90.2"", ""2"": ""F91.9"", ""3"": ""Z55.3"", ""4"": ""Z13.31""}, ""procedures"": {""1"": ""4""}, ""actual_procedures"": {""1"": ""Z13.31""}}",1: Z13.31,CO,45,45,,N381,N381,,45,,N381,,ANTHEM BCBS HEALTHCARE SOLUTIONS,mco_medicaid,PRIMARY,175,80.22,0.46,1699037499,9,113
3554,1,336,3560881,50714,99213,sick_visit,HC,U6,25,,,,0,150,0,30-04-2025,30-04-2025,14-05-2025,13-05-2025,"{""icd_10"": {""1"": ""Z00.129"", ""2"": ""R19.7"", ""3"": ""P91.60"", ""4"": ""R62.50"", ""5"": ""Z93.1"", ""6"": ""Z23""}, ""procedures"": {""1"": ""2"", ""2"": ""3"", ""3"": ""4"", ""4"": ""5""}, ""actual_procedures"": {""1"": ""R19.7"", ""2"": ""P91.60"", ""3"": ""R62.50"", ""4"": ""Z93.1""}}","1: R19.7 | 2: P91.60
3: R62.50 | 4: Z93.1",PR,27,27,,,,,27,,,,ANTHEM BCBS HEALTHCARE SOLUTIONS,mco_medicaid,PRIMARY,555.05,0,0,1699037499,0,2
3554,2,337,3560881,50714,99381,well_visit,HC,EP,25,,,,0,230,0,30-04-2025,30-04-2025,14-05-2025,13-05-2025,"{""icd_10"": {""1"": ""Z00.129"", ""2"": ""R19.7"", ""3"": ""P91.60"", ""4"": ""R62.50"", ""5"": ""Z93.1"", ""6"": ""Z23""}, ""procedures"": {""1"": ""1""}, ""actual_procedures"": {""1"": ""Z00.129""}}",1: Z00.129,PR,27,27,,,,,27,,,,ANTHEM BCBS HEALTHCARE SOLUTIONS,mco_medicaid,PRIMARY,555.05,0,0,1699037499,0,2
3554,3,338,3560881,50714,90460,vaccine_administration,HC,,,,,,0,125,0,30-04-2025,30-04-2025,14-05-2025,13-05-2025,"{""icd_10"": {""1"": ""Z00.129"", ""2"": ""R19.7"", ""3"": ""P91.60"", ""4"": ""R62.50"", ""5"": ""Z93.1"", ""6"": ""Z23""}, ""procedures"": {""1"": ""6""}, ""actual_procedures"": {""1"": ""Z23""}}",1: Z23,PR,27,27,,,,,27,,,,ANTHEM BCBS HEALTHCARE SOLUTIONS,mco_medicaid,PRIMARY,555.05,0,0,1699037499,0,2
3554,4,339,3560881,50714,90700,vaccine,HC,,,,,,0,0.01,0,30-04-2025,30-04-2025,14-05-2025,13-05-2025,"{""icd_10"": {""1"": ""Z00.129"", ""2"": ""R19.7"", ""3"": ""P91.60"", ""4"": ""R62.50"", ""5"": ""Z93.1"", ""6"": ""Z23""}, ""procedures"": {""1"": ""6""}, ""actual_procedures"": {""1"": ""Z23""}}",1: Z23,PR,27,27,,,,,27,,,,ANTHEM BCBS HEALTHCARE SOLUTIONS,mco_medicaid,PRIMARY,555.05,0,0,1699037499,0,2
3554,5,340,3560881,50714,90713,vaccine,HC,,,,,,0,0.01,0,30-04-2025,30-04-2025,14-05-2025,13-05-2025,"{""icd_10"": {""1"": ""Z00.129"", ""2"": ""R19.7"", ""3"": ""P91.60"", ""4"": ""R62.50"", ""5"": ""Z93.1"", ""6"": ""Z23""}, ""procedures"": {""1"": ""6""}, ""actual_procedures"": {""1"": ""Z23""}}",1: Z23,PR,27,27,,,,,27,,,,ANTHEM BCBS HEALTHCARE SOLUTIONS,mco_medicaid,PRIMARY,555.05,0,0,1699037499,0,2
3554,6,341,3560881,50714,90472,vaccine_administration,HC,,,,,,0,50,0,30-04-2025,30-04-2025,14-05-2025,13-05-2025,"{""icd_10"": {""1"": ""Z00.129"", ""2"": ""R19.7"", ""3"": ""P91.60"", ""4"": ""R62.50"", ""5"": ""Z93.1"", ""6"": ""Z23""}, ""procedures"": {""1"": ""6""}, ""actual_procedures"": {""1"": ""Z23""}}",1: Z23,PR,27,27,,,,,27,,,,ANTHEM BCBS HEALTHCARE SOLUTIONS,mco_medicaid,PRIMARY,555.05,0,0,1699037499,0,2
3554,7,342,3560881,50714,90647,vaccine,HC,,,,,,0,0.01,0,30-04-2025,30-04-2025,14-05-2025,13-05-2025,"{""icd_10"": {""1"": ""Z00.129"", ""2"": ""R19.7"", ""3"": ""P91.60"", ""4"": ""R62.50"", ""5"": ""Z93.1"", ""6"": ""Z23""}, ""procedures"": {""1"": ""6""}, ""actual_procedures"": {""1"": ""Z23""}}",1: Z23,PR,27,27,,,,,27,,,,ANTHEM BCBS HEALTHCARE SOLUTIONS,mco_medicaid,PRIMARY,555.05,0,0,1699037499,0,2
3554,8,343,3560881,50714,90680,vaccine,HC,,,,,,0,0.01,0,30-04-2025,30-04-2025,14-05-2025,13-05-2025,"{""icd_10"": {""1"": ""Z00.129"", ""2"": ""R19.7"", ""3"": ""P91.60"", ""4"": ""R62.50"", ""5"": ""Z93.1"", ""6"": ""Z23""}, ""procedures"": {""1"": ""6""}, ""actual_procedures"": {""1"": ""Z23""}}",1: Z23,PR,27,27,,,,,27,,,,ANTHEM BCBS HEALTHCARE SOLUTIONS,mco_medicaid,PRIMARY,555.05,0,0,1699037499,0,2
3554,9,344,3560881,50714,90671,vaccine,HC,,,,,,0,0.01,0,30-04-2025,30-04-2025,14-05-2025,13-05-2025,"{""icd_10"": {""1"": ""Z00.129"", ""2"": ""R19.7"", ""3"": ""P91.60"", ""4"": ""R62.50"", ""5"": ""Z93.1"", ""6"": ""Z23""}, ""procedures"": {""1"": ""6""}, ""actual_procedures"": {""1"": ""Z23""}}",1: Z23,PR,27,27,,,,,27,,,,ANTHEM BCBS HEALTHCARE SOLUTIONS,mco_medicaid,PRIMARY,555.05,0,0,1699037499,0,2
3555,1,345,31520,46626,99213,sick_visit,HC,U6,25,,,,1,150,75.16,30-04-2025,30-04-2025,14-05-2025,13-05-2025,"{""icd_10"": {""1"": ""Z00.129"", ""2"": ""Z71.3"", ""3"": ""Z71.82"", ""4"": ""Z68.52"", ""5"": ""Z29.3"", ""6"": ""M25.571""}, ""procedures"": {""1"": ""6""}, ""actual_procedures"": {""1"": ""M25.571""}}",1: M25.571,CO,45,45,,N381,N381,,45,,N381,,ANTHEM BCBS HEALTHCARE SOLUTIONS,mco_medicaid,PRIMARY,450,212.02,0.47,1699037499,10,129
3555,2,346,31520,46626,99383,well_visit,HC,EP,25,,,,1,260,123.94,30-04-2025,30-04-2025,14-05-2025,13-05-2025,"{""icd_10"": {""1"": ""Z00.129"", ""2"": ""Z71.3"", ""3"": ""Z71.82"", ""4"": ""Z68.52"", ""5"": ""Z29.3"", ""6"": ""M25.571""}, ""procedures"": {""1"": ""1"", ""2"": ""2"", ""3"": ""3"", ""4"": ""4""}, ""actual_procedures"": {""1"": ""Z00.129"", ""2"": ""Z71.3"", ""3"": ""Z71.82"", ""4"": ""Z68.52""}}","1: Z00.129 | 2: Z71.3
3: Z71.82 | 4: Z68.52",CO,45,45,,N381,N381,,45,,N381,,ANTHEM BCBS HEALTHCARE SOLUTIONS,mco_medicaid,PRIMARY,450,212.02,0.47,1699037499,10,129
3555,3,347,31520,46626,99188,procedure,HC,,,,,,1,40,12.92,30-04-2025,30-04-2025,14-05-2025,13-05-2025,"{""icd_10"": {""1"": ""Z00.129"", ""2"": ""Z71.3"", ""3"": ""Z71.82"", ""4"": ""Z68.52"", ""5"": ""Z29.3"", ""6"": ""M25.571""}, ""procedures"": {""1"": ""5""}, ""actual_procedures"": {""1"": ""Z29.3""}}",1: Z29.3,CO,45,45,,N381,N381,,45,,N381,,ANTHEM BCBS HEALTHCARE SOLUTIONS,mco_medicaid,PRIMARY,450,212.02,0.47,1699037499,10,129
3556,1,348,333223,48428,99213,sick_visit,HC,U6,25,,,,1,150,75.16,01-05-2025,01-05-2025,14-05-2025,13-05-2025,"{""icd_10"": {""1"": ""Z00.129"", ""2"": ""Z71.3"", ""3"": ""Z71.82"", ""4"": ""Z68.54"", ""5"": ""Z29.3"", ""6"": ""L20.89"", ""7"": ""L50.0"", ""8"": ""F84.0"", ""9"": ""R62.50"", ""10"": ""F80.89""}, ""procedures"": {""1"": ""6"", ""2"": ""7"", ""3"": ""8"", ""4"": ""9""}, ""actual_procedures"": {""1"": ""L20.89"", ""2"": ""L50.0"", ""3"": ""F84.0"", ""4"": ""R62.50""}}","1: L20.89 | 2: L50.0
3: F84.0 | 4: R62.50",CO,45,45,,N381,N381,,45,,N381,,ANTHEM BCBS HEALTHCARE SOLUTIONS,mco_medicaid,PRIMARY,466.88,221.94,0.48,1699037499,6,80
3556,2,349,333223,48428,99393,well_visit,HC,EP,25,,,,1,230,109.25,01-05-2025,01-05-2025,14-05-2025,13-05-2025,"{""icd_10"": {""1"": ""Z00.129"", ""2"": ""Z71.3"", ""3"": ""Z71.82"", ""4"": ""Z68.54"", ""5"": ""Z29.3"", ""6"": ""L20.89"", ""7"": ""L50.0"", ""8"": ""F84.0"", ""9"": ""R62.50"", ""10"": ""F80.89""}, ""procedures"": {""1"": ""1"", ""2"": ""2"", ""3"": ""3"", ""4"": ""4""}, ""actual_procedures"": {""1"": ""Z00.129"", ""2"": ""Z71.3"", ""3"": ""Z71.82"", ""4"": ""Z68.54""}}","1: Z00.129 | 2: Z71.3
3: Z71.82 | 4: Z68.54",CO,45,45,,N381,N381,,45,,N381,,ANTHEM BCBS HEALTHCARE SOLUTIONS,mco_medicaid,PRIMARY,466.88,221.94,0.48,1699037499,6,80
3556,3,350,333223,48428,99188,procedure,HC,,,,,,1,40,12.92,01-05-2025,01-05-2025,14-05-2025,13-05-2025,"{""icd_10"": {""1"": ""Z00.129"", ""2"": ""Z71.3"", ""3"": ""Z71.82"", ""4"": ""Z68.54"", ""5"": ""Z29.3"", ""6"": ""L20.89"", ""7"": ""L50.0"", ""8"": ""F84.0"", ""9"": ""R62.50"", ""10"": ""F80.89""}, ""procedures"": {""1"": ""5""}, ""actual_procedures"": {""1"": ""Z29.3""}}",1: Z29.3,CO,45,45,,N381,N381,,45,,N381,,ANTHEM BCBS HEALTHCARE SOLUTIONS,mco_medicaid,PRIMARY,466.88,221.94,0.48,1699037499,6,80
3556,4,351,333223,48428,G0447,Counseling - Preventive Counseling,HC,59,,,,,1,46.88,24.61,01-05-2025,01-05-2025,14-05-2025,13-05-2025,"{""icd_10"": {""1"": ""Z00.129"", ""2"": ""Z71.3"", ""3"": ""Z71.82"", ""4"": ""Z68.54"", ""5"": ""Z29.3"", ""6"": ""L20.89"", ""7"": ""L50.0"", ""8"": ""F84.0"", ""9"": ""R62.50"", ""10"": ""F80.89""}, ""procedures"": {""1"": ""4""}, ""actual_procedures"": {""1"": ""Z68.54""}}",1: Z68.54,CO,45,45,,N381,N381,,45,,N381,,ANTHEM BCBS HEALTHCARE SOLUTIONS,mco_medicaid,PRIMARY,466.88,221.94,0.48,1699037499,6,80
3557,1,352,31341,46447,99213,sick_visit,HC,U6,25,,,,1,150,75.16,30-04-2025,30-04-2025,14-05-2025,13-05-2025,"{""icd_10"": {""1"": ""Z00.129"", ""2"": ""Z68.54"", ""3"": ""Z71.3"", ""4"": ""Z71.82"", ""5"": ""Z13.31"", ""6"": ""Z30.02"", ""7"": ""L70.8"", ""8"": ""L83"", ""9"": ""Z29.3""}, ""procedures"": {""1"": ""7"", ""2"": ""8""}, ""actual_procedures"": {""1"": ""L70.8"", ""2"": ""L83""}}",1: L70.8 | 2: L83,CO,45,45,,N381,N381,,45,,N381,,ANTHEM BCBS HEALTHCARE SOLUTIONS,mco_medicaid,PRIMARY,617.04,294.57,0.48,1699037499,15,182
3557,2,353,31341,46447,99384,well_visit,HC,EP,25,,,,1,285,139.99,30-04-2025,30-04-2025,14-05-2025,13-05-2025,"{""icd_10"": {""1"": ""Z00.129"", ""2"": ""Z68.54"", ""3"": ""Z71.3"", ""4"": ""Z71.82"", ""5"": ""Z13.31"", ""6"": ""Z30.02"", ""7"": ""L70.8"", ""8"": ""L83"", ""9"": ""Z29.3""}, ""procedures"": {""1"": ""1"", ""2"": ""2"", ""3"": ""3"", ""4"": ""4""}, ""actual_procedures"": {""1"": ""Z00.129"", ""2"": ""Z68.54"", ""3"": ""Z71.3"", ""4"": ""Z71.82""}}","1: Z00.129 | 2: Z68.54
3: Z71.3 | 4: Z71.82",CO,45,45,,N381,N381,,45,,N381,,ANTHEM BCBS HEALTHCARE SOLUTIONS,mco_medicaid,PRIMARY,617.04,294.57,0.48,1699037499,15,182
3557,3,354,31341,46447,99188,procedure,HC,,,,,,1,40,12.92,30-04-2025,30-04-2025,14-05-2025,13-05-2025,"{""icd_10"": {""1"": ""Z00.129"", ""2"": ""Z68.54"", ""3"": ""Z71.3"", ""4"": ""Z71.82"", ""5"": ""Z13.31"", ""6"": ""Z30.02"", ""7"": ""L70.8"", ""8"": ""L83"", ""9"": ""Z29.3""}, ""procedures"": {""1"": ""9""}, ""actual_procedures"": {""1"": ""Z29.3""}}",1: Z29.3,CO,45,45,,N381,N381,,45,,N381,,ANTHEM BCBS HEALTHCARE SOLUTIONS,mco_medicaid,PRIMARY,617.04,294.57,0.48,1699037499,15,182
3557,4,355,31341,46447,96127,procedure,HC,59,,,,,1,25,5.06,30-04-2025,30-04-2025,14-05-2025,13-05-2025,"{""icd_10"": {""1"": ""Z00.129"", ""2"": ""Z68.54"", ""3"": ""Z71.3"", ""4"": ""Z71.82"", ""5"": ""Z13.31"", ""6"": ""Z30.02"", ""7"": ""L70.8"", ""8"": ""L83"", ""9"": ""Z29.3""}, ""procedures"": {""1"": ""5""}, ""actual_procedures"": {""1"": ""Z13.31""}}",1: Z13.31,CO,45,45,,N381,N381,,45,,N381,,ANTHEM BCBS HEALTHCARE SOLUTIONS,mco_medicaid,PRIMARY,617.04,294.57,0.48,1699037499,15,182
3557,5,356,31341,46447,99401,Counseling - Preventive Counseling,HC,FP,25,,,,1,70.16,36.83,30-04-2025,30-04-2025,14-05-2025,13-05-2025,"{""icd_10"": {""1"": ""Z00.129"", ""2"": ""Z68.54"", ""3"": ""Z71.3"", ""4"": ""Z71.82"", ""5"": ""Z13.31"", ""6"": ""Z30.02"", ""7"": ""L70.8"", ""8"": ""L83"", ""9"": ""Z29.3""}, ""procedures"": {""1"": ""6""}, ""actual_procedures"": {""1"": ""Z30.02""}}",1: Z30.02,CO,45,45,,N381,N381,,45,,N381,,ANTHEM BCBS HEALTHCARE SOLUTIONS,mco_medicaid,PRIMARY,617.04,294.57,0.48,1699037499,15,182
3557,6,357,31341,46447,G0447,Counseling - Preventive Counseling,HC,59,,,,,1,46.88,24.61,30-04-2025,30-04-2025,14-05-2025,13-05-2025,"{""icd_10"": {""1"": ""Z00.129"", ""2"": ""Z68.54"", ""3"": ""Z71.3"", ""4"": ""Z71.82"", ""5"": ""Z13.31"", ""6"": ""Z30.02"", ""7"": ""L70.8"", ""8"": ""L83"", ""9"": ""Z29.3""}, ""procedures"": {""1"": ""2""}, ""actual_procedures"": {""1"": ""Z68.54""}}",1: Z68.54,CO,45,45,,N381,N381,,45,,N381,,ANTHEM BCBS HEALTHCARE SOLUTIONS,mco_medicaid,PRIMARY,617.04,294.57,0.48,1699037499,15,182
3558,1,358,35797,50903,99213,sick_visit,HC,U6,25,,,,1,150,75.16,30-04-2025,30-04-2025,14-05-2025,13-05-2025,,,CO,45,45,,N381,N381,,45,,N381,,ANTHEM BCBS HEALTHCARE SOLUTIONS,mco_medicaid,PRIMARY,450,212.02,0.47,1699037499,6,72
3558,2,359,35797,50903,99383,well_visit,HC,EP,25,,,,1,260,123.94,30-04-2025,30-04-2025,14-05-2025,13-05-2025,,,CO,45,45,,N381,N381,,45,,N381,,ANTHEM BCBS HEALTHCARE SOLUTIONS,mco_medicaid,PRIMARY,450,212.02,0.47,1699037499,6,72
3558,3,360,35797,50903,99188,procedure,HC,,,,,,1,40,12.92,30-04-2025,30-04-2025,14-05-2025,13-05-2025,,,CO,45,45,,N381,N381,,45,,N381,,ANTHEM BCBS HEALTHCARE SOLUTIONS,mco_medicaid,PRIMARY,450,212.02,0.47,1699037499,6,72
3559,1,361,339783,49084,99213,sick_visit,HC,U6,25,,,,1,150,75.16,01-05-2025,01-05-2025,14-05-2025,13-05-2025,"{""icd_10"": {""1"": ""Z00.129"", ""2"": ""Z71.3"", ""3"": ""Z71.82"", ""4"": ""Z68.52"", ""5"": ""Z29.3"", ""6"": ""B34.9"", ""7"": ""R11.10"", ""8"": ""R10.13""}, ""procedures"": {""1"": ""6"", ""2"": ""7"", ""3"": ""8""}, ""actual_procedures"": {""1"": ""B34.9"", ""2"": ""R11.10"", ""3"": ""R10.13""}}","1: B34.9 | 2: R11.10
3: R10.13",CO,45,45,,N381,N381,,45,,N381,,ANTHEM BCBS HEALTHCARE SOLUTIONS,mco_medicaid,PRIMARY,450,212.02,0.47,1699037499,7,95
3559,2,362,339783,49084,99383,well_visit,HC,EP,25,,,,1,260,123.94,01-05-2025,01-05-2025,14-05-2025,13-05-2025,"{""icd_10"": {""1"": ""Z00.129"", ""2"": ""Z71.3"", ""3"": ""Z71.82"", ""4"": ""Z68.52"", ""5"": ""Z29.3"", ""6"": ""B34.9"", ""7"": ""R11.10"", ""8"": ""R10.13""}, ""procedures"": {""1"": ""1"", ""2"": ""2"", ""3"": ""3"", ""4"": ""4""}, ""actual_procedures"": {""1"": ""Z00.129"", ""2"": ""Z71.3"", ""3"": ""Z71.82"", ""4"": ""Z68.52""}}","1: Z00.129 | 2: Z71.3
3: Z71.82 | 4: Z68.52",CO,45,45,,N381,N381,,45,,N381,,ANTHEM BCBS HEALTHCARE SOLUTIONS,mco_medicaid,PRIMARY,450,212.02,0.47,1699037499,7,95
3559,3,363,339783,49084,99188,procedure,HC,,,,,,1,40,12.92,01-05-2025,01-05-2025,14-05-2025,13-05-2025,"{""icd_10"": {""1"": ""Z00.129"", ""2"": ""Z71.3"", ""3"": ""Z71.82"", ""4"": ""Z68.52"", ""5"": ""Z29.3"", ""6"": ""B34.9"", ""7"": ""R11.10"", ""8"": ""R10.13""}, ""procedures"": {""1"": ""5""}, ""actual_procedures"": {""1"": ""Z29.3""}}",1: Z29.3,CO,45,45,,N381,N381,,45,,N381,,ANTHEM BCBS HEALTHCARE SOLUTIONS,mco_medicaid,PRIMARY,450,212.02,0.47,1699037499,7,95
3560,1,364,2104,17210,99213,sick_visit,HC,U6,25,,,,1,150,75.16,02-05-2025,02-05-2025,14-05-2025,13-05-2025,"{""icd_10"": {""1"": ""Z00.129"", ""2"": ""Z29.3"", ""3"": ""R26.9""}, ""procedures"": {""1"": ""3""}, ""actual_procedures"": {""1"": ""R26.9""}}",1: R26.9,CO,45,45,,N381,N381,,45,,N381,,ANTHEM BCBS HEALTHCARE SOLUTIONS,mco_medicaid,PRIMARY,430,88.08,0.2,1699037499,1,14
3560,2,365,2104,17210,99382,well_visit,HC,EP,25,,,,0,240,0,02-05-2025,02-05-2025,14-05-2025,13-05-2025,"{""icd_10"": {""1"": ""Z00.129"", ""2"": ""Z29.3"", ""3"": ""R26.9""}, ""procedures"": {""1"": ""1""}, ""actual_procedures"": {""1"": ""Z00.129""}}",1: Z00.129,CO,B16,B16,,,,,B16,,,,ANTHEM BCBS HEALTHCARE SOLUTIONS,mco_medicaid,PRIMARY,430,88.08,0.2,1699037499,1,14
3560,3,366,2104,17210,99188,procedure,HC,,,,,,1,40,12.92,02-05-2025,02-05-2025,14-05-2025,13-05-2025,"{""icd_10"": {""1"": ""Z00.129"", ""2"": ""Z29.3"", ""3"": ""R26.9""}, ""procedures"": {""1"": ""2""}, ""actual_procedures"": {""1"": ""Z29.3""}}",1: Z29.3,CO,45,45,,N381,N381,,45,,N381,,ANTHEM BCBS HEALTHCARE SOLUTIONS,mco_medicaid,PRIMARY,430,88.08,0.2,1699037499,1,14
3561,1,367,32796,47902,99212,,HC,U6,25,,,,1,95,45.14,30-04-2025,30-04-2025,14-05-2025,13-05-2025,"{""icd_10"": {""1"": ""Z00.129"", ""2"": ""Z71.3"", ""3"": ""Z71.82"", ""4"": ""Z68.54"", ""5"": ""L83"", ""6"": ""Z29.3""}, ""procedures"": {""1"": ""5""}, ""actual_procedures"": {""1"": ""L83""}}",1: L83,CO,45,45,,N381,N381,,45,,N381,,ANTHEM BCBS HEALTHCARE SOLUTIONS,mco_medicaid,PRIMARY,441.88,206.61,0.47,1699037499,9,111
3561,2,368,32796,47902,99383,well_visit,HC,EP,25,,,,1,260,123.94,30-04-2025,30-04-2025,14-05-2025,13-05-2025,"{""icd_10"": {""1"": ""Z00.129"", ""2"": ""Z71.3"", ""3"": ""Z71.82"", ""4"": ""Z68.54"", ""5"": ""L83"", ""6"": ""Z29.3""}, ""procedures"": {""1"": ""1"", ""2"": ""2"", ""3"": ""3"", ""4"": ""4""}, ""actual_procedures"": {""1"": ""Z00.129"", ""2"": ""Z71.3"", ""3"": ""Z71.82"", ""4"": ""Z68.54""}}","1: Z00.129 | 2: Z71.3
3: Z71.82 | 4: Z68.54",CO,45,45,,N381,N381,,45,,N381,,ANTHEM BCBS HEALTHCARE SOLUTIONS,mco_medicaid,PRIMARY,441.88,206.61,0.47,1699037499,9,111
3561,3,369,32796,47902,99188,procedure,HC,,,,,,1,40,12.92,30-04-2025,30-04-2025,14-05-2025,13-05-2025,"{""icd_10"": {""1"": ""Z00.129"", ""2"": ""Z71.3"", ""3"": ""Z71.82"", ""4"": ""Z68.54"", ""5"": ""L83"", ""6"": ""Z29.3""}, ""procedures"": {""1"": ""6""}, ""actual_procedures"": {""1"": ""Z29.3""}}",1: Z29.3,CO,45,45,,N381,N381,,45,,N381,,ANTHEM BCBS HEALTHCARE SOLUTIONS,mco_medicaid,PRIMARY,441.88,206.61,0.47,1699037499,9,111
3561,4,370,32796,47902,G0447,Counseling - Preventive Counseling,HC,59,,,,,1,46.88,24.61,30-04-2025,30-04-2025,14-05-2025,13-05-2025,"{""icd_10"": {""1"": ""Z00.129"", ""2"": ""Z71.3"", ""3"": ""Z71.82"", ""4"": ""Z68.54"", ""5"": ""L83"", ""6"": ""Z29.3""}, ""procedures"": {""1"": ""4""}, ""actual_procedures"": {""1"": ""Z68.54""}}",1: Z68.54,CO,45,45,,N381,N381,,45,,N381,,ANTHEM BCBS HEALTHCARE SOLUTIONS,mco_medicaid,PRIMARY,441.88,206.61,0.47,1699037499,9,111
3562,1,1,303257,17121,99213,sick_visit,HC,,,,,,0,150,0,15-04-2025,15-04-2025,09-05-2025,09-05-2025,"{""icd_10"": {""1"": ""K59.01"", ""2"": ""Z71.3""}, ""procedures"": {""1"": ""1"", ""2"": ""2""}, ""actual_procedures"": {""1"": ""K59.01"", ""2"": ""Z71.3""}}",1: K59.01 | 2: Z71.3,CO,16,16,,M76,M76,,16,,M76,,ANTHEM BCBS HEALTHCARE SOLUTIONS,mco_medicaid,PRIMARY,150,0,0,1699037499,0,5
3563,1,2,357155,50821,99214,sick_visit,HC,25,,,,,0,215,0,15-04-2025,15-04-2025,09-05-2025,09-05-2025,"{""icd_10"": {""1"": ""R50.9"", ""2"": ""R19.7"", ""3"": ""K52.89"", ""4"": ""Z71.3""}, ""procedures"": {""1"": ""1"", ""2"": ""2"", ""3"": ""3"", ""4"": ""4""}, ""actual_procedures"": {""1"": ""R50.9"", ""2"": ""R19.7"", ""3"": ""K52.89"", ""4"": ""Z71.3""}}","1: R50.9 | 2: R19.7
3: K52.89 | 4: Z71.3",CO,16,16,,M76,M76,,16,,M76,,ANTHEM BCBS HEALTHCARE SOLUTIONS,mco_medicaid,PRIMARY,240,0,0,1699037499,1,17
3563,2,3,357155,50821,87880,poc,HC,QW,,,,,0,25,0,15-04-2025,15-04-2025,09-05-2025,09-05-2025,"{""icd_10"": {""1"": ""R50.9"", ""2"": ""R19.7"", ""3"": ""K52.89"", ""4"": ""Z71.3""}, ""procedures"": {""1"": ""1"", ""2"": ""2"", ""3"": ""3"", ""4"": ""4""}, ""actual_procedures"": {""1"": ""R50.9"", ""2"": ""R19.7"", ""3"": ""K52.89"", ""4"": ""Z71.3""}}","1: R50.9 | 2: R19.7
3: K52.89 | 4: Z71.3",CO,16,16,,M76,M76,,16,,M76,,ANTHEM BCBS HEALTHCARE SOLUTIONS,mco_medicaid,PRIMARY,240,0,0,1699037499,1,17
3564,1,4,32580,47686,99213,sick_visit,HC,U6,25,,,,0,150,0,23-04-2025,23-04-2025,09-05-2025,09-05-2025,"{""icd_10"": {""1"": ""Z00.00"", ""2"": ""Z68.52"", ""3"": ""Z71.3"", ""4"": ""Z71.82"", ""5"": ""Z13.31"", ""6"": ""F32.A"", ""7"": ""M13.80"", ""8"": ""M54.50"", ""9"": ""G43.001"", ""10"": ""Z30.02"", ""11"": ""Z29.3""}, ""procedures"": {""1"": ""7"", ""2"": ""8"", ""3"": ""9""}, ""actual_procedures"": {""1"": ""M13.80"", ""2"": ""M54.50"", ""3"": ""G43.001""}}","1: M13.80 | 2: M54.50
3: G43.001",PR,27,27,,,,,27,,,,ANTHEM BCBS HEALTHCARE SOLUTIONS,mco_medicaid,PRIMARY,610,0,0,1699037499,18,223
3564,2,5,32580,47686,99385,well_visit,HC,EP,25,,,,0,295,0,23-04-2025,23-04-2025,09-05-2025,09-05-2025,"{""icd_10"": {""1"": ""Z00.00"", ""2"": ""Z68.52"", ""3"": ""Z71.3"", ""4"": ""Z71.82"", ""5"": ""Z13.31"", ""6"": ""F32.A"", ""7"": ""M13.80"", ""8"": ""M54.50"", ""9"": ""G43.001"", ""10"": ""Z30.02"", ""11"": ""Z29.3""}, ""procedures"": {""1"": ""1"", ""2"": ""2"", ""3"": ""3"", ""4"": ""4""}, ""actual_procedures"": {""1"": ""Z00.00"", ""2"": ""Z68.52"", ""3"": ""Z71.3"", ""4"": ""Z71.82""}}","1: Z00.00 | 2: Z68.52
3: Z71.3 | 4: Z71.82",PR,27,27,,,,,27,,,,ANTHEM BCBS HEALTHCARE SOLUTIONS,mco_medicaid,PRIMARY,610,0,0,1699037499,18,223
3564,3,6,32580,47686,99188,procedure,HC,,,,,,0,40,0,23-04-2025,23-04-2025,09-05-2025,09-05-2025,"{""icd_10"": {""1"": ""Z00.00"", ""2"": ""Z68.52"", ""3"": ""Z71.3"", ""4"": ""Z71.82"", ""5"": ""Z13.31"", ""6"": ""F32.A"", ""7"": ""M13.80"", ""8"": ""M54.50"", ""9"": ""G43.001"", ""10"": ""Z30.02"", ""11"": ""Z29.3""}, ""procedures"": {""1"": ""11""}, ""actual_procedures"": {""1"": ""Z29.3""}}",1: Z29.3,PR,27,27,,,,,27,,,,ANTHEM BCBS HEALTHCARE SOLUTIONS,mco_medicaid,PRIMARY,610,0,0,1699037499,18,223
3564,4,7,32580,47686,96127,procedure,HC,59,,,,,0,50,0,23-04-2025,23-04-2025,09-05-2025,09-05-2025,"{""icd_10"": {""1"": ""Z00.00"", ""2"": ""Z68.52"", ""3"": ""Z71.3"", ""4"": ""Z71.82"", ""5"": ""Z13.31"", ""6"": ""F32.A"", ""7"": ""M13.80"", ""8"": ""M54.50"", ""9"": ""G43.001"", ""10"": ""Z30.02"", ""11"": ""Z29.3""}, ""procedures"": {""1"": ""5"", ""2"": ""6""}, ""actual_procedures"": {""1"": ""Z13.31"", ""2"": ""F32.A""}}",1: Z13.31 | 2: F32.A,PR,27,27,,,,,27,,,,ANTHEM BCBS HEALTHCARE SOLUTIONS,mco_medicaid,PRIMARY,610,0,0,1699037499,18,223
3564,5,8,32580,47686,99401,Counseling - Preventive Counseling,HC,FP,25,,,,0,75,0,23-04-2025,23-04-2025,09-05-2025,09-05-2025,"{""icd_10"": {""1"": ""Z00.00"", ""2"": ""Z68.52"", ""3"": ""Z71.3"", ""4"": ""Z71.82"", ""5"": ""Z13.31"", ""6"": ""F32.A"", ""7"": ""M13.80"", ""8"": ""M54.50"", ""9"": ""G43.001"", ""10"": ""Z30.02"", ""11"": ""Z29.3""}, ""procedures"": {""1"": ""10""}, ""actual_procedures"": {""1"": ""Z30.02""}}",1: Z30.02,PR,27,27,,,,,27,,,,ANTHEM BCBS HEALTHCARE SOLUTIONS,mco_medicaid,PRIMARY,610,0,0,1699037499,18,223
3565,1,9,32056,47162,99214,sick_visit,HC,25,,,,,0,215,0,14-04-2025,14-04-2025,09-05-2025,09-05-2025,"{""icd_10"": {""1"": ""R06.2"", ""2"": ""R05.9""}, ""procedures"": {""1"": ""1"", ""2"": ""2""}, ""actual_procedures"": {""1"": ""R06.2"", ""2"": ""R05.9""}}",1: R06.2 | 2: R05.9,CO,16,16,,M76,M76,,16,,M76,,ANTHEM BCBS HEALTHCARE SOLUTIONS,mco_medicaid,PRIMARY,312.78,0,0,1699037499,4,50
3565,2,10,32056,47162,A7003,respiratory,HC,NU,,,,,0,4.54,0,14-04-2025,14-04-2025,09-05-2025,09-05-2025,"{""icd_10"": {""1"": ""R06.2"", ""2"": ""R05.9""}, ""procedures"": {""1"": ""1"", ""2"": ""2""}, ""actual_procedures"": {""1"": ""R06.2"", ""2"": ""R05.9""}}",1: R06.2 | 2: R05.9,CO,16,16,,M76,M76,,16,,M76,,ANTHEM BCBS HEALTHCARE SOLUTIONS,mco_medicaid,PRIMARY,312.78,0,0,1699037499,4,50
3565,3,11,32056,47162,A7015,respiratory,HC,NU,,,,,0,3.24,0,14-04-2025,14-04-2025,09-05-2025,09-05-2025,"{""icd_10"": {""1"": ""R06.2"", ""2"": ""R05.9""}, ""procedures"": {""1"": ""1"", ""2"": ""2""}, ""actual_procedures"": {""1"": ""R06.2"", ""2"": ""R05.9""}}",1: R06.2 | 2: R05.9,CO,16,16,,M76,M76,,16,,M76,,ANTHEM BCBS HEALTHCARE SOLUTIONS,mco_medicaid,PRIMARY,312.78,0,0,1699037499,4,50
3565,4,12,32056,47162,94640,respiratory,HC,59,,,,,0,50,0,14-04-2025,14-04-2025,09-05-2025,09-05-2025,"{""icd_10"": {""1"": ""R06.2"", ""2"": ""R05.9""}, ""procedures"": {""1"": ""1"", ""2"": ""2""}, ""actual_procedures"": {""1"": ""R06.2"", ""2"": ""R05.9""}}",1: R06.2 | 2: R05.9,CO,16,16,,M76,M76,,16,,M76,,ANTHEM BCBS HEALTHCARE SOLUTIONS,mco_medicaid,PRIMARY,312.78,0,0,1699037499,4,50
3565,5,13,32056,47162,J7613,respiratory,HC,,,,,,0,25,0,14-04-2025,14-04-2025,09-05-2025,09-05-2025,"{""icd_10"": {""1"": ""R06.2"", ""2"": ""R05.9""}, ""procedures"": {""1"": ""1"", ""2"": ""2""}, ""actual_procedures"": {""1"": ""R06.2"", ""2"": ""R05.9""}}",1: R06.2 | 2: R05.9,CO,16,16,,M76,M76,,16,,M76,,ANTHEM BCBS HEALTHCARE SOLUTIONS,mco_medicaid,PRIMARY,312.78,0,0,1699037499,4,50
3565,6,14,32056,47162,94760,respiratory,HC,59,,,,,0,15,0,14-04-2025,14-04-2025,09-05-2025,09-05-2025,"{""icd_10"": {""1"": ""R06.2"", ""2"": ""R05.9""}, ""procedures"": {""1"": ""1"", ""2"": ""2""}, ""actual_procedures"": {""1"": ""R06.2"", ""2"": ""R05.9""}}",1: R06.2 | 2: R05.9,CO,16,16,,M76,M76,,16,,M76,,ANTHEM BCBS HEALTHCARE SOLUTIONS,mco_medicaid,PRIMARY,312.78,0,0,1699037499,4,50
3566,1,15,31784,46890,99203,sick_visit,HC,25,,,,,0,220,0,22-04-2025,22-04-2025,09-05-2025,09-05-2025,"{""icd_10"": {""1"": ""J02.9"", ""2"": ""R05.1"", ""3"": ""B34.9"", ""4"": ""R09.81""}, ""procedures"": {""1"": ""1"", ""2"": ""2"", ""3"": ""3"", ""4"": ""4""}, ""actual_procedures"": {""1"": ""J02.9"", ""2"": ""R05.1"", ""3"": ""B34.9"", ""4"": ""R09.81""}}","1: J02.9 | 2: R05.1
3: B34.9 | 4: R09.81",CO,16,16,,M76,M76,,16,,M76,,ANTHEM BCBS HEALTHCARE SOLUTIONS,mco_medicaid,PRIMARY,310,0,0,1699037499,6,75
3566,2,16,31784,46890,87880,poc,HC,QW,,,,,0,25,0,22-04-2025,22-04-2025,09-05-2025,09-05-2025,"{""icd_10"": {""1"": ""J02.9"", ""2"": ""R05.1"", ""3"": ""B34.9"", ""4"": ""R09.81""}, ""procedures"": {""1"": ""1"", ""2"": ""2"", ""3"": ""3"", ""4"": ""4""}, ""actual_procedures"": {""1"": ""J02.9"", ""2"": ""R05.1"", ""3"": ""B34.9"", ""4"": ""R09.81""}}","1: J02.9 | 2: R05.1
3: B34.9 | 4: R09.81",CO,16,16,,M76,M76,,16,,M76,,ANTHEM BCBS HEALTHCARE SOLUTIONS,mco_medicaid,PRIMARY,310,0,0,1699037499,6,75
3566,3,17,31784,46890,94760,respiratory,HC,59,,,,,0,15,0,22-04-2025,22-04-2025,09-05-2025,09-05-2025,"{""icd_10"": {""1"": ""J02.9"", ""2"": ""R05.1"", ""3"": ""B34.9"", ""4"": ""R09.81""}, ""procedures"": {""1"": ""1"", ""2"": ""2"", ""3"": ""3"", ""4"": ""4""}, ""actual_procedures"": {""1"": ""J02.9"", ""2"": ""R05.1"", ""3"": ""B34.9"", ""4"": ""R09.81""}}","1: J02.9 | 2: R05.1
3: B34.9 | 4: R09.81",CO,16,16,,M76,M76,,16,,M76,,ANTHEM BCBS HEALTHCARE SOLUTIONS,mco_medicaid,PRIMARY,310,0,0,1699037499,6,75
3566,4,18,31784,46890,99058,Walk-In,HC,59,,,,,0,50,0,22-04-2025,22-04-2025,09-05-2025,09-05-2025,"{""icd_10"": {""1"": ""J02.9"", ""2"": ""R05.1"", ""3"": ""B34.9"", ""4"": ""R09.81""}, ""procedures"": {""1"": ""1"", ""2"": ""2"", ""3"": ""3"", ""4"": ""4""}, ""actual_procedures"": {""1"": ""J02.9"", ""2"": ""R05.1"", ""3"": ""B34.9"", ""4"": ""R09.81""}}","1: J02.9 | 2: R05.1
3: B34.9 | 4: R09.81",CO,16,16,,M76,M76,,16,,M76,,ANTHEM BCBS HEALTHCARE SOLUTIONS,mco_medicaid,PRIMARY,310,0,0,1699037499,6,75
3567,1,1,1917,17023,99214,sick_visit,HC,25,,,,,1,215,99.68,25-04-2025,25-04-2025,07-05-2025,06-05-2025,"{""icd_10"": {""1"": ""R50.9"", ""2"": ""B34.9"", ""3"": ""H92.02"", ""4"": ""J02.9"", ""5"": ""R05.1""}, ""procedures"": {""1"": ""1"", ""2"": ""2"", ""3"": ""3"", ""4"": ""4""}, ""actual_procedures"": {""1"": ""R50.9"", ""2"": ""B34.9"", ""3"": ""H92.02"", ""4"": ""J02.9""}}","1: R50.9 | 2: B34.9
3: H92.02 | 4: J02.9",CO,45,45,,N381,N381,,45,,N381,,ANTHEM BCBS HEALTHCARE SOLUTIONS,mco_medicaid,PRIMARY,430,164.2,0.38,1861707069,5,60
3567,2,2,1917,17023,87880,poc,HC,QW,,,,,1,25,9.92,25-04-2025,25-04-2025,07-05-2025,06-05-2025,"{""icd_10"": {""1"": ""R50.9"", ""2"": ""B34.9"", ""3"": ""H92.02"", ""4"": ""J02.9"", ""5"": ""R05.1""}, ""procedures"": {""1"": ""2"", ""2"": ""4""}, ""actual_procedures"": {""1"": ""B34.9"", ""2"": ""J02.9""}}",1: B34.9 | 2: J02.9,CO,45,45,,N381,N381,,45,,N381,,ANTHEM BCBS HEALTHCARE SOLUTIONS,mco_medicaid,PRIMARY,430,164.2,0.38,1861707069,5,60
3567,3,3,1917,17023,87811,poc,HC,QW,,,,,1,90,16.14,25-04-2025,25-04-2025,07-05-2025,06-05-2025,"{""icd_10"": {""1"": ""R50.9"", ""2"": ""B34.9"", ""3"": ""H92.02"", ""4"": ""J02.9"", ""5"": ""R05.1""}, ""procedures"": {""1"": ""1"", ""2"": ""2""}, ""actual_procedures"": {""1"": ""R50.9"", ""2"": ""B34.9""}}",1: R50.9 | 2: B34.9,CO,45,45,,N381,N381,,45,,N381,,ANTHEM BCBS HEALTHCARE SOLUTIONS,mco_medicaid,PRIMARY,430,164.2,0.38,1861707069,5,60
3567,4,4,1917,17023,87804,poc,HC,QW,,,,,2,50,19.86,25-04-2025,25-04-2025,07-05-2025,06-05-2025,"{""icd_10"": {""1"": ""R50.9"", ""2"": ""B34.9"", ""3"": ""H92.02"", ""4"": ""J02.9"", ""5"": ""R05.1""}, ""procedures"": {""1"": ""1"", ""2"": ""2""}, ""actual_procedures"": {""1"": ""R50.9"", ""2"": ""B34.9""}}",1: R50.9 | 2: B34.9,CO,45,45,,N381,N381,,45,,N381,,ANTHEM BCBS HEALTHCARE SOLUTIONS,mco_medicaid,PRIMARY,430,164.2,0.38,1861707069,5,60
3567,5,5,1917,17023,99058,Walk-In,HC,59,,,,,1,50,18.6,25-04-2025,25-04-2025,07-05-2025,06-05-2025,"{""icd_10"": {""1"": ""R50.9"", ""2"": ""B34.9"", ""3"": ""H92.02"", ""4"": ""J02.9"", ""5"": ""R05.1""}, ""procedures"": {""1"": ""1"", ""2"": ""2"", ""3"": ""3"", ""4"": ""4""}, ""actual_procedures"": {""1"": ""R50.9"", ""2"": ""B34.9"", ""3"": ""H92.02"", ""4"": ""J02.9""}}","1: R50.9 | 2: B34.9
3: H92.02 | 4: J02.9",CO,45,45,,N381,N381,,45,,N381,,ANTHEM BCBS HEALTHCARE SOLUTIONS,mco_medicaid,PRIMARY,430,164.2,0.38,1861707069,5,60
3568,1,6,1850,16956,99393,well_visit,HC,EP,25,,,,1,230,98.33,10-04-2025,10-04-2025,07-05-2025,06-05-2025,"{""icd_10"": {""1"": ""Z00.129"", ""2"": ""Z71.3"", ""3"": ""Z71.82"", ""4"": ""R26.89"", ""5"": ""Z68.54"", ""6"": ""Z23""}, ""procedures"": {""1"": ""1"", ""2"": ""2"", ""3"": ""3"", ""4"": ""5""}, ""actual_procedures"": {""1"": ""Z00.129"", ""2"": ""Z71.3"", ""3"": ""Z71.82"", ""4"": ""Z68.54""}}","1: Z00.129 | 2: Z71.3
3: Z71.82 | 4: Z68.54",CO,45,45,,N381,N381,,45,,N381,,ANTHEM BCBS HEALTHCARE SOLUTIONS,mco_medicaid,PRIMARY,380,165.97,0.44,1861707069,7,87
3568,2,7,1850,16956,99213,sick_visit,HC,U6,25,,,,1,150,67.64,10-04-2025,10-04-2025,07-05-2025,06-05-2025,"{""icd_10"": {""1"": ""Z00.129"", ""2"": ""Z71.3"", ""3"": ""Z71.82"", ""4"": ""R26.89"", ""5"": ""Z68.54"", ""6"": ""Z23""}, ""procedures"": {""1"": ""4""}, ""actual_procedures"": {""1"": ""R26.89""}}",1: R26.89,CO,45,45,,N381,N381,,45,,N381,,ANTHEM BCBS HEALTHCARE SOLUTIONS,mco_medicaid,PRIMARY,380,165.97,0.44,1861707069,7,87
3568,3,8,1850,16956,90633,vaccine,HC,,,,,,0,0,0,10-04-2025,10-04-2025,07-05-2025,06-05-2025,"{""icd_10"": {""1"": ""Z00.129"", ""2"": ""Z71.3"", ""3"": ""Z71.82"", ""4"": ""R26.89"", ""5"": ""Z68.54"", ""6"": ""Z23""}, ""procedures"": {""1"": ""6""}, ""actual_procedures"": {""1"": ""Z23""}}",1: Z23,,,,,,,,,,,,ANTHEM BCBS HEALTHCARE SOLUTIONS,mco_medicaid,PRIMARY,380,165.97,0.44,1861707069,7,87
3569,1,9,15943431,16700,99393,well_visit,HC,EP,25,,,,1,230,98.33,25-04-2025,25-04-2025,07-05-2025,06-05-2025,"{""icd_10"": {""1"": ""Z00.129"", ""2"": ""Z71.3"", ""3"": ""Z71.82"", ""4"": ""R62.50"", ""5"": ""F84.0"", ""6"": ""Z68.52""}, ""procedures"": {""1"": ""1"", ""2"": ""2"", ""3"": ""3"", ""4"": ""6""}, ""actual_procedures"": {""1"": ""Z00.129"", ""2"": ""Z71.3"", ""3"": ""Z71.82"", ""4"": ""Z68.52""}}","1: Z00.129 | 2: Z71.3
3: Z71.82 | 4: Z68.52",CO,45,45,,N381,N381,,45,,N381,,ANTHEM BCBS HEALTHCARE SOLUTIONS,mco_medicaid,PRIMARY,380,98.33,0.26,1861707069,6,83
3569,2,10,15943431,16700,99213,sick_visit,HC,25,,,,,0,150,0,25-04-2025,25-04-2025,07-05-2025,06-05-2025,"{""icd_10"": {""1"": ""Z00.129"", ""2"": ""Z71.3"", ""3"": ""Z71.82"", ""4"": ""R62.50"", ""5"": ""F84.0"", ""6"": ""Z68.52""}, ""procedures"": {""1"": ""4"", ""2"": ""5""}, ""actual_procedures"": {""1"": ""R62.50"", ""2"": ""F84.0""}}",1: R62.50 | 2: F84.0,CO,4,4,,,,,4,,,,ANTHEM BCBS HEALTHCARE SOLUTIONS,mco_medicaid,PRIMARY,380,98.33,0.26,1861707069,6,83
3570,1,11,160426,16710,99213,sick_visit,HC,,,,,,1,150,67.64,07-04-2025,07-04-2025,07-05-2025,06-05-2025,"{""icd_10"": {""1"": ""Z09"", ""2"": ""J02.0"", ""3"": ""R05.1"", ""4"": ""Z68.54""}, ""procedures"": {""1"": ""1"", ""2"": ""2"", ""3"": ""3"", ""4"": ""4""}, ""actual_procedures"": {""1"": ""Z09"", ""2"": ""J02.0"", ""3"": ""R05.1"", ""4"": ""Z68.54""}}","1: Z09 | 2: J02.0
3: R05.1 | 4: Z68.54",CO,45,45,,N381,N381,,45,,N381,,ANTHEM BCBS HEALTHCARE SOLUTIONS,mco_medicaid,PRIMARY,150,67.64,0.45,1861707069,3,38
3571,1,12,2302,17408,99394,well_visit,HC,EP,25,,,,1,260,107.48,07-04-2025,07-04-2025,07-05-2025,06-05-2025,"{""icd_10"": {""1"": ""Z00.129"", ""2"": ""Z71.3"", ""3"": ""Z71.82"", ""4"": ""Z23"", ""5"": ""Z68.54""}, ""procedures"": {""1"": ""1"", ""2"": ""2"", ""3"": ""3"", ""4"": ""5""}, ""actual_procedures"": {""1"": ""Z00.129"", ""2"": ""Z71.3"", ""3"": ""Z71.82"", ""4"": ""Z68.54""}}","1: Z00.129 | 2: Z71.3
3: Z71.82 | 4: Z68.54",CO,45,45,,N381,N381,,45,,N381,,ANTHEM BCBS HEALTHCARE SOLUTIONS,mco_medicaid,PRIMARY,285,128.48,0.45,1861707069,14,171
3571,2,13,2302,17408,90460,vaccine_administration,HC,,,,,,1,25,21,07-04-2025,07-04-2025,07-05-2025,06-05-2025,"{""icd_10"": {""1"": ""Z00.129"", ""2"": ""Z71.3"", ""3"": ""Z71.82"", ""4"": ""Z23"", ""5"": ""Z68.54""}, ""procedures"": {""1"": ""4""}, ""actual_procedures"": {""1"": ""Z23""}}",1: Z23,CO,45,45,,N381,N381,,45,,N381,,ANTHEM BCBS HEALTHCARE SOLUTIONS,mco_medicaid,PRIMARY,285,128.48,0.45,1861707069,14,171
3571,3,14,2302,17408,90713,vaccine,HC,,,,,,0,0,0,07-04-2025,07-04-2025,07-05-2025,06-05-2025,"{""icd_10"": {""1"": ""Z00.129"", ""2"": ""Z71.3"", ""3"": ""Z71.82"", ""4"": ""Z23"", ""5"": ""Z68.54""}, ""procedures"": {""1"": ""4""}, ""actual_procedures"": {""1"": ""Z23""}}",1: Z23,,,,,,,,,,,,ANTHEM BCBS HEALTHCARE SOLUTIONS,mco_medicaid,PRIMARY,285,128.48,0.45,1861707069,14,171
3572,1,15,35717,50823,99213,sick_visit,HC,25,,,,,1,150,67.64,25-04-2025,25-04-2025,07-05-2025,06-05-2025,"{""icd_10"": {""1"": ""Z09"", ""2"": ""G47.9"", ""3"": ""R53.83"", ""4"": ""N50.3""}, ""procedures"": {""1"": ""1"", ""2"": ""2"", ""3"": ""3"", ""4"": ""4""}, ""actual_procedures"": {""1"": ""Z09"", ""2"": ""G47.9"", ""3"": ""R53.83"", ""4"": ""N50.3""}}","1: Z09 | 2: G47.9
3: R53.83 | 4: N50.3",CO,45,45,,N381,N381,,45,,N381,,ANTHEM BCBS HEALTHCARE SOLUTIONS,mco_medicaid,PRIMARY,153.24,69.06,0.45,1861707069,13,157
3572,2,16,35717,50823,85018,poc,HC,QW,,,,,1,3.24,1.42,25-04-2025,25-04-2025,07-05-2025,06-05-2025,"{""icd_10"": {""1"": ""Z09"", ""2"": ""G47.9"", ""3"": ""R53.83"", ""4"": ""N50.3""}, ""procedures"": {""1"": ""1"", ""2"": ""2"", ""3"": ""3"", ""4"": ""4""}, ""actual_procedures"": {""1"": ""Z09"", ""2"": ""G47.9"", ""3"": ""R53.83"", ""4"": ""N50.3""}}","1: Z09 | 2: G47.9
3: R53.83 | 4: N50.3",CO,45,45,,N381,N381,,45,,N381,,ANTHEM BCBS HEALTHCARE SOLUTIONS,mco_medicaid,PRIMARY,153.24,69.06,0.45,1861707069,13,157
3573,1,17,13655217,16423,99214,sick_visit,HC,,,,,,1,215,99.68,10-04-2025,10-04-2025,07-05-2025,06-05-2025,"{""icd_10"": {""1"": ""M25.50"", ""2"": ""R51.9""}, ""procedures"": {""1"": ""1"", ""2"": ""2""}, ""actual_procedures"": {""1"": ""M25.50"", ""2"": ""R51.9""}}",1: M25.50 | 2: R51.9,CO,45,45,,N381,N381,,45,,N381,,ANTHEM BCBS HEALTHCARE SOLUTIONS,mco_medicaid,PRIMARY,215,99.68,0.46,1861707069,9,114
3574,1,18,11702,11505,99394,well_visit,HC,EP,25,,,,1,260,107.48,07-04-2025,07-04-2025,07-05-2025,06-05-2025,"{""icd_10"": {""1"": ""Z00.129"", ""2"": ""Z30.02"", ""3"": ""Z71.3"", ""4"": ""Z71.82"", ""5"": ""Z13.31"", ""6"": ""M25.569"", ""7"": ""Z68.53"", ""8"": ""Z23""}, ""procedures"": {""1"": ""1"", ""2"": ""3"", ""3"": ""7""}, ""actual_procedures"": {""1"": ""Z00.129"", ""2"": ""Z71.3"", ""3"": ""Z68.53""}}","1: Z00.129 | 2: Z71.3
3: Z68.53",CO,45,45,,N381,N381,,45,,N381,,ANTHEM BCBS HEALTHCARE SOLUTIONS,mco_medicaid,PRIMARY,555.16,254.81,0.46,1861707069,16,197
3574,2,19,11702,11505,90460,vaccine_administration,HC,,,,,,2,50,41.99,07-04-2025,07-04-2025,07-05-2025,06-05-2025,"{""icd_10"": {""1"": ""Z00.129"", ""2"": ""Z30.02"", ""3"": ""Z71.3"", ""4"": ""Z71.82"", ""5"": ""Z13.31"", ""6"": ""M25.569"", ""7"": ""Z68.53"", ""8"": ""Z23""}, ""procedures"": {""1"": ""8""}, ""actual_procedures"": {""1"": ""Z23""}}",1: Z23,CO,45,45,,N381,N381,,45,,N381,,ANTHEM BCBS HEALTHCARE SOLUTIONS,mco_medicaid,PRIMARY,555.16,254.81,0.46,1861707069,16,197
3574,3,20,11702,11505,96127,procedure,HC,,,,,,1,25,4.55,07-04-2025,07-04-2025,07-05-2025,06-05-2025,"{""icd_10"": {""1"": ""Z00.129"", ""2"": ""Z30.02"", ""3"": ""Z71.3"", ""4"": ""Z71.82"", ""5"": ""Z13.31"", ""6"": ""M25.569"", ""7"": ""Z68.53"", ""8"": ""Z23""}, ""procedures"": {""1"": ""5""}, ""actual_procedures"": {""1"": ""Z13.31""}}",1: Z13.31,CO,45,45,,N381,N381,,45,,N381,,ANTHEM BCBS HEALTHCARE SOLUTIONS,mco_medicaid,PRIMARY,555.16,254.81,0.46,1861707069,16,197
3574,4,21,11702,11505,99401,Counseling - Preventive Counseling,HC,FP,,,,,1,70.16,33.15,07-04-2025,07-04-2025,07-05-2025,06-05-2025,"{""icd_10"": {""1"": ""Z00.129"", ""2"": ""Z30.02"", ""3"": ""Z71.3"", ""4"": ""Z71.82"", ""5"": ""Z13.31"", ""6"": ""M25.569"", ""7"": ""Z68.53"", ""8"": ""Z23""}, ""procedures"": {""1"": ""2""}, ""actual_procedures"": {""1"": ""Z30.02""}}",1: Z30.02,CO,45,45,,N381,N381,,45,,N381,,ANTHEM BCBS HEALTHCARE SOLUTIONS,mco_medicaid,PRIMARY,555.16,254.81,0.46,1861707069,16,197
3574,5,22,11702,11505,90620,vaccine,HC,,,,,,0,0,0,07-04-2025,07-04-2025,07-05-2025,06-05-2025,"{""icd_10"": {""1"": ""Z00.129"", ""2"": ""Z30.02"", ""3"": ""Z71.3"", ""4"": ""Z71.82"", ""5"": ""Z13.31"", ""6"": ""M25.569"", ""7"": ""Z68.53"", ""8"": ""Z23""}, ""procedures"": {""1"": ""8""}, ""actual_procedures"": {""1"": ""Z23""}}",1: Z23,,,,,,,,,,,,ANTHEM BCBS HEALTHCARE SOLUTIONS,mco_medicaid,PRIMARY,555.16,254.81,0.46,1861707069,16,197
3574,6,23,11702,11505,90734,vaccine,HC,,,,,,0,0,0,07-04-2025,07-04-2025,07-05-2025,06-05-2025,"{""icd_10"": {""1"": ""Z00.129"", ""2"": ""Z30.02"", ""3"": ""Z71.3"", ""4"": ""Z71.82"", ""5"": ""Z13.31"", ""6"": ""M25.569"", ""7"": ""Z68.53"", ""8"": ""Z23""}, ""procedures"": {""1"": ""8""}, ""actual_procedures"": {""1"": ""Z23""}}",1: Z23,,,,,,,,,,,,ANTHEM BCBS HEALTHCARE SOLUTIONS,mco_medicaid,PRIMARY,555.16,254.81,0.46,1861707069,16,197
3574,7,24,11702,11505,99213,sick_visit,HC,U6,25,,,,1,150,67.64,07-04-2025,07-04-2025,07-05-2025,06-05-2025,"{""icd_10"": {""1"": ""Z00.129"", ""2"": ""Z30.02"", ""3"": ""Z71.3"", ""4"": ""Z71.82"", ""5"": ""Z13.31"", ""6"": ""M25.569"", ""7"": ""Z68.53"", ""8"": ""Z23""}, ""procedures"": {""1"": ""6""}, ""actual_procedures"": {""1"": ""M25.569""}}",1: M25.569,CO,45,45,,N381,N381,,45,,N381,,ANTHEM BCBS HEALTHCARE SOLUTIONS,mco_medicaid,PRIMARY,555.16,254.81,0.46,1861707069,16,197
3575,1,25,1851,16957,99392,well_visit,HC,EP,25,,,,1,220,98.67,10-04-2025,10-04-2025,07-05-2025,06-05-2025,"{""icd_10"": {""1"": ""Z00.129"", ""2"": ""Z71.3"", ""3"": ""Z23"", ""4"": ""K59.00""}, ""procedures"": {""1"": ""1"", ""2"": ""2""}, ""actual_procedures"": {""1"": ""Z00.129"", ""2"": ""Z71.3""}}",1: Z00.129 | 2: Z71.3,CO,45,45,,N381,N381,,45,,N381,,ANTHEM BCBS HEALTHCARE SOLUTIONS,mco_medicaid,PRIMARY,395,187.31,0.47,1861707069,2,34
3575,2,26,1851,16957,99213,sick_visit,HC,U6,25,,,,1,150,67.64,10-04-2025,10-04-2025,07-05-2025,06-05-2025,"{""icd_10"": {""1"": ""Z00.129"", ""2"": ""Z71.3"", ""3"": ""Z23"", ""4"": ""K59.00""}, ""procedures"": {""1"": ""4""}, ""actual_procedures"": {""1"": ""K59.00""}}",1: K59.00,CO,45,45,,N381,N381,,45,,N381,,ANTHEM BCBS HEALTHCARE SOLUTIONS,mco_medicaid,PRIMARY,395,187.31,0.47,1861707069,2,34
3575,3,27,1851,16957,90633,vaccine,HC,,,,,,0,0,0,10-04-2025,10-04-2025,07-05-2025,06-05-2025,"{""icd_10"": {""1"": ""Z00.129"", ""2"": ""Z71.3"", ""3"": ""Z23"", ""4"": ""K59.00""}, ""procedures"": {""1"": ""3""}, ""actual_procedures"": {""1"": ""Z23""}}",1: Z23,,,,,,,,,,,,ANTHEM BCBS HEALTHCARE SOLUTIONS,mco_medicaid,PRIMARY,395,187.31,0.47,1861707069,2,34
3575,4,28,1851,16957,90460,vaccine_administration,HC,,,,,,1,25,21,10-04-2025,10-04-2025,07-05-2025,06-05-2025,"{""icd_10"": {""1"": ""Z00.129"", ""2"": ""Z71.3"", ""3"": ""Z23"", ""4"": ""K59.00""}, ""procedures"": {""1"": ""3""}, ""actual_procedures"": {""1"": ""Z23""}}",1: Z23,CO,45,45,,N381,N381,,45,,N381,,ANTHEM BCBS HEALTHCARE SOLUTIONS,mco_medicaid,PRIMARY,395,187.31,0.47,1861707069,2,34
3631,1,1,35656,50762,90716,vaccine,HC,,,,,,0,0.01,0,11-04-2025,11-04-2025,15-07-2025,11-07-2025,"{""icd_10"": {""1"": ""Z00.129"", ""2"": ""Z71.3"", ""3"": ""N47.1"", ""4"": ""Z23""}, ""procedures"": {""1"": ""4""}, ""actual_procedures"": {""1"": ""Z23""}}",1: Z23,CO,45,45,,N381,N381,,45,,N381,,ANTHEM BCBS HEALTHCARE SOLUTIONS,mco_medicaid,PRIMARY,620.06,366.46,0.59,1699037499,2,30
3631,2,2,35656,50762,99213,sick_visit,HC,U6,25,,,,1,150,75.16,11-04-2025,11-04-2025,15-07-2025,11-07-2025,"{""icd_10"": {""1"": ""Z00.129"", ""2"": ""Z71.3"", ""3"": ""N47.1"", ""4"": ""Z23""}, ""procedures"": {""1"": ""3""}, ""actual_procedures"": {""1"": ""N47.1""}}",1: N47.1,CO,45,45,,N381,N381,,45,,N381,,ANTHEM BCBS HEALTHCARE SOLUTIONS,mco_medicaid,PRIMARY,620.06,366.46,0.59,1699037499,2,30
3631,3,3,35656,50762,99392,well_visit,HC,EP,25,,,,1,220,109.63,11-04-2025,11-04-2025,15-07-2025,11-07-2025,"{""icd_10"": {""1"": ""Z00.129"", ""2"": ""Z71.3"", ""3"": ""N47.1"", ""4"": ""Z23""}, ""procedures"": {""1"": ""1"", ""2"": ""2""}, ""actual_procedures"": {""1"": ""Z00.129"", ""2"": ""Z71.3""}}",1: Z00.129 | 2: Z71.3,CO,45,45,,N381,N381,,45,,N381,,ANTHEM BCBS HEALTHCARE SOLUTIONS,mco_medicaid,PRIMARY,620.06,366.46,0.59,1699037499,2,30
3631,4,4,35656,50762,90460,vaccine_administration,HC,,,,,,6,150,135.42,11-04-2025,11-04-2025,15-07-2025,11-07-2025,"{""icd_10"": {""1"": ""Z00.129"", ""2"": ""Z71.3"", ""3"": ""N47.1"", ""4"": ""Z23""}, ""procedures"": {""1"": ""4""}, ""actual_procedures"": {""1"": ""Z23""}}",1: Z23,CO,45,45,,N381,N381,,45,,N381,,ANTHEM BCBS HEALTHCARE SOLUTIONS,mco_medicaid,PRIMARY,620.06,366.46,0.59,1699037499,2,30
3631,5,5,35656,50762,90647,vaccine,HC,,,,,,0,0.01,0,11-04-2025,11-04-2025,15-07-2025,11-07-2025,"{""icd_10"": {""1"": ""Z00.129"", ""2"": ""Z71.3"", ""3"": ""N47.1"", ""4"": ""Z23""}, ""procedures"": {""1"": ""4""}, ""actual_procedures"": {""1"": ""Z23""}}",1: Z23,CO,45,45,,N381,N381,,45,,N381,,ANTHEM BCBS HEALTHCARE SOLUTIONS,mco_medicaid,PRIMARY,620.06,366.46,0.59,1699037499,2,30
3631,6,6,35656,50762,90633,vaccine,HC,,,,,,0,0.01,0,11-04-2025,11-04-2025,15-07-2025,11-07-2025,"{""icd_10"": {""1"": ""Z00.129"", ""2"": ""Z71.3"", ""3"": ""N47.1"", ""4"": ""Z23""}, ""procedures"": {""1"": ""4""}, ""actual_procedures"": {""1"": ""Z23""}}",1: Z23,CO,45,45,,N381,N381,,45,,N381,,ANTHEM BCBS HEALTHCARE SOLUTIONS,mco_medicaid,PRIMARY,620.06,366.46,0.59,1699037499,2,30
3631,7,7,35656,50762,90472,vaccine_administration,HC,,,,,,4,100,46.24,11-04-2025,11-04-2025,15-07-2025,11-07-2025,"{""icd_10"": {""1"": ""Z00.129"", ""2"": ""Z71.3"", ""3"": ""N47.1"", ""4"": ""Z23""}, ""procedures"": {""1"": ""4""}, ""actual_procedures"": {""1"": ""Z23""}}",1: Z23,CO,45,45,,N381,N381,,45,,N381,,ANTHEM BCBS HEALTHCARE SOLUTIONS,mco_medicaid,PRIMARY,620.06,366.46,0.59,1699037499,2,30
3631,8,8,35656,50762,90671,vaccine,HC,,,,,,1,0.01,0.01,11-04-2025,11-04-2025,15-07-2025,11-07-2025,"{""icd_10"": {""1"": ""Z00.129"", ""2"": ""Z71.3"", ""3"": ""N47.1"", ""4"": ""Z23""}, ""procedures"": {""1"": ""4""}, ""actual_procedures"": {""1"": ""Z23""}}",1: Z23,,,,,,,,,,,,ANTHEM BCBS HEALTHCARE SOLUTIONS,mco_medicaid,PRIMARY,620.06,366.46,0.59,1699037499,2,30
3631,9,9,35656,50762,90707,vaccine,HC,,,,,,0,0.01,0,11-04-2025,11-04-2025,15-07-2025,11-07-2025,"{""icd_10"": {""1"": ""Z00.129"", ""2"": ""Z71.3"", ""3"": ""N47.1"", ""4"": ""Z23""}, ""procedures"": {""1"": ""4""}, ""actual_procedures"": {""1"": ""Z23""}}",1: Z23,CO,45,45,,N381,N381,,45,,N381,,ANTHEM BCBS HEALTHCARE SOLUTIONS,mco_medicaid,PRIMARY,620.06,366.46,0.59,1699037499,2,30
3631,10,10,35656,50762,90700,vaccine,HC,,,,,,0,0.01,0,11-04-2025,11-04-2025,15-07-2025,11-07-2025,"{""icd_10"": {""1"": ""Z00.129"", ""2"": ""Z71.3"", ""3"": ""N47.1"", ""4"": ""Z23""}, ""procedures"": {""1"": ""4""}, ""actual_procedures"": {""1"": ""Z23""}}",1: Z23,CO,45,45,,N381,N381,,45,,N381,,ANTHEM BCBS HEALTHCARE SOLUTIONS,mco_medicaid,PRIMARY,620.06,366.46,0.59,1699037499,2,30
3632,1,11,33368,48474,99213,sick_visit,HC,U6,25,,,,1,150,75.16,11-06-2025,11-06-2025,15-07-2025,11-07-2025,"{""icd_10"": {""1"": ""Z00.129"", ""2"": ""Z68.53"", ""3"": ""Z71.3"", ""4"": ""Z71.82"", ""5"": ""Z13.31"", ""6"": ""L70.8"", ""7"": ""Z30.02"", ""8"": ""J45.990"", ""9"": ""Z29.3"", ""10"": ""Z23""}, ""procedures"": {""1"": ""6"", ""2"": ""8""}, ""actual_procedures"": {""1"": ""L70.8"", ""2"": ""J45.990""}}",1: L70.8 | 2: J45.990,CO,45,45,,N381,N381,,45,,N381,,ANTHEM BCBS HEALTHCARE SOLUTIONS,mco_medicaid,PRIMARY,709.56,353.96,0.5,1699037499,17,210
3632,2,12,33368,48474,99384,well_visit,HC,EP,25,,,,1,285,139.99,11-06-2025,11-06-2025,15-07-2025,11-07-2025,"{""icd_10"": {""1"": ""Z00.129"", ""2"": ""Z68.53"", ""3"": ""Z71.3"", ""4"": ""Z71.82"", ""5"": ""Z13.31"", ""6"": ""L70.8"", ""7"": ""Z30.02"", ""8"": ""J45.990"", ""9"": ""Z29.3"", ""10"": ""Z23""}, ""procedures"": {""1"": ""1"", ""2"": ""2"", ""3"": ""3"", ""4"": ""4""}, ""actual_procedures"": {""1"": ""Z00.129"", ""2"": ""Z68.53"", ""3"": ""Z71.3"", ""4"": ""Z71.82""}}","1: Z00.129 | 2: Z68.53
3: Z71.3 | 4: Z71.82",CO,45,45,,N381,N381,,45,,N381,,ANTHEM BCBS HEALTHCARE SOLUTIONS,mco_medicaid,PRIMARY,709.56,353.96,0.5,1699037499,17,210
3632,3,13,33368,48474,94010,respiratory,HC,59,,,,,1,64.38,33.8,11-06-2025,11-06-2025,15-07-2025,11-07-2025,"{""icd_10"": {""1"": ""Z00.129"", ""2"": ""Z68.53"", ""3"": ""Z71.3"", ""4"": ""Z71.82"", ""5"": ""Z13.31"", ""6"": ""L70.8"", ""7"": ""Z30.02"", ""8"": ""J45.990"", ""9"": ""Z29.3"", ""10"": ""Z23""}, ""procedures"": {""1"": ""8""}, ""actual_procedures"": {""1"": ""J45.990""}}",1: J45.990,CO,45,45,,N381,N381,,45,,N381,,ANTHEM BCBS HEALTHCARE SOLUTIONS,mco_medicaid,PRIMARY,709.56,353.96,0.5,1699037499,17,210
3632,4,14,33368,48474,99188,procedure,HC,,,,,,1,40,12.92,11-06-2025,11-06-2025,15-07-2025,11-07-2025,"{""icd_10"": {""1"": ""Z00.129"", ""2"": ""Z68.53"", ""3"": ""Z71.3"", ""4"": ""Z71.82"", ""5"": ""Z13.31"", ""6"": ""L70.8"", ""7"": ""Z30.02"", ""8"": ""J45.990"", ""9"": ""Z29.3"", ""10"": ""Z23""}, ""procedures"": {""1"": ""9""}, ""actual_procedures"": {""1"": ""Z29.3""}}",1: Z29.3,CO,45,45,,N381,N381,,45,,N381,,ANTHEM BCBS HEALTHCARE SOLUTIONS,mco_medicaid,PRIMARY,709.56,353.96,0.5,1699037499,17,210
3632,5,15,33368,48474,96127,procedure,HC,59,,,,,2,50,10.12,11-06-2025,11-06-2025,15-07-2025,11-07-2025,"{""icd_10"": {""1"": ""Z00.129"", ""2"": ""Z68.53"", ""3"": ""Z71.3"", ""4"": ""Z71.82"", ""5"": ""Z13.31"", ""6"": ""L70.8"", ""7"": ""Z30.02"", ""8"": ""J45.990"", ""9"": ""Z29.3"", ""10"": ""Z23""}, ""procedures"": {""1"": ""5""}, ""actual_procedures"": {""1"": ""Z13.31""}}",1: Z13.31,CO,45,45,,N381,N381,,45,,N381,,ANTHEM BCBS HEALTHCARE SOLUTIONS,mco_medicaid,PRIMARY,709.56,353.96,0.5,1699037499,17,210
3632,6,16,33368,48474,99401,Counseling - Preventive Counseling,HC,FP,25,,,,1,70.16,36.83,11-06-2025,11-06-2025,15-07-2025,11-07-2025,"{""icd_10"": {""1"": ""Z00.129"", ""2"": ""Z68.53"", ""3"": ""Z71.3"", ""4"": ""Z71.82"", ""5"": ""Z13.31"", ""6"": ""L70.8"", ""7"": ""Z30.02"", ""8"": ""J45.990"", ""9"": ""Z29.3"", ""10"": ""Z23""}, ""procedures"": {""1"": ""7""}, ""actual_procedures"": {""1"": ""Z30.02""}}",1: Z30.02,CO,45,45,,N381,N381,,45,,N381,,ANTHEM BCBS HEALTHCARE SOLUTIONS,mco_medicaid,PRIMARY,709.56,353.96,0.5,1699037499,17,210
3632,7,17,33368,48474,90619,vaccine,HC,,,,,,0,0.01,0,11-06-2025,11-06-2025,15-07-2025,11-07-2025,"{""icd_10"": {""1"": ""Z00.129"", ""2"": ""Z68.53"", ""3"": ""Z71.3"", ""4"": ""Z71.82"", ""5"": ""Z13.31"", ""6"": ""L70.8"", ""7"": ""Z30.02"", ""8"": ""J45.990"", ""9"": ""Z29.3"", ""10"": ""Z23""}, ""procedures"": {""1"": ""10""}, ""actual_procedures"": {""1"": ""Z23""}}",1: Z23,CO,256,256,,N448,N448,,256,,N448,,ANTHEM BCBS HEALTHCARE SOLUTIONS,mco_medicaid,PRIMARY,709.56,353.96,0.5,1699037499,17,210
3632,8,18,33368,48474,90460,vaccine_administration,HC,,,,,,2,50,45.14,11-06-2025,11-06-2025,15-07-2025,11-07-2025,"{""icd_10"": {""1"": ""Z00.129"", ""2"": ""Z68.53"", ""3"": ""Z71.3"", ""4"": ""Z71.82"", ""5"": ""Z13.31"", ""6"": ""L70.8"", ""7"": ""Z30.02"", ""8"": ""J45.990"", ""9"": ""Z29.3"", ""10"": ""Z23""}, ""procedures"": {""1"": ""10""}, ""actual_procedures"": {""1"": ""Z23""}}",1: Z23,CO,45,45,,N381,N381,,45,,N381,,ANTHEM BCBS HEALTHCARE SOLUTIONS,mco_medicaid,PRIMARY,709.56,353.96,0.5,1699037499,17,210
3632,9,19,33368,48474,90621,vaccine,HC,,,,,,0,0.01,0,11-06-2025,11-06-2025,15-07-2025,11-07-2025,"{""icd_10"": {""1"": ""Z00.129"", ""2"": ""Z68.53"", ""3"": ""Z71.3"", ""4"": ""Z71.82"", ""5"": ""Z13.31"", ""6"": ""L70.8"", ""7"": ""Z30.02"", ""8"": ""J45.990"", ""9"": ""Z29.3"", ""10"": ""Z23""}, ""procedures"": {""1"": ""10""}, ""actual_procedures"": {""1"": ""Z23""}}",1: Z23,CO,45,45,,N381,N381,,45,,N381,,ANTHEM BCBS HEALTHCARE SOLUTIONS,mco_medicaid,PRIMARY,709.56,353.96,0.5,1699037499,17,210
3633,1,20,2369855,17475,90680,vaccine,HC,,,,,,0,0.01,0,06-06-2025,06-06-2025,15-07-2025,11-07-2025,"{""icd_10"": {""1"": ""Z00.129"", ""2"": ""Z23"", ""3"": ""R09.81"", ""4"": ""R05.1""}, ""procedures"": {""1"": ""2""}, ""actual_procedures"": {""1"": ""Z23""}}",1: Z23,CO,45,45,,N381,N381,,45,,N381,,ANTHEM BCBS HEALTHCARE SOLUTIONS,mco_medicaid,PRIMARY,580.06,347.88,0.6,1699037499,0,6
3633,2,21,2369855,17475,99213,sick_visit,HC,U6,25,,,,1,150,75.16,06-06-2025,06-06-2025,15-07-2025,11-07-2025,"{""icd_10"": {""1"": ""Z00.129"", ""2"": ""Z23"", ""3"": ""R09.81"", ""4"": ""R05.1""}, ""procedures"": {""1"": ""3"", ""2"": ""4""}, ""actual_procedures"": {""1"": ""R09.81"", ""2"": ""R05.1""}}",1: R09.81 | 2: R05.1,CO,45,45,,N381,N381,,45,,N381,,ANTHEM BCBS HEALTHCARE SOLUTIONS,mco_medicaid,PRIMARY,580.06,347.88,0.6,1699037499,0,6
3633,3,22,2369855,17475,99381,well_visit,HC,EP,25,,,,1,230,114.16,06-06-2025,06-06-2025,15-07-2025,11-07-2025,"{""icd_10"": {""1"": ""Z00.129"", ""2"": ""Z23"", ""3"": ""R09.81"", ""4"": ""R05.1""}, ""procedures"": {""1"": ""1""}, ""actual_procedures"": {""1"": ""Z00.129""}}",1: Z00.129,CO,45,45,,N381,N381,,45,,N381,,ANTHEM BCBS HEALTHCARE SOLUTIONS,mco_medicaid,PRIMARY,580.06,347.88,0.6,1699037499,0,6
3633,4,23,2369855,17475,90700,vaccine,HC,,,,,,0,0.01,0,06-06-2025,06-06-2025,15-07-2025,11-07-2025,"{""icd_10"": {""1"": ""Z00.129"", ""2"": ""Z23"", ""3"": ""R09.81"", ""4"": ""R05.1""}, ""procedures"": {""1"": ""2""}, ""actual_procedures"": {""1"": ""Z23""}}",1: Z23,CO,45,45,,N381,N381,,45,,N381,,ANTHEM BCBS HEALTHCARE SOLUTIONS,mco_medicaid,PRIMARY,580.06,347.88,0.6,1699037499,0,6
3633,5,24,2369855,17475,90460,vaccine_administration,HC,,,,,,6,150,135.42,06-06-2025,06-06-2025,15-07-2025,11-07-2025,"{""icd_10"": {""1"": ""Z00.129"", ""2"": ""Z23"", ""3"": ""R09.81"", ""4"": ""R05.1""}, ""procedures"": {""1"": ""2""}, ""actual_procedures"": {""1"": ""Z23""}}",1: Z23,CO,45,45,,N381,N381,,45,,N381,,ANTHEM BCBS HEALTHCARE SOLUTIONS,mco_medicaid,PRIMARY,580.06,347.88,0.6,1699037499,0,6
3633,6,25,2369855,17475,90647,vaccine,HC,,,,,,0,0.01,0,06-06-2025,06-06-2025,15-07-2025,11-07-2025,"{""icd_10"": {""1"": ""Z00.129"", ""2"": ""Z23"", ""3"": ""R09.81"", ""4"": ""R05.1""}, ""procedures"": {""1"": ""2""}, ""actual_procedures"": {""1"": ""Z23""}}",1: Z23,CO,45,45,,N381,N381,,45,,N381,,ANTHEM BCBS HEALTHCARE SOLUTIONS,mco_medicaid,PRIMARY,580.06,347.88,0.6,1699037499,0,6
3633,7,26,2369855,17475,90472,vaccine_administration,HC,,,,,,2,50,23.12,06-06-2025,06-06-2025,15-07-2025,11-07-2025,"{""icd_10"": {""1"": ""Z00.129"", ""2"": ""Z23"", ""3"": ""R09.81"", ""4"": ""R05.1""}, ""procedures"": {""1"": ""2""}, ""actual_procedures"": {""1"": ""Z23""}}",1: Z23,CO,45,45,,N381,N381,,45,,N381,,ANTHEM BCBS HEALTHCARE SOLUTIONS,mco_medicaid,PRIMARY,580.06,347.88,0.6,1699037499,0,6
3633,8,27,2369855,17475,90713,vaccine,HC,,,,,,1,0.01,0.01,06-06-2025,06-06-2025,15-07-2025,11-07-2025,"{""icd_10"": {""1"": ""Z00.129"", ""2"": ""Z23"", ""3"": ""R09.81"", ""4"": ""R05.1""}, ""procedures"": {""1"": ""2""}, ""actual_procedures"": {""1"": ""Z23""}}",1: Z23,,,,,,,,,,,,ANTHEM BCBS HEALTHCARE SOLUTIONS,mco_medicaid,PRIMARY,580.06,347.88,0.6,1699037499,0,6
3633,9,28,2369855,17475,90743,vaccine,HC,,,,,,0,0.01,0,06-06-2025,06-06-2025,15-07-2025,11-07-2025,"{""icd_10"": {""1"": ""Z00.129"", ""2"": ""Z23"", ""3"": ""R09.81"", ""4"": ""R05.1""}, ""procedures"": {""1"": ""2""}, ""actual_procedures"": {""1"": ""Z23""}}",1: Z23,CO,97,97,,N19,N19,,97,,N19,,ANTHEM BCBS HEALTHCARE SOLUTIONS,mco_medicaid,PRIMARY,580.06,347.88,0.6,1699037499,0,6
